id_venda;data_venda;cliente_id;produto_id;vendedor_responsavel_id;canal_venda;quantidade;preco_unitario;valor_bruto;desconto_percentual;valor_desconto;valor_liquido;custo_total;lucro_bruto;margem_percentual;forma_pagamento;parcelas;status;cidade_entrega;estado_entrega;centro_custo;observacoes
VEN0001;2025-08-01;CLI114;PROD019;FUN024;E-commerce;2;257.17;514.34;0.0;0.0;514.34;302.0;212.34;41.3;Boleto;1;Concluída;Osasco;SP;CC-COMERCIAL;Venda regular.
VEN0002;2025-08-01;CLI118;PROD077;FUN024;Loja Física;3;177.76;533.28;0.0;0.0;533.28;195.0;338.28;63.4;PIX;6;Concluída;Guarulhos;SP;CC-COMERCIAL;Venda regular.
VEN0003;2025-08-05;CLI043;PROD011;FUN036;WhatsApp;1;283.61;283.61;0.0;0.0;283.61;127.0;156.61;55.2;PIX;6;Concluída;Guarulhos;SP;CC-COMERCIAL;Venda regular.
VEN0004;2025-08-05;CLI042;PROD011;FUN036;E-commerce;1;283.61;283.61;0.0;0.0;283.61;127.0;156.61;55.2;PIX;1;Concluída;São Bernardo;SP;CC-COMERCIAL;Venda regular.
VEN0005;2025-08-05;CLI081;PROD072;FUN025;Loja Física;3;145.08;435.24;0.0;0.0;435.24;156.0;279.24;64.2;Boleto;6;Devolvida;São Bernardo;SP;CC-COMERCIAL;Venda regular.
VEN0006;2025-08-06;CLI112;PROD048;FUN034;E-commerce;3;85.11;255.33;0.0;0.0;255.33;108.0;147.33;57.7;Boleto;1;Concluída;Guarulhos;SP;CC-COMERCIAL;Venda regular.
VEN0007;2025-08-06;CLI101;PROD003;FUN028;Loja Física;1;160.15;160.15;0.0;0.0;160.15;71.0;89.15;55.7;Cartão de Débito;2;Concluída;Santo André;SP;CC-COMERCIAL;Venda regular.
VEN0008;2025-08-07;CLI074;PROD038;FUN035;WhatsApp;1;137.27;137.27;0.0;0.0;137.27;60.0;77.27;56.3;Cartão de Crédito;1;Concluída;Osasco;SP;CC-COMERCIAL;Venda regular.
VEN0009;2025-08-08;CLI053;PROD068;FUN024;E-commerce;1;318.09;318.09;5.0;15.9;302.19;122.0;180.19;59.6;Cartão de Crédito;2;Concluída;São Bernardo;SP;CC-COMERCIAL;Venda regular.
VEN0010;2025-08-08;CLI074;PROD059;FUN023;E-commerce;2;73.44;146.88;5.0;7.34;139.54;60.0;79.54;57.0;Cartão de Crédito;4;Concluída;Osasco;SP;CC-COMERCIAL;Venda regular.
VEN0011;2025-08-08;CLI112;PROD015;FUN030;E-commerce;3;304.13;912.39;0.0;0.0;0.0;336.0;0.0;0.0;Cartão de Crédito;1;Cancelada;Guarulhos;SP;CC-COMERCIAL;Venda regular.
VEN0012;2025-08-09;CLI116;PROD039;FUN038;E-commerce;1;57.26;57.26;5.0;2.86;0.0;27.0;0.0;0.0;Cartão de Crédito;4;Cancelada;São Bernardo;SP;CC-COMERCIAL;Venda regular.
VEN0013;2025-08-09;CLI112;PROD042;FUN035;Loja Física;1;109.51;109.51;0.0;0.0;0.0;59.0;0.0;0.0;PIX;1;Cancelada;Guarulhos;SP;CC-COMERCIAL;Venda regular.
VEN0014;2025-08-09;CLI112;PROD021;FUN037;Loja Física;2;369.09;738.18;0.0;0.0;0.0;360.0;0.0;0.0;Cartão de Crédito;2;Cancelada;Guarulhos;SP;CC-COMERCIAL;Venda regular.
VEN0015;2025-08-10;CLI104;PROD037;FUN029;Loja Física;2;465.86;931.72;0.0;0.0;931.72;346.0;585.72;62.9;Cartão de Débito;1;Concluída;São Paulo;SP;CC-COMERCIAL;Venda regular.
VEN0016;2025-08-11;CLI035;PROD029;FUN030;E-commerce;1;298.41;298.41;0.0;0.0;298.41;168.0;130.41;43.7;Cartão de Débito;6;Concluída;São Paulo;SP;CC-COMERCIAL;Venda regular.
VEN0017;2025-08-12;CLI002;PROD012;FUN033;Loja Física;1;384.61;384.61;0.0;0.0;384.61;145.0;239.61;62.3;Boleto;6;Devolvida;São Paulo;SP;CC-COMERCIAL;Venda regular.
VEN0018;2025-08-12;CLI042;PROD025;FUN038;Loja Física;1;225.1;225.1;5.0;11.26;213.84;120.0;93.84;43.9;Boleto;3;Devolvida;São Bernardo;SP;CC-COMERCIAL;Venda regular.
VEN0019;2025-08-12;CLI035;PROD031;FUN036;E-commerce;3;172.09;516.27;0.0;0.0;516.27;297.0;219.27;42.5;Cartão de Crédito;6;Devolvida;São Paulo;SP;CC-COMERCIAL;Venda regular.
VEN0020;2025-08-12;CLI022;PROD050;FUN021;Loja Física;2;321.78;643.56;0.0;0.0;643.56;340.0;303.56;47.2;Boleto;2;Concluída;São Paulo;SP;CC-COMERCIAL;Venda regular.
VEN0021;2025-08-12;CLI035;PROD054;FUN026;Loja Física;2;314.36;628.72;0.0;0.0;628.72;356.0;272.72;43.4;Cartão de Crédito;6;Concluída;São Paulo;SP;CC-COMERCIAL;Venda regular.
VEN0022;2025-08-13;CLI002;PROD026;FUN028;Loja Física;1;184.7;184.7;0.0;0.0;0.0;86.0;0.0;0.0;Cartão de Débito;1;Cancelada;São Paulo;SP;CC-COMERCIAL;Venda regular.
VEN0023;2025-08-13;CLI035;PROD024;FUN026;Loja Física;3;120.51;361.53;0.0;0.0;0.0;204.0;0.0;0.0;Boleto;1;Cancelada;São Paulo;SP;CC-COMERCIAL;Venda regular.
VEN0024;2025-08-13;CLI074;PROD049;FUN021;WhatsApp;2;57.41;114.82;0.0;0.0;0.0;54.0;0.0;0.0;Cartão de Débito;1;Cancelada;Osasco;SP;CC-COMERCIAL;Venda regular.
VEN0025;2025-08-13;CLI112;PROD043;FUN036;Loja Física;1;124.41;124.41;0.0;0.0;124.41;72.0;52.41;42.1;PIX;6;Concluída;Guarulhos;SP;CC-COMERCIAL;Venda regular.
VEN0026;2025-08-14;CLI116;PROD009;FUN030;E-commerce;2;160.97;321.94;0.0;0.0;321.94;128.0;193.94;60.2;Boleto;1;Concluída;São Bernardo;SP;CC-COMERCIAL;Venda regular.
VEN0027;2025-08-15;CLI046;PROD060;FUN035;E-commerce;1;355.5;355.5;0.0;0.0;355.5;157.0;198.5;55.8;PIX;1;Concluída;São Bernardo;SP;CC-COMERCIAL;Venda regular.
VEN0028;2025-08-15;CLI033;PROD029;FUN033;Loja Física;2;298.41;596.82;0.0;0.0;596.82;336.0;260.82;43.7;Cartão de Crédito;2;Concluída;Santo André;SP;CC-COMERCIAL;Venda regular.
VEN0029;2025-08-16;CLI074;PROD041;FUN031;E-commerce;3;261.74;785.22;0.0;0.0;785.22;396.0;389.22;49.6;Cartão de Crédito;1;Devolvida;Osasco;SP;CC-COMERCIAL;Venda regular.
VEN0030;2025-08-16;CLI043;PROD026;FUN025;Loja Física;1;184.7;184.7;5.0;9.23;175.47;86.0;89.47;51.0;Boleto;1;Devolvida;Guarulhos;SP;CC-COMERCIAL;Venda regular.
VEN0031;2025-08-17;CLI044;PROD079;FUN033;Loja Física;1;293.22;293.22;0.0;0.0;293.22;123.0;170.22;58.1;PIX;6;Concluída;Osasco;SP;CC-COMERCIAL;Venda regular.
VEN0032;2025-08-19;CLI022;PROD003;FUN029;Loja Física;1;160.15;160.15;0.0;0.0;160.15;71.0;89.15;55.7;Cartão de Crédito;6;Concluída;São Paulo;SP;CC-COMERCIAL;Venda regular.
VEN0033;2025-08-19;CLI069;PROD002;FUN025;E-commerce;1;386.26;386.26;0.0;0.0;386.26;147.0;239.26;61.9;Cartão de Crédito;6;Concluída;São Bernardo;SP;CC-COMERCIAL;Venda regular.
VEN0034;2025-08-19;CLI044;PROD015;FUN026;E-commerce;3;304.13;912.39;5.0;45.62;866.77;336.0;530.77;61.2;PIX;1;Concluída;Osasco;SP;CC-COMERCIAL;Venda regular.
VEN0035;2025-08-19;CLI073;PROD019;FUN038;WhatsApp;2;257.17;514.34;0.0;0.0;0.0;302.0;0.0;0.0;Cartão de Débito;1;Cancelada;Barueri;SP;CC-COMERCIAL;Venda regular.
VEN0036;2025-08-19;CLI101;PROD028;FUN030;WhatsApp;1;294.47;294.47;0.0;0.0;294.47;121.0;173.47;58.9;Boleto;1;Concluída;Santo André;SP;CC-COMERCIAL;Venda regular.
VEN0037;2025-08-21;CLI105;PROD051;FUN027;E-commerce;1;366.05;366.05;5.0;18.3;347.75;179.0;168.75;48.5;PIX;1;Concluída;Guarulhos;SP;CC-COMERCIAL;Venda regular.
VEN0038;2025-08-21;CLI053;PROD005;FUN028;Loja Física;1;159.53;159.53;0.0;0.0;159.53;62.0;97.53;61.1;Cartão de Crédito;1;Concluída;São Bernardo;SP;CC-COMERCIAL;Venda regular.
VEN0039;2025-08-22;CLI052;PROD040;FUN037;E-commerce;1;216.48;216.48;5.0;10.82;205.66;92.0;113.66;55.3;PIX;1;Concluída;São Paulo;SP;CC-COMERCIAL;Venda regular.
VEN0040;2025-08-22;CLI025;PROD008;FUN032;E-commerce;1;374.42;374.42;0.0;0.0;374.42;152.0;222.42;59.4;Cartão de Crédito;1;Concluída;Osasco;SP;CC-COMERCIAL;Venda regular.
VEN0041;2025-08-22;CLI002;PROD038;FUN027;WhatsApp;1;137.27;137.27;0.0;0.0;137.27;60.0;77.27;56.3;Cartão de Crédito;1;Concluída;São Paulo;SP;CC-COMERCIAL;Venda regular.
VEN0042;2025-08-23;CLI002;PROD056;FUN037;E-commerce;2;129.22;258.44;0.0;0.0;258.44;146.0;112.44;43.5;Cartão de Crédito;3;Concluída;São Paulo;SP;CC-COMERCIAL;Venda regular.
VEN0043;2025-08-23;CLI081;PROD053;FUN030;Loja Física;2;369.45;738.9;0.0;0.0;738.9;330.0;408.9;55.3;Cartão de Débito;1;Concluída;São Bernardo;SP;CC-COMERCIAL;Venda regular.
VEN0044;2025-08-24;CLI113;PROD011;FUN028;E-commerce;1;283.61;283.61;0.0;0.0;283.61;127.0;156.61;55.2;Cartão de Débito;4;Concluída;São Paulo;SP;CC-COMERCIAL;Venda regular.
VEN0045;2025-08-24;CLI104;PROD012;FUN033;Loja Física;1;384.61;384.61;0.0;0.0;0.0;145.0;0.0;0.0;Cartão de Débito;1;Cancelada;São Paulo;SP;CC-COMERCIAL;Venda regular.
VEN0046;2025-08-26;CLI043;PROD006;FUN034;Loja Física;2;76.32;152.64;5.0;7.63;145.01;70.0;75.01;51.7;Boleto;1;Concluída;Guarulhos;SP;CC-COMERCIAL;Venda regular.
VEN0047;2025-08-26;CLI116;PROD064;FUN028;E-commerce;3;241.43;724.29;0.0;0.0;724.29;324.0;400.29;55.3;Cartão de Crédito;1;Concluída;São Bernardo;SP;CC-COMERCIAL;Venda regular.
VEN0048;2025-08-27;CLI033;PROD030;FUN038;E-commerce;2;102.21;204.42;0.0;0.0;204.42;78.0;126.42;61.8;PIX;1;Concluída;Santo André;SP;CC-COMERCIAL;Venda regular.
VEN0049;2025-08-27;CLI043;PROD032;FUN026;Loja Física;2;222.05;444.1;0.0;0.0;444.1;250.0;194.1;43.7;Cartão de Débito;1;Concluída;Guarulhos;SP;CC-COMERCIAL;Venda regular.
VEN0050;2025-08-27;CLI053;PROD072;FUN023;Loja Física;2;145.08;290.16;0.0;0.0;290.16;104.0;186.16;64.2;Cartão de Débito;4;Concluída;São Bernardo;SP;CC-COMERCIAL;Venda regular.
VEN0051;2025-08-29;CLI114;PROD034;FUN030;E-commerce;2;164.97;329.94;0.0;0.0;329.94;178.0;151.94;46.1;Boleto;1;Concluída;Osasco;SP;CC-COMERCIAL;Venda regular.
VEN0052;2025-08-29;CLI101;PROD052;FUN022;Loja Física;2;232.1;464.2;0.0;0.0;464.2;248.0;216.2;46.6;Cartão de Crédito;2;Concluída;Santo André;SP;CC-COMERCIAL;Venda regular.
VEN0053;2025-08-30;CLI101;PROD018;FUN038;E-commerce;3;160.85;482.55;0.0;0.0;0.0;279.0;0.0;0.0;PIX;1;Cancelada;Santo André;SP;CC-COMERCIAL;Venda regular.
VEN0054;2025-08-30;CLI032;PROD040;FUN022;E-commerce;2;216.48;432.96;0.0;0.0;432.96;184.0;248.96;57.5;PIX;6;Concluída;São Bernardo;SP;CC-COMERCIAL;Venda regular.
VEN0055;2025-08-30;CLI111;PROD039;FUN032;Loja Física;1;57.26;57.26;0.0;0.0;0.0;27.0;0.0;0.0;Cartão de Crédito;6;Cancelada;Guarulhos;SP;CC-COMERCIAL;Venda regular.
VEN0056;2025-08-31;CLI035;PROD025;FUN027;E-commerce;1;225.1;225.1;0.0;0.0;0.0;120.0;0.0;0.0;PIX;2;Cancelada;São Paulo;SP;CC-COMERCIAL;Venda regular.
VEN0057;2025-08-31;CLI002;PROD068;FUN030;E-commerce;1;318.09;318.09;5.0;15.9;0.0;122.0;0.0;0.0;Boleto;3;Cancelada;São Paulo;SP;CC-COMERCIAL;Venda regular.
VEN0058;2025-09-01;CLI105;PROD023;FUN023;E-commerce;2;481.91;963.82;0.0;0.0;963.82;354.0;609.82;63.3;Cartão de Débito;1;Devolvida;Guarulhos;SP;CC-COMERCIAL;Venda regular.
VEN0059;2025-09-02;CLI081;PROD018;FUN037;E-commerce;1;160.85;160.85;0.0;0.0;0.0;93.0;0.0;0.0;Cartão de Crédito;1;Cancelada;São Bernardo;SP;CC-COMERCIAL;Venda regular.
VEN0060;2025-09-03;CLI040;PROD027;FUN033;Loja Física;3;74.8;224.4;0.0;0.0;224.4;84.0;140.4;62.6;PIX;1;Concluída;São Bernardo;SP;CC-COMERCIAL;Venda regular.
VEN0061;2025-09-03;CLI074;PROD039;FUN021;E-commerce;2;57.26;114.52;5.0;5.73;108.79;54.0;54.79;50.4;Cartão de Crédito;2;Concluída;Osasco;SP;CC-COMERCIAL;Venda regular.
VEN0062;2025-09-03;CLI036;PROD023;FUN033;Loja Física;1;481.91;481.91;0.0;0.0;481.91;177.0;304.91;63.3;PIX;6;Concluída;Guarulhos;SP;CC-COMERCIAL;Venda regular.
VEN0063;2025-09-03;CLI071;PROD043;FUN032;Loja Física;2;124.41;248.82;0.0;0.0;248.82;144.0;104.82;42.1;Boleto;1;Concluída;São Paulo;SP;CC-COMERCIAL;Venda regular.
VEN0064;2025-09-03;CLI044;PROD078;FUN028;E-commerce;1;300.12;300.12;0.0;0.0;300.12;136.0;164.12;54.7;Boleto;2;Concluída;Osasco;SP;CC-COMERCIAL;Venda regular.
VEN0065;2025-09-03;CLI044;PROD054;FUN027;Loja Física;2;314.36;628.72;0.0;0.0;628.72;356.0;272.72;43.4;Boleto;6;Concluída;Osasco;SP;CC-COMERCIAL;Venda regular.
VEN0066;2025-09-04;CLI100;PROD037;FUN024;WhatsApp;1;465.86;465.86;5.0;23.29;442.57;173.0;269.57;60.9;PIX;6;Devolvida;Santo André;SP;CC-COMERCIAL;Venda regular.
VEN0067;2025-09-04;CLI070;PROD016;FUN027;WhatsApp;2;208.07;416.14;0.0;0.0;416.14;198.0;218.14;52.4;Cartão de Crédito;1;Concluída;São Bernardo;SP;CC-COMERCIAL;Venda regular.
VEN0068;2025-09-05;CLI112;PROD066;FUN025;Loja Física;2;204.6;409.2;0.0;0.0;409.2;160.0;249.2;60.9;Cartão de Crédito;2;Concluída;Guarulhos;SP;CC-COMERCIAL;Venda regular.
VEN0069;2025-09-06;CLI030;PROD038;FUN037;E-commerce;3;137.27;411.81;0.0;0.0;411.81;180.0;231.81;56.3;PIX;1;Concluída;São Bernardo;SP;CC-COMERCIAL;Venda regular.
VEN0070;2025-09-06;CLI081;PROD049;FUN029;E-commerce;2;57.41;114.82;0.0;0.0;0.0;54.0;0.0;0.0;Boleto;4;Cancelada;São Bernardo;SP;CC-COMERCIAL;Venda regular.
VEN0071;2025-09-06;CLI042;PROD069;FUN036;Loja Física;2;201.84;403.68;0.0;0.0;403.68;210.0;193.68;48.0;PIX;3;Concluída;São Bernardo;SP;CC-COMERCIAL;Venda regular.
VEN0072;2025-09-07;CLI074;PROD001;FUN029;Loja Física;1;144.71;144.71;0.0;0.0;144.71;67.0;77.71;53.7;PIX;6;Devolvida;Osasco;SP;CC-COMERCIAL;Venda regular.
VEN0073;2025-09-07;CLI034;PROD002;FUN029;Loja Física;1;386.26;386.26;0.0;0.0;386.26;147.0;239.26;61.9;Cartão de Crédito;2;Devolvida;Guarulhos;SP;CC-COMERCIAL;Venda regular.
VEN0074;2025-09-09;CLI046;PROD017;FUN025;WhatsApp;3;252.12;756.36;0.0;0.0;756.36;369.0;387.36;51.2;Cartão de Crédito;3;Concluída;São Bernardo;SP;CC-COMERCIAL;Venda regular.
VEN0075;2025-09-09;CLI116;PROD007;FUN027;E-commerce;1;239.77;239.77;0.0;0.0;239.77;138.0;101.77;42.4;Cartão de Débito;6;Concluída;São Bernardo;SP;CC-COMERCIAL;Venda regular.
VEN0076;2025-09-09;CLI082;PROD002;FUN021;WhatsApp;1;386.26;386.26;0.0;0.0;386.26;147.0;239.26;61.9;PIX;1;Concluída;Santo André;SP;CC-COMERCIAL;Venda regular.
VEN0077;2025-09-09;CLI116;PROD024;FUN036;WhatsApp;1;120.51;120.51;0.0;0.0;120.51;68.0;52.51;43.6;Cartão de Crédito;1;Devolvida;São Bernardo;SP;CC-COMERCIAL;Venda regular.
VEN0078;2025-09-10;CLI060;PROD003;FUN039;E-commerce;4;160.15;640.6;0.0;0.0;640.6;284.0;356.6;55.7;PIX;1;Concluída;Barueri;SP;CC-COMERCIAL;Venda regular.
VEN0079;2025-09-10;CLI006;PROD027;FUN021;Loja Física;1;74.8;74.8;5.0;3.74;71.06;28.0;43.06;60.6;PIX;2;Concluída;São Paulo;SP;CC-COMERCIAL;Venda regular.
VEN0080;2025-09-11;CLI036;PROD075;FUN026;E-commerce;3;308.83;926.49;0.0;0.0;926.49;468.0;458.49;49.5;Cartão de Débito;1;Concluída;Guarulhos;SP;CC-COMERCIAL;Venda regular.
VEN0081;2025-09-12;CLI114;PROD002;FUN029;Loja Física;2;386.26;772.52;0.0;0.0;772.52;294.0;478.52;61.9;Cartão de Crédito;1;Concluída;Osasco;SP;CC-COMERCIAL;Venda regular.
VEN0082;2025-09-13;CLI044;PROD022;FUN033;E-commerce;2;162.46;324.92;0.0;0.0;324.92;136.0;188.92;58.1;PIX;1;Concluída;Osasco;SP;CC-COMERCIAL;Venda regular.
VEN0083;2025-09-14;CLI086;PROD051;FUN037;Loja Física;1;366.05;366.05;0.0;0.0;366.05;179.0;187.05;51.1;PIX;1;Concluída;Santo André;SP;CC-COMERCIAL;Venda regular.
VEN0084;2025-09-14;CLI046;PROD021;FUN021;Loja Física;1;369.09;369.09;0.0;0.0;369.09;180.0;189.09;51.2;Cartão de Crédito;1;Concluída;São Bernardo;SP;CC-COMERCIAL;Venda regular.
VEN0085;2025-09-14;CLI042;PROD075;FUN022;Loja Física;1;308.83;308.83;0.0;0.0;308.83;156.0;152.83;49.5;Boleto;6;Concluída;São Bernardo;SP;CC-COMERCIAL;Venda regular.
VEN0086;2025-09-15;CLI053;PROD035;FUN037;Loja Física;1;87.94;87.94;5.0;4.4;83.54;32.0;51.54;61.7;PIX;4;Devolvida;São Bernardo;SP;CC-COMERCIAL;Venda regular.
VEN0087;2025-09-15;CLI002;PROD077;FUN027;Loja Física;1;177.76;177.76;0.0;0.0;177.76;65.0;112.76;63.4;Cartão de Crédito;3;Concluída;São Paulo;SP;CC-COMERCIAL;Venda regular.
VEN0088;2025-09-15;CLI114;PROD001;FUN029;Loja Física;2;144.71;289.42;0.0;0.0;289.42;134.0;155.42;53.7;PIX;1;Concluída;Osasco;SP;CC-COMERCIAL;Venda regular.
VEN0089;2025-09-16;CLI049;PROD015;FUN023;Loja Física;2;304.13;608.26;0.0;0.0;608.26;224.0;384.26;63.2;PIX;1;Concluída;Barueri;SP;CC-COMERCIAL;Venda regular.
VEN0090;2025-09-16;CLI041;PROD039;FUN039;Loja Física;1;57.26;57.26;0.0;0.0;57.26;27.0;30.26;52.8;Cartão de Crédito;1;Concluída;Osasco;SP;CC-COMERCIAL;Venda regular.
VEN0091;2025-09-17;CLI060;PROD039;FUN030;E-commerce;3;57.26;171.78;0.0;0.0;171.78;81.0;90.78;52.8;Boleto;3;Concluída;Barueri;SP;CC-COMERCIAL;Venda regular.
VEN0092;2025-09-18;CLI112;PROD080;FUN034;WhatsApp;1;139.03;139.03;0.0;0.0;139.03;80.0;59.03;42.5;Cartão de Débito;1;Devolvida;Guarulhos;SP;CC-COMERCIAL;Venda regular.
VEN0093;2025-09-18;CLI044;PROD023;FUN030;WhatsApp;1;481.91;481.91;0.0;0.0;481.91;177.0;304.91;63.3;Cartão de Débito;3;Concluída;Osasco;SP;CC-COMERCIAL;Venda regular.
VEN0094;2025-09-19;CLI010;PROD051;FUN035;E-commerce;1;366.05;366.05;0.0;0.0;366.05;179.0;187.05;51.1;Cartão de Débito;1;Devolvida;Santo André;SP;CC-COMERCIAL;Venda regular.
VEN0095;2025-09-20;CLI091;PROD030;FUN037;Loja Física;1;102.21;102.21;0.0;0.0;0.0;39.0;0.0;0.0;PIX;2;Cancelada;Guarulhos;SP;CC-COMERCIAL;Venda regular.
VEN0096;2025-09-20;CLI024;PROD025;FUN027;E-commerce;1;225.1;225.1;0.0;0.0;225.1;120.0;105.1;46.7;Cartão de Débito;3;Concluída;Guarulhos;SP;CC-COMERCIAL;Venda regular.
VEN0097;2025-09-20;CLI043;PROD025;FUN031;E-commerce;1;225.1;225.1;0.0;0.0;225.1;120.0;105.1;46.7;Cartão de Crédito;1;Devolvida;Guarulhos;SP;CC-COMERCIAL;Venda regular.
VEN0098;2025-09-21;CLI043;PROD015;FUN039;WhatsApp;1;304.13;304.13;5.0;15.21;288.92;112.0;176.92;61.2;Cartão de Débito;1;Concluída;Guarulhos;SP;CC-COMERCIAL;Venda regular.
VEN0099;2025-09-21;CLI013;PROD015;FUN038;WhatsApp;1;304.13;304.13;0.0;0.0;304.13;112.0;192.13;63.2;Cartão de Crédito;1;Devolvida;Osasco;SP;CC-COMERCIAL;Venda regular.
VEN0100;2025-09-22;CLI119;PROD078;FUN031;Loja Física;1;300.12;300.12;0.0;0.0;0.0;136.0;0.0;0.0;Cartão de Débito;2;Cancelada;Osasco;SP;CC-COMERCIAL;Venda regular.
VEN0101;2025-09-23;CLI104;PROD034;FUN027;Loja Física;1;164.97;164.97;0.0;0.0;164.97;89.0;75.97;46.1;Boleto;4;Concluída;São Paulo;SP;CC-COMERCIAL;Venda regular.
VEN0102;2025-09-23;CLI046;PROD065;FUN036;E-commerce;1;277.85;277.85;0.0;0.0;277.85;147.0;130.85;47.1;Cartão de Crédito;2;Concluída;São Bernardo;SP;CC-COMERCIAL;Venda regular.
VEN0103;2025-09-24;CLI052;PROD051;FUN031;WhatsApp;1;366.05;366.05;0.0;0.0;366.05;179.0;187.05;51.1;PIX;2;Devolvida;São Paulo;SP;CC-COMERCIAL;Venda regular.
VEN0104;2025-09-24;CLI024;PROD047;FUN032;E-commerce;1;190.31;190.31;0.0;0.0;190.31;72.0;118.31;62.2;Cartão de Débito;1;Concluída;Guarulhos;SP;CC-COMERCIAL;Venda regular.
VEN0105;2025-09-24;CLI006;PROD002;FUN028;E-commerce;3;386.26;1158.78;0.0;0.0;1158.78;441.0;717.78;61.9;Boleto;4;Concluída;São Paulo;SP;CC-COMERCIAL;Venda regular.
VEN0106;2025-09-24;CLI110;PROD037;FUN030;Loja Física;1;465.86;465.86;5.0;23.29;0.0;173.0;0.0;0.0;Cartão de Crédito;1;Cancelada;Osasco;SP;CC-COMERCIAL;Venda regular.
VEN0107;2025-09-24;CLI044;PROD029;FUN028;Loja Física;1;298.41;298.41;0.0;0.0;298.41;168.0;130.41;43.7;Boleto;2;Concluída;Osasco;SP;CC-COMERCIAL;Venda regular.
VEN0108;2025-09-25;CLI006;PROD022;FUN032;Loja Física;2;162.46;324.92;0.0;0.0;324.92;136.0;188.92;58.1;Cartão de Débito;2;Concluída;São Paulo;SP;CC-COMERCIAL;Venda regular.
VEN0109;2025-09-25;CLI092;PROD073;FUN028;Loja Física;1;188.38;188.38;0.0;0.0;188.38;77.0;111.38;59.1;Cartão de Crédito;1;Concluída;São Paulo;SP;CC-COMERCIAL;Venda regular.
VEN0110;2025-09-26;CLI074;PROD005;FUN026;Loja Física;1;159.53;159.53;0.0;0.0;159.53;62.0;97.53;61.1;Cartão de Débito;1;Concluída;Osasco;SP;CC-COMERCIAL;Venda regular.
VEN0111;2025-09-26;CLI104;PROD030;FUN037;E-commerce;1;102.21;102.21;0.0;0.0;0.0;39.0;0.0;0.0;Boleto;1;Cancelada;São Paulo;SP;CC-COMERCIAL;Venda regular.
VEN0112;2025-09-26;CLI001;PROD016;FUN025;E-commerce;1;208.07;208.07;0.0;0.0;208.07;99.0;109.07;52.4;Cartão de Crédito;1;Concluída;Barueri;SP;CC-COMERCIAL;Venda regular.
VEN0113;2025-09-27;CLI081;PROD007;FUN031;E-commerce;1;239.77;239.77;0.0;0.0;0.0;138.0;0.0;0.0;Cartão de Crédito;6;Cancelada;São Bernardo;SP;CC-COMERCIAL;Venda regular.
VEN0114;2025-09-28;CLI034;PROD042;FUN022;E-commerce;2;109.51;219.02;0.0;0.0;219.02;118.0;101.02;46.1;Cartão de Débito;3;Concluída;Guarulhos;SP;CC-COMERCIAL;Venda regular.
VEN0115;2025-09-29;CLI074;PROD027;FUN032;E-commerce;2;74.8;149.6;0.0;0.0;149.6;56.0;93.6;62.6;Cartão de Débito;4;Concluída;Osasco;SP;CC-COMERCIAL;Venda regular.
VEN0116;2025-09-29;CLI042;PROD009;FUN021;Loja Física;3;160.97;482.91;0.0;0.0;0.0;192.0;0.0;0.0;Cartão de Débito;2;Cancelada;São Bernardo;SP;CC-COMERCIAL;Venda regular.
VEN0117;2025-09-29;CLI104;PROD033;FUN030;E-commerce;2;158.79;317.58;0.0;0.0;317.58;126.0;191.58;60.3;Boleto;1;Concluída;São Paulo;SP;CC-COMERCIAL;Venda regular.
VEN0118;2025-09-29;CLI002;PROD074;FUN026;Loja Física;2;145.05;290.1;0.0;0.0;290.1;146.0;144.1;49.7;Boleto;1;Concluída;São Paulo;SP;CC-COMERCIAL;Venda regular.
VEN0119;2025-09-29;CLI013;PROD005;FUN031;Loja Física;1;159.53;159.53;5.0;7.98;151.55;62.0;89.55;59.1;PIX;1;Concluída;Osasco;SP;CC-COMERCIAL;Venda regular.
VEN0120;2025-09-29;CLI037;PROD001;FUN023;E-commerce;1;144.71;144.71;0.0;0.0;144.71;67.0;77.71;53.7;Boleto;2;Concluída;São Bernardo;SP;CC-COMERCIAL;Venda regular.
VEN0121;2025-09-29;CLI083;PROD049;FUN023;E-commerce;1;57.41;57.41;0.0;0.0;57.41;27.0;30.41;53.0;Cartão de Débito;6;Concluída;São Paulo;SP;CC-COMERCIAL;Venda regular.
VEN0122;2025-09-29;CLI060;PROD032;FUN033;Loja Física;2;222.05;444.1;5.0;22.21;421.89;250.0;171.89;40.7;Cartão de Crédito;1;Concluída;Barueri;SP;CC-COMERCIAL;Venda regular.
VEN0123;2025-09-30;CLI109;PROD078;FUN032;E-commerce;1;300.12;300.12;0.0;0.0;300.12;136.0;164.12;54.7;PIX;1;Concluída;São Bernardo;SP;CC-COMERCIAL;Venda regular.
VEN0124;2025-09-30;CLI049;PROD043;FUN022;E-commerce;2;124.41;248.82;0.0;0.0;248.82;144.0;104.82;42.1;Boleto;2;Devolvida;Barueri;SP;CC-COMERCIAL;Venda regular.
VEN0125;2025-09-30;CLI043;PROD052;FUN038;Loja Física;3;232.1;696.3;0.0;0.0;696.3;372.0;324.3;46.6;Cartão de Crédito;2;Concluída;Guarulhos;SP;CC-COMERCIAL;Venda regular.
VEN0126;2025-09-30;CLI053;PROD035;FUN030;WhatsApp;2;87.94;175.88;0.0;0.0;175.88;64.0;111.88;63.6;Cartão de Débito;1;Concluída;São Bernardo;SP;CC-COMERCIAL;Venda regular.
VEN0127;2025-10-01;CLI043;PROD011;FUN039;Loja Física;1;283.61;283.61;5.0;14.18;0.0;127.0;0.0;0.0;PIX;1;Cancelada;Guarulhos;SP;CC-COMERCIAL;Venda regular.
VEN0128;2025-10-01;CLI053;PROD036;FUN026;E-commerce;1;281.02;281.02;0.0;0.0;281.02;119.0;162.02;57.7;PIX;1;Concluída;São Bernardo;SP;CC-COMERCIAL;Venda regular.
VEN0129;2025-10-02;CLI081;PROD078;FUN036;Loja Física;1;300.12;300.12;0.0;0.0;300.12;136.0;164.12;54.7;Cartão de Crédito;6;Concluída;São Bernardo;SP;CC-COMERCIAL;Venda regular.
VEN0130;2025-10-03;CLI075;PROD026;FUN024;Loja Física;3;184.7;554.1;0.0;0.0;0.0;258.0;0.0;0.0;Cartão de Crédito;1;Cancelada;São Paulo;SP;CC-COMERCIAL;Venda regular.
VEN0131;2025-10-03;CLI052;PROD031;FUN039;E-commerce;2;172.09;344.18;0.0;0.0;344.18;198.0;146.18;42.5;Boleto;4;Devolvida;São Paulo;SP;CC-COMERCIAL;Venda regular.
VEN0132;2025-10-03;CLI002;PROD028;FUN027;Loja Física;1;294.47;294.47;0.0;0.0;294.47;121.0;173.47;58.9;Cartão de Crédito;2;Concluída;São Paulo;SP;CC-COMERCIAL;Venda regular.
VEN0133;2025-10-04;CLI116;PROD028;FUN037;WhatsApp;1;294.47;294.47;0.0;0.0;294.47;121.0;173.47;58.9;PIX;1;Concluída;São Bernardo;SP;CC-COMERCIAL;Venda regular.
VEN0134;2025-10-04;CLI049;PROD008;FUN025;Loja Física;1;374.42;374.42;0.0;0.0;0.0;152.0;0.0;0.0;Boleto;1;Cancelada;Barueri;SP;CC-COMERCIAL;Venda regular.
VEN0135;2025-10-06;CLI112;PROD027;FUN038;E-commerce;1;74.8;74.8;0.0;0.0;74.8;28.0;46.8;62.6;Boleto;2;Concluída;Guarulhos;SP;CC-COMERCIAL;Venda regular.
VEN0136;2025-10-06;CLI070;PROD023;FUN031;Loja Física;1;481.91;481.91;0.0;0.0;481.91;177.0;304.91;63.3;Cartão de Crédito;3;Concluída;São Bernardo;SP;CC-COMERCIAL;Venda regular.
VEN0137;2025-10-06;CLI052;PROD053;FUN028;Loja Física;1;369.45;369.45;0.0;0.0;369.45;165.0;204.45;55.3;Cartão de Crédito;1;Concluída;São Paulo;SP;CC-COMERCIAL;Venda regular.
VEN0138;2025-10-08;CLI006;PROD079;FUN039;Loja Física;1;293.22;293.22;0.0;0.0;0.0;123.0;0.0;0.0;Cartão de Crédito;2;Cancelada;São Paulo;SP;CC-COMERCIAL;Venda regular.
VEN0139;2025-10-08;CLI116;PROD058;FUN032;Loja Física;2;106.34;212.68;0.0;0.0;212.68;88.0;124.68;58.6;PIX;3;Concluída;São Bernardo;SP;CC-COMERCIAL;Venda regular.
VEN0140;2025-10-09;CLI112;PROD021;FUN037;Loja Física;2;369.09;738.18;0.0;0.0;0.0;360.0;0.0;0.0;PIX;1;Cancelada;Guarulhos;SP;CC-COMERCIAL;Venda regular.
VEN0141;2025-10-09;CLI060;PROD029;FUN021;Loja Física;1;298.41;298.41;0.0;0.0;298.41;168.0;130.41;43.7;Cartão de Crédito;6;Concluída;Barueri;SP;CC-COMERCIAL;Venda regular.
VEN0142;2025-10-09;CLI060;PROD022;FUN024;Loja Física;1;162.46;162.46;5.0;8.12;154.34;68.0;86.34;55.9;Boleto;1;Concluída;Barueri;SP;CC-COMERCIAL;Venda regular.
VEN0143;2025-10-10;CLI047;PROD039;FUN028;Loja Física;1;57.26;57.26;0.0;0.0;57.26;27.0;30.26;52.8;PIX;2;Concluída;São Paulo;SP;CC-COMERCIAL;Venda regular.
VEN0144;2025-10-10;CLI112;PROD068;FUN039;WhatsApp;1;318.09;318.09;0.0;0.0;0.0;122.0;0.0;0.0;Cartão de Crédito;3;Cancelada;Guarulhos;SP;CC-COMERCIAL;Venda regular.
VEN0145;2025-10-10;CLI044;PROD077;FUN039;WhatsApp;2;177.76;355.52;0.0;0.0;355.52;130.0;225.52;63.4;PIX;1;Concluída;Osasco;SP;CC-COMERCIAL;Venda regular.
VEN0146;2025-10-10;CLI043;PROD029;FUN024;WhatsApp;2;298.41;596.82;0.0;0.0;0.0;336.0;0.0;0.0;Boleto;4;Cancelada;Guarulhos;SP;CC-COMERCIAL;Venda regular.
VEN0147;2025-10-10;CLI044;PROD006;FUN032;E-commerce;2;76.32;152.64;5.0;7.63;145.01;70.0;75.01;51.7;Cartão de Débito;1;Concluída;Osasco;SP;CC-COMERCIAL;Venda regular.
VEN0148;2025-10-10;CLI049;PROD013;FUN024;Loja Física;1;144.71;144.71;5.0;7.24;137.47;75.0;62.47;45.4;Boleto;1;Concluída;Barueri;SP;CC-COMERCIAL;Venda regular.
VEN0149;2025-10-11;CLI042;PROD015;FUN021;Loja Física;1;304.13;304.13;0.0;0.0;304.13;112.0;192.13;63.2;Cartão de Débito;4;Devolvida;São Bernardo;SP;CC-COMERCIAL;Venda regular.
VEN0150;2025-10-11;CLI043;PROD010;FUN022;Loja Física;2;65.95;131.9;0.0;0.0;131.9;60.0;71.9;54.5;Boleto;2;Concluída;Guarulhos;SP;CC-COMERCIAL;Venda regular.
VEN0151;2025-10-12;CLI108;PROD017;FUN022;WhatsApp;2;252.12;504.24;0.0;0.0;0.0;246.0;0.0;0.0;Boleto;4;Cancelada;Barueri;SP;CC-COMERCIAL;Venda regular.
VEN0152;2025-10-13;CLI112;PROD013;FUN021;E-commerce;1;144.71;144.71;5.0;7.24;137.47;75.0;62.47;45.4;Cartão de Crédito;1;Concluída;Guarulhos;SP;CC-COMERCIAL;Venda regular.
VEN0153;2025-10-13;CLI038;PROD070;FUN035;E-commerce;1;110.81;110.81;0.0;0.0;110.81;48.0;62.81;56.7;Cartão de Crédito;1;Concluída;Osasco;SP;CC-COMERCIAL;Venda regular.
VEN0154;2025-10-14;CLI046;PROD066;FUN021;Loja Física;2;204.6;409.2;0.0;0.0;409.2;160.0;249.2;60.9;Boleto;1;Concluída;São Bernardo;SP;CC-COMERCIAL;Venda regular.
VEN0155;2025-10-15;CLI013;PROD042;FUN039;E-commerce;2;109.51;219.02;0.0;0.0;219.02;118.0;101.02;46.1;Cartão de Crédito;2;Concluída;Osasco;SP;CC-COMERCIAL;Venda regular.
VEN0156;2025-10-15;CLI087;PROD020;FUN029;E-commerce;1;449.09;449.09;0.0;0.0;449.09;178.0;271.09;60.4;PIX;1;Concluída;Guarulhos;SP;CC-COMERCIAL;Venda regular.
VEN0157;2025-10-15;CLI104;PROD038;FUN030;Loja Física;2;137.27;274.54;0.0;0.0;274.54;120.0;154.54;56.3;Cartão de Crédito;3;Devolvida;São Paulo;SP;CC-COMERCIAL;Venda regular.
VEN0158;2025-10-15;CLI035;PROD015;FUN037;Loja Física;1;304.13;304.13;0.0;0.0;0.0;112.0;0.0;0.0;PIX;3;Cancelada;São Paulo;SP;CC-COMERCIAL;Venda regular.
VEN0159;2025-10-17;CLI006;PROD056;FUN037;Loja Física;1;129.22;129.22;0.0;0.0;129.22;73.0;56.22;43.5;Cartão de Crédito;2;Concluída;São Paulo;SP;CC-COMERCIAL;Venda regular.
VEN0160;2025-10-17;CLI034;PROD026;FUN028;E-commerce;1;184.7;184.7;0.0;0.0;184.7;86.0;98.7;53.4;PIX;1;Concluída;Guarulhos;SP;CC-COMERCIAL;Venda regular.
VEN0161;2025-10-18;CLI052;PROD022;FUN038;E-commerce;1;162.46;162.46;0.0;0.0;162.46;68.0;94.46;58.1;Cartão de Crédito;1;Concluída;São Paulo;SP;CC-COMERCIAL;Venda regular.
VEN0162;2025-10-18;CLI065;PROD048;FUN027;Loja Física;1;85.11;85.11;0.0;0.0;85.11;36.0;49.11;57.7;Cartão de Débito;1;Concluída;Guarulhos;SP;CC-COMERCIAL;Venda regular.
VEN0163;2025-10-18;CLI115;PROD015;FUN035;E-commerce;1;304.13;304.13;0.0;0.0;0.0;112.0;0.0;0.0;PIX;1;Cancelada;Guarulhos;SP;CC-COMERCIAL;Venda regular.
VEN0164;2025-10-18;CLI073;PROD011;FUN039;WhatsApp;3;283.61;850.83;0.0;0.0;850.83;381.0;469.83;55.2;Boleto;4;Concluída;Barueri;SP;CC-COMERCIAL;Venda regular.
VEN0165;2025-10-19;CLI073;PROD009;FUN036;WhatsApp;4;160.97;643.88;0.0;0.0;0.0;256.0;0.0;0.0;PIX;1;Cancelada;Barueri;SP;CC-COMERCIAL;Venda regular.
VEN0166;2025-10-19;CLI013;PROD013;FUN021;Loja Física;1;144.71;144.71;5.0;7.24;137.47;75.0;62.47;45.4;PIX;1;Concluída;Osasco;SP;CC-COMERCIAL;Venda regular.
VEN0167;2025-10-19;CLI104;PROD011;FUN038;E-commerce;1;283.61;283.61;0.0;0.0;283.61;127.0;156.61;55.2;Boleto;4;Devolvida;São Paulo;SP;CC-COMERCIAL;Venda regular.
VEN0168;2025-10-20;CLI069;PROD059;FUN028;Loja Física;2;73.44;146.88;0.0;0.0;146.88;60.0;86.88;59.2;Boleto;1;Concluída;São Bernardo;SP;CC-COMERCIAL;Venda regular.
VEN0169;2025-10-20;CLI060;PROD046;FUN037;E-commerce;1;404.19;404.19;5.0;20.21;0.0;151.0;0.0;0.0;Cartão de Crédito;4;Cancelada;Barueri;SP;CC-COMERCIAL;Venda regular.
VEN0170;2025-10-20;CLI037;PROD077;FUN031;Loja Física;3;177.76;533.28;0.0;0.0;0.0;195.0;0.0;0.0;Cartão de Crédito;4;Cancelada;São Bernardo;SP;CC-COMERCIAL;Venda regular.
VEN0171;2025-10-21;CLI049;PROD030;FUN034;Loja Física;1;102.21;102.21;0.0;0.0;0.0;39.0;0.0;0.0;Boleto;4;Cancelada;Barueri;SP;CC-COMERCIAL;Venda regular.
VEN0172;2025-10-21;CLI074;PROD033;FUN034;WhatsApp;2;158.79;317.58;0.0;0.0;0.0;126.0;0.0;0.0;Cartão de Crédito;1;Cancelada;Osasco;SP;CC-COMERCIAL;Venda regular.
VEN0173;2025-10-21;CLI116;PROD024;FUN036;E-commerce;2;120.51;241.02;5.0;12.05;228.97;136.0;92.97;40.6;Boleto;3;Concluída;São Bernardo;SP;CC-COMERCIAL;Venda regular.
VEN0174;2025-10-21;CLI024;PROD002;FUN025;Loja Física;2;386.26;772.52;5.0;38.63;733.89;294.0;439.89;59.9;Cartão de Débito;1;Concluída;Guarulhos;SP;CC-COMERCIAL;Venda regular.
VEN0175;2025-10-21;CLI066;PROD003;FUN025;WhatsApp;2;160.15;320.3;0.0;0.0;320.3;142.0;178.3;55.7;PIX;2;Concluída;São Paulo;SP;CC-COMERCIAL;Venda regular.
VEN0176;2025-10-22;CLI120;PROD051;FUN026;Loja Física;1;366.05;366.05;0.0;0.0;366.05;179.0;187.05;51.1;Boleto;1;Concluída;Santo André;SP;CC-COMERCIAL;Venda regular.
VEN0177;2025-10-23;CLI049;PROD008;FUN030;WhatsApp;3;374.42;1123.26;0.0;0.0;1123.26;456.0;667.26;59.4;Cartão de Crédito;6;Concluída;Barueri;SP;CC-COMERCIAL;Venda regular.
VEN0178;2025-10-23;CLI116;PROD019;FUN033;Loja Física;1;257.17;257.17;0.0;0.0;0.0;151.0;0.0;0.0;PIX;6;Cancelada;São Bernardo;SP;CC-COMERCIAL;Venda regular.
VEN0179;2025-10-23;CLI112;PROD045;FUN035;E-commerce;1;233.84;233.84;0.0;0.0;233.84;102.0;131.84;56.4;Cartão de Crédito;2;Devolvida;Guarulhos;SP;CC-COMERCIAL;Venda regular.
VEN0180;2025-10-24;CLI108;PROD008;FUN026;E-commerce;1;374.42;374.42;0.0;0.0;374.42;152.0;222.42;59.4;PIX;1;Concluída;Barueri;SP;CC-COMERCIAL;Venda regular.
VEN0181;2025-10-24;CLI071;PROD050;FUN025;Loja Física;2;321.78;643.56;0.0;0.0;643.56;340.0;303.56;47.2;Boleto;6;Devolvida;São Paulo;SP;CC-COMERCIAL;Venda regular.
VEN0182;2025-10-24;CLI002;PROD043;FUN022;WhatsApp;2;124.41;248.82;0.0;0.0;248.82;144.0;104.82;42.1;PIX;3;Devolvida;São Paulo;SP;CC-COMERCIAL;Venda regular.
VEN0183;2025-10-24;CLI037;PROD001;FUN034;Loja Física;3;144.71;434.13;0.0;0.0;0.0;201.0;0.0;0.0;Cartão de Crédito;6;Cancelada;São Bernardo;SP;CC-COMERCIAL;Venda regular.
VEN0184;2025-10-25;CLI092;PROD063;FUN033;Loja Física;2;363.41;726.82;0.0;0.0;726.82;282.0;444.82;61.2;Cartão de Crédito;1;Concluída;São Paulo;SP;CC-COMERCIAL;Venda regular.
VEN0185;2025-10-25;CLI010;PROD006;FUN039;Loja Física;2;76.32;152.64;0.0;0.0;152.64;70.0;82.64;54.1;Cartão de Crédito;1;Devolvida;Santo André;SP;CC-COMERCIAL;Venda regular.
VEN0186;2025-10-25;CLI101;PROD014;FUN036;E-commerce;1;373.62;373.62;0.0;0.0;373.62;168.0;205.62;55.0;Cartão de Crédito;2;Concluída;Santo André;SP;CC-COMERCIAL;Venda regular.
VEN0187;2025-10-25;CLI086;PROD031;FUN029;E-commerce;1;172.09;172.09;0.0;0.0;172.09;99.0;73.09;42.5;Boleto;4;Devolvida;Santo André;SP;CC-COMERCIAL;Venda regular.
VEN0188;2025-10-26;CLI048;PROD037;FUN026;Loja Física;1;465.86;465.86;0.0;0.0;465.86;173.0;292.86;62.9;PIX;1;Concluída;Barueri;SP;CC-COMERCIAL;Venda regular.
VEN0189;2025-10-26;CLI073;PROD048;FUN039;WhatsApp;1;85.11;85.11;5.0;4.26;80.85;36.0;44.85;55.5;PIX;1;Concluída;Barueri;SP;CC-COMERCIAL;Venda regular.
VEN0190;2025-10-26;CLI043;PROD023;FUN034;Loja Física;1;481.91;481.91;0.0;0.0;481.91;177.0;304.91;63.3;Cartão de Crédito;1;Concluída;Guarulhos;SP;CC-COMERCIAL;Venda regular.
VEN0191;2025-10-27;CLI078;PROD046;FUN023;E-commerce;2;404.19;808.38;0.0;0.0;808.38;302.0;506.38;62.6;Cartão de Débito;4;Concluída;São Paulo;SP;CC-COMERCIAL;Venda regular.
VEN0192;2025-10-27;CLI068;PROD026;FUN038;E-commerce;2;184.7;369.4;0.0;0.0;369.4;172.0;197.4;53.4;Cartão de Crédito;3;Devolvida;Guarulhos;SP;CC-COMERCIAL;Venda regular.
VEN0193;2025-10-27;CLI114;PROD065;FUN032;E-commerce;1;277.85;277.85;0.0;0.0;277.85;147.0;130.85;47.1;PIX;6;Concluída;Osasco;SP;CC-COMERCIAL;Venda regular.
VEN0194;2025-10-29;CLI071;PROD036;FUN023;Loja Física;2;281.02;562.04;0.0;0.0;562.04;238.0;324.04;57.7;Boleto;1;Concluída;São Paulo;SP;CC-COMERCIAL;Venda regular.
VEN0195;2025-10-29;CLI052;PROD042;FUN028;E-commerce;3;109.51;328.53;0.0;0.0;328.53;177.0;151.53;46.1;Boleto;1;Concluída;São Paulo;SP;CC-COMERCIAL;Venda regular.
VEN0196;2025-10-30;CLI072;PROD041;FUN026;Loja Física;4;261.74;1046.96;5.0;52.35;994.61;528.0;466.61;46.9;Boleto;1;Devolvida;São Paulo;SP;CC-COMERCIAL;Venda regular.
VEN0197;2025-10-30;CLI073;PROD016;FUN029;E-commerce;3;208.07;624.21;5.0;31.21;593.0;297.0;296.0;49.9;Cartão de Débito;3;Devolvida;Barueri;SP;CC-COMERCIAL;Venda regular.
VEN0198;2025-10-30;CLI069;PROD044;FUN021;Loja Física;2;114.13;228.26;0.0;0.0;228.26;86.0;142.26;62.3;Cartão de Débito;1;Concluída;São Bernardo;SP;CC-COMERCIAL;Venda regular.
VEN0199;2025-10-31;CLI027;PROD058;FUN039;Loja Física;1;106.34;106.34;0.0;0.0;106.34;44.0;62.34;58.6;Boleto;2;Concluída;São Bernardo;SP;CC-COMERCIAL;Venda regular.
VEN0200;2025-11-01;CLI101;PROD005;FUN029;WhatsApp;1;159.53;159.53;5.0;7.98;151.55;62.0;89.55;59.1;PIX;1;Concluída;Santo André;SP;CC-COMERCIAL;Venda promocional de fim de ano.
VEN0201;2025-11-01;CLI042;PROD007;FUN033;Loja Física;1;239.77;239.77;15.0;35.97;203.8;138.0;65.8;32.3;PIX;4;Concluída;São Bernardo;SP;CC-COMERCIAL;Venda promocional de fim de ano.
VEN0202;2025-11-01;CLI036;PROD023;FUN027;E-commerce;1;481.91;481.91;15.0;72.29;409.62;177.0;232.62;56.8;PIX;3;Concluída;Guarulhos;SP;CC-COMERCIAL;Venda promocional de fim de ano.
VEN0203;2025-11-01;CLI002;PROD023;FUN038;Loja Física;1;481.91;481.91;5.0;24.1;457.81;177.0;280.81;61.3;Cartão de Crédito;2;Concluída;São Paulo;SP;CC-COMERCIAL;Venda promocional de fim de ano.
VEN0204;2025-11-01;CLI049;PROD044;FUN036;E-commerce;1;114.13;114.13;5.0;5.71;108.42;43.0;65.42;60.3;Cartão de Crédito;1;Devolvida;Barueri;SP;CC-COMERCIAL;Venda promocional de fim de ano.
VEN0205;2025-11-02;CLI052;PROD079;FUN036;Loja Física;1;293.22;293.22;15.0;43.98;249.24;123.0;126.24;50.6;Cartão de Crédito;2;Concluída;São Paulo;SP;CC-COMERCIAL;Venda promocional de fim de ano.
VEN0206;2025-11-02;CLI101;PROD050;FUN029;E-commerce;1;321.78;321.78;15.0;48.27;273.51;170.0;103.51;37.8;Cartão de Débito;2;Concluída;Santo André;SP;CC-COMERCIAL;Venda promocional de fim de ano.
VEN0207;2025-11-02;CLI001;PROD076;FUN036;E-commerce;3;149.13;447.39;10.0;44.74;402.65;228.0;174.65;43.4;PIX;3;Concluída;Barueri;SP;CC-COMERCIAL;Venda promocional de fim de ano.
VEN0208;2025-11-02;CLI056;PROD047;FUN036;WhatsApp;2;190.31;380.62;15.0;57.09;323.53;144.0;179.53;55.5;PIX;6;Concluída;Santo André;SP;CC-COMERCIAL;Venda promocional de fim de ano.
VEN0209;2025-11-02;CLI022;PROD012;FUN036;E-commerce;4;384.61;1538.44;20.0;307.69;0.0;580.0;0.0;0.0;Boleto;4;Cancelada;São Paulo;SP;CC-COMERCIAL;Venda promocional de fim de ano.
VEN0210;2025-11-02;CLI002;PROD026;FUN038;E-commerce;3;184.7;554.1;15.0;83.11;470.99;258.0;212.99;45.2;Boleto;1;Concluída;São Paulo;SP;CC-COMERCIAL;Venda promocional de fim de ano.
VEN0211;2025-11-03;CLI063;PROD038;FUN024;Loja Física;3;137.27;411.81;15.0;61.77;350.04;180.0;170.04;48.6;PIX;2;Concluída;Osasco;SP;CC-COMERCIAL;Venda promocional de fim de ano.
VEN0212;2025-11-03;CLI081;PROD003;FUN030;WhatsApp;2;160.15;320.3;5.0;16.02;304.28;142.0;162.28;53.3;Cartão de Débito;1;Concluída;São Bernardo;SP;CC-COMERCIAL;Venda promocional de fim de ano.
VEN0213;2025-11-03;CLI105;PROD021;FUN036;WhatsApp;2;369.09;738.18;15.0;110.73;627.45;360.0;267.45;42.6;Boleto;1;Concluída;Guarulhos;SP;CC-COMERCIAL;Venda promocional de fim de ano.
VEN0214;2025-11-03;CLI093;PROD005;FUN030;E-commerce;1;159.53;159.53;10.0;15.95;143.58;62.0;81.58;56.8;Cartão de Crédito;1;Concluída;São Bernardo;SP;CC-COMERCIAL;Venda promocional de fim de ano.
VEN0215;2025-11-05;CLI047;PROD002;FUN032;E-commerce;2;386.26;772.52;5.0;38.63;0.0;294.0;0.0;0.0;Boleto;1;Cancelada;São Paulo;SP;CC-COMERCIAL;Venda promocional de fim de ano.
VEN0216;2025-11-06;CLI073;PROD034;FUN032;E-commerce;3;164.97;494.91;15.0;74.24;420.67;267.0;153.67;36.5;Cartão de Crédito;1;Concluída;Barueri;SP;CC-COMERCIAL;Venda promocional de fim de ano.
VEN0217;2025-11-06;CLI114;PROD020;FUN025;WhatsApp;3;449.09;1347.27;5.0;67.36;1279.91;534.0;745.91;58.3;Cartão de Débito;2;Concluída;Osasco;SP;CC-COMERCIAL;Venda promocional de fim de ano.
VEN0218;2025-11-06;CLI116;PROD024;FUN038;Loja Física;1;120.51;120.51;15.0;18.08;102.43;68.0;34.43;33.6;Boleto;2;Concluída;São Bernardo;SP;CC-COMERCIAL;Venda promocional de fim de ano.
VEN0219;2025-11-06;CLI026;PROD008;FUN030;Loja Física;1;374.42;374.42;5.0;18.72;355.7;152.0;203.7;57.3;Cartão de Crédito;3;Concluída;Barueri;SP;CC-COMERCIAL;Venda promocional de fim de ano.
VEN0220;2025-11-06;CLI081;PROD047;FUN022;E-commerce;1;190.31;190.31;15.0;28.55;161.76;72.0;89.76;55.5;PIX;6;Concluída;São Bernardo;SP;CC-COMERCIAL;Venda promocional de fim de ano.
VEN0221;2025-11-06;CLI018;PROD039;FUN033;WhatsApp;1;57.26;57.26;5.0;2.86;54.4;27.0;27.4;50.4;Cartão de Débito;4;Concluída;Guarulhos;SP;CC-COMERCIAL;Venda promocional de fim de ano.
VEN0222;2025-11-07;CLI049;PROD042;FUN025;E-commerce;2;109.51;219.02;10.0;21.9;197.12;118.0;79.12;40.1;PIX;4;Devolvida;Barueri;SP;CC-COMERCIAL;Venda promocional de fim de ano.
VEN0223;2025-11-07;CLI002;PROD073;FUN029;Loja Física;1;188.38;188.38;15.0;28.26;160.12;77.0;83.12;51.9;PIX;3;Concluída;São Paulo;SP;CC-COMERCIAL;Venda promocional de fim de ano.
VEN0224;2025-11-07;CLI116;PROD047;FUN031;Loja Física;1;190.31;190.31;5.0;9.52;0.0;72.0;0.0;0.0;PIX;1;Cancelada;São Bernardo;SP;CC-COMERCIAL;Venda promocional de fim de ano.
VEN0225;2025-11-07;CLI035;PROD073;FUN021;Loja Física;2;188.38;376.76;5.0;18.84;357.92;154.0;203.92;57.0;Cartão de Crédito;1;Concluída;São Paulo;SP;CC-COMERCIAL;Venda promocional de fim de ano.
VEN0226;2025-11-07;CLI112;PROD026;FUN026;E-commerce;2;184.7;369.4;5.0;18.47;350.93;172.0;178.93;51.0;PIX;1;Concluída;Guarulhos;SP;CC-COMERCIAL;Venda promocional de fim de ano.
VEN0227;2025-11-08;CLI002;PROD019;FUN036;E-commerce;2;257.17;514.34;10.0;51.43;462.91;302.0;160.91;34.8;PIX;6;Concluída;São Paulo;SP;CC-COMERCIAL;Venda promocional de fim de ano.
VEN0228;2025-11-08;CLI107;PROD029;FUN026;Loja Física;2;298.41;596.82;5.0;29.84;566.98;336.0;230.98;40.7;Cartão de Débito;1;Concluída;Barueri;SP;CC-COMERCIAL;Venda promocional de fim de ano.
VEN0229;2025-11-08;CLI086;PROD032;FUN027;Loja Física;2;222.05;444.1;10.0;44.41;399.69;250.0;149.69;37.5;Cartão de Crédito;6;Concluída;Santo André;SP;CC-COMERCIAL;Venda promocional de fim de ano.
VEN0230;2025-11-08;CLI042;PROD013;FUN030;E-commerce;3;144.71;434.13;15.0;65.12;369.01;225.0;144.01;39.0;Cartão de Débito;3;Concluída;São Bernardo;SP;CC-COMERCIAL;Venda promocional de fim de ano.
VEN0231;2025-11-08;CLI002;PROD009;FUN034;WhatsApp;1;160.97;160.97;5.0;8.05;0.0;64.0;0.0;0.0;Cartão de Crédito;3;Cancelada;São Paulo;SP;CC-COMERCIAL;Venda promocional de fim de ano.
VEN0232;2025-11-09;CLI020;PROD065;FUN027;Loja Física;2;277.85;555.7;5.0;27.79;527.91;294.0;233.91;44.3;Cartão de Débito;6;Concluída;São Bernardo;SP;CC-COMERCIAL;Venda promocional de fim de ano.
VEN0233;2025-11-09;CLI112;PROD002;FUN022;Loja Física;2;386.26;772.52;10.0;77.25;695.27;294.0;401.27;57.7;Boleto;1;Concluída;Guarulhos;SP;CC-COMERCIAL;Venda promocional de fim de ano.
VEN0234;2025-11-10;CLI042;PROD031;FUN035;Loja Física;1;172.09;172.09;10.0;17.21;0.0;99.0;0.0;0.0;Cartão de Débito;1;Cancelada;São Bernardo;SP;CC-COMERCIAL;Venda promocional de fim de ano.
VEN0235;2025-11-10;CLI104;PROD080;FUN029;E-commerce;2;139.03;278.06;10.0;27.81;250.25;160.0;90.25;36.1;Cartão de Débito;1;Devolvida;São Paulo;SP;CC-COMERCIAL;Venda promocional de fim de ano.
VEN0236;2025-11-10;CLI042;PROD018;FUN030;Loja Física;2;160.85;321.7;10.0;32.17;289.53;186.0;103.53;35.8;Boleto;1;Devolvida;São Bernardo;SP;CC-COMERCIAL;Venda promocional de fim de ano.
VEN0237;2025-11-11;CLI042;PROD014;FUN033;Loja Física;1;373.62;373.62;15.0;56.04;317.58;168.0;149.58;47.1;PIX;3;Concluída;São Bernardo;SP;CC-COMERCIAL;Venda promocional de fim de ano.
VEN0238;2025-11-11;CLI016;PROD028;FUN029;Loja Física;1;294.47;294.47;10.0;29.45;265.02;121.0;144.02;54.3;Cartão de Débito;6;Concluída;Santo André;SP;CC-COMERCIAL;Venda promocional de fim de ano.
VEN0239;2025-11-11;CLI116;PROD036;FUN037;E-commerce;2;281.02;562.04;10.0;56.2;505.84;238.0;267.84;52.9;Cartão de Crédito;1;Devolvida;São Bernardo;SP;CC-COMERCIAL;Venda promocional de fim de ano.
VEN0240;2025-11-12;CLI073;PROD015;FUN028;E-commerce;1;304.13;304.13;5.0;15.21;288.92;112.0;176.92;61.2;Cartão de Débito;4;Concluída;Barueri;SP;CC-COMERCIAL;Venda promocional de fim de ano.
VEN0241;2025-11-13;CLI114;PROD023;FUN036;Loja Física;1;481.91;481.91;15.0;72.29;409.62;177.0;232.62;56.8;Cartão de Crédito;1;Devolvida;Osasco;SP;CC-COMERCIAL;Venda promocional de fim de ano.
VEN0242;2025-11-13;CLI111;PROD040;FUN025;Loja Física;1;216.48;216.48;10.0;21.65;194.83;92.0;102.83;52.8;Cartão de Débito;1;Concluída;Guarulhos;SP;CC-COMERCIAL;Venda promocional de fim de ano.
VEN0243;2025-11-13;CLI044;PROD048;FUN034;Loja Física;2;85.11;170.22;15.0;25.53;144.69;72.0;72.69;50.2;Cartão de Débito;1;Concluída;Osasco;SP;CC-COMERCIAL;Venda promocional de fim de ano.
VEN0244;2025-11-13;CLI114;PROD028;FUN036;Loja Física;1;294.47;294.47;15.0;44.17;250.3;121.0;129.3;51.7;Boleto;1;Concluída;Osasco;SP;CC-COMERCIAL;Venda promocional de fim de ano.
VEN0245;2025-11-14;CLI116;PROD007;FUN032;E-commerce;1;239.77;239.77;15.0;35.97;203.8;138.0;65.8;32.3;PIX;4;Devolvida;São Bernardo;SP;CC-COMERCIAL;Venda promocional de fim de ano.
VEN0246;2025-11-14;CLI013;PROD072;FUN035;Loja Física;1;145.08;145.08;15.0;21.76;123.32;52.0;71.32;57.8;PIX;6;Concluída;Osasco;SP;CC-COMERCIAL;Venda promocional de fim de ano.
VEN0247;2025-11-14;CLI073;PROD012;FUN022;E-commerce;2;384.61;769.22;15.0;115.38;653.84;290.0;363.84;55.6;PIX;2;Concluída;Barueri;SP;CC-COMERCIAL;Venda promocional de fim de ano.
VEN0248;2025-11-14;CLI053;PROD036;FUN021;WhatsApp;2;281.02;562.04;15.0;84.31;477.73;238.0;239.73;50.2;Cartão de Crédito;4;Devolvida;São Bernardo;SP;CC-COMERCIAL;Venda promocional de fim de ano.
VEN0249;2025-11-14;CLI053;PROD003;FUN023;Loja Física;1;160.15;160.15;10.0;16.02;144.13;71.0;73.13;50.7;Boleto;2;Devolvida;São Bernardo;SP;CC-COMERCIAL;Venda promocional de fim de ano.
VEN0250;2025-11-15;CLI044;PROD003;FUN031;WhatsApp;1;160.15;160.15;5.0;8.01;152.14;71.0;81.14;53.3;Cartão de Crédito;1;Devolvida;Osasco;SP;CC-COMERCIAL;Venda promocional de fim de ano.
VEN0251;2025-11-15;CLI006;PROD014;FUN032;E-commerce;1;373.62;373.62;5.0;18.68;354.94;168.0;186.94;52.7;Boleto;1;Concluída;São Paulo;SP;CC-COMERCIAL;Venda promocional de fim de ano.
VEN0252;2025-11-16;CLI112;PROD035;FUN026;Loja Física;3;87.94;263.82;15.0;39.57;224.25;96.0;128.25;57.2;PIX;1;Concluída;Guarulhos;SP;CC-COMERCIAL;Venda promocional de fim de ano.
VEN0253;2025-11-16;CLI049;PROD037;FUN039;Loja Física;2;465.86;931.72;20.0;186.34;745.38;346.0;399.38;53.6;Cartão de Débito;1;Concluída;Barueri;SP;CC-COMERCIAL;Venda promocional de fim de ano.
VEN0254;2025-11-16;CLI042;PROD046;FUN039;E-commerce;1;404.19;404.19;10.0;40.42;0.0;151.0;0.0;0.0;Cartão de Débito;3;Cancelada;São Bernardo;SP;CC-COMERCIAL;Venda promocional de fim de ano.
VEN0255;2025-11-16;CLI035;PROD003;FUN024;E-commerce;2;160.15;320.3;15.0;48.05;272.25;142.0;130.25;47.8;Boleto;1;Concluída;São Paulo;SP;CC-COMERCIAL;Venda promocional de fim de ano.
VEN0256;2025-11-16;CLI101;PROD037;FUN039;E-commerce;1;465.86;465.86;5.0;23.29;442.57;173.0;269.57;60.9;Boleto;2;Concluída;Santo André;SP;CC-COMERCIAL;Venda promocional de fim de ano.
VEN0257;2025-11-16;CLI053;PROD069;FUN023;Loja Física;2;201.84;403.68;10.0;40.37;363.31;210.0;153.31;42.2;Cartão de Crédito;1;Concluída;São Bernardo;SP;CC-COMERCIAL;Venda promocional de fim de ano.
VEN0258;2025-11-16;CLI052;PROD019;FUN037;E-commerce;3;257.17;771.51;15.0;115.73;655.78;453.0;202.78;30.9;PIX;1;Concluída;São Paulo;SP;CC-COMERCIAL;Venda promocional de fim de ano.
VEN0259;2025-11-16;CLI065;PROD017;FUN029;Loja Física;1;252.12;252.12;15.0;37.82;214.3;123.0;91.3;42.6;Cartão de Débito;2;Concluída;Guarulhos;SP;CC-COMERCIAL;Venda promocional de fim de ano.
VEN0260;2025-11-18;CLI044;PROD043;FUN038;Loja Física;2;124.41;248.82;5.0;12.44;0.0;144.0;0.0;0.0;Boleto;6;Cancelada;Osasco;SP;CC-COMERCIAL;Venda promocional de fim de ano.
VEN0261;2025-11-18;CLI043;PROD063;FUN021;Loja Física;1;363.41;363.41;10.0;36.34;327.07;141.0;186.07;56.9;Boleto;6;Concluída;Guarulhos;SP;CC-COMERCIAL;Venda promocional de fim de ano.
VEN0262;2025-11-18;CLI064;PROD038;FUN031;E-commerce;2;137.27;274.54;10.0;27.45;247.09;120.0;127.09;51.4;Cartão de Crédito;6;Concluída;Barueri;SP;CC-COMERCIAL;Venda promocional de fim de ano.
VEN0263;2025-11-19;CLI081;PROD030;FUN033;E-commerce;2;102.21;204.42;5.0;10.22;194.2;78.0;116.2;59.8;Cartão de Débito;1;Concluída;São Bernardo;SP;CC-COMERCIAL;Venda promocional de fim de ano.
VEN0264;2025-11-19;CLI046;PROD041;FUN038;WhatsApp;1;261.74;261.74;15.0;39.26;0.0;132.0;0.0;0.0;Boleto;1;Cancelada;São Bernardo;SP;CC-COMERCIAL;Venda promocional de fim de ano.
VEN0265;2025-11-19;CLI083;PROD023;FUN035;E-commerce;2;481.91;963.82;5.0;48.19;915.63;354.0;561.63;61.3;PIX;1;Concluída;São Paulo;SP;CC-COMERCIAL;Venda promocional de fim de ano.
VEN0266;2025-11-19;CLI052;PROD012;FUN032;E-commerce;1;384.61;384.61;15.0;57.69;326.92;145.0;181.92;55.6;Boleto;1;Devolvida;São Paulo;SP;CC-COMERCIAL;Venda promocional de fim de ano.
VEN0267;2025-11-20;CLI077;PROD014;FUN025;WhatsApp;2;373.62;747.24;10.0;74.72;672.52;336.0;336.52;50.0;Cartão de Débito;1;Devolvida;São Bernardo;SP;CC-COMERCIAL;Venda promocional de fim de ano.
VEN0268;2025-11-20;CLI089;PROD034;FUN033;E-commerce;1;164.97;164.97;5.0;8.25;0.0;89.0;0.0;0.0;Cartão de Crédito;2;Cancelada;São Bernardo;SP;CC-COMERCIAL;Venda promocional de fim de ano.
VEN0269;2025-11-20;CLI101;PROD071;FUN032;WhatsApp;3;242.96;728.88;15.0;109.33;619.55;306.0;313.55;50.6;Cartão de Débito;4;Concluída;Santo André;SP;CC-COMERCIAL;Venda promocional de fim de ano.
VEN0270;2025-11-21;CLI044;PROD041;FUN023;Loja Física;1;261.74;261.74;10.0;26.17;235.57;132.0;103.57;44.0;PIX;6;Concluída;Osasco;SP;CC-COMERCIAL;Venda promocional de fim de ano.
VEN0271;2025-11-22;CLI042;PROD015;FUN027;WhatsApp;2;304.13;608.26;15.0;91.24;0.0;224.0;0.0;0.0;Boleto;1;Cancelada;São Bernardo;SP;CC-COMERCIAL;Venda promocional de fim de ano.
VEN0272;2025-11-22;CLI093;PROD010;FUN030;Loja Física;2;65.95;131.9;10.0;13.19;118.71;60.0;58.71;49.5;Boleto;1;Concluída;São Bernardo;SP;CC-COMERCIAL;Venda promocional de fim de ano.
VEN0273;2025-11-22;CLI097;PROD002;FUN032;Loja Física;2;386.26;772.52;10.0;77.25;695.27;294.0;401.27;57.7;Cartão de Débito;3;Concluída;Osasco;SP;CC-COMERCIAL;Venda promocional de fim de ano.
VEN0274;2025-11-22;CLI037;PROD080;FUN029;Loja Física;1;139.03;139.03;15.0;20.85;118.18;80.0;38.18;32.3;Boleto;1;Concluída;São Bernardo;SP;CC-COMERCIAL;Venda promocional de fim de ano.
VEN0275;2025-11-22;CLI073;PROD046;FUN037;E-commerce;1;404.19;404.19;10.0;40.42;0.0;151.0;0.0;0.0;Cartão de Crédito;2;Cancelada;Barueri;SP;CC-COMERCIAL;Venda promocional de fim de ano.
VEN0276;2025-11-22;CLI095;PROD050;FUN036;E-commerce;1;321.78;321.78;15.0;48.27;273.51;170.0;103.51;37.8;Cartão de Crédito;4;Concluída;São Paulo;SP;CC-COMERCIAL;Venda promocional de fim de ano.
VEN0277;2025-11-22;CLI042;PROD028;FUN037;E-commerce;2;294.47;588.94;10.0;58.89;530.05;242.0;288.05;54.3;Cartão de Crédito;6;Concluída;São Bernardo;SP;CC-COMERCIAL;Venda promocional de fim de ano.
VEN0278;2025-11-22;CLI079;PROD024;FUN026;Loja Física;1;120.51;120.51;10.0;12.05;108.46;68.0;40.46;37.3;Boleto;3;Devolvida;Osasco;SP;CC-COMERCIAL;Venda promocional de fim de ano.
VEN0279;2025-11-23;CLI032;PROD001;FUN033;Loja Física;2;144.71;289.42;10.0;28.94;260.48;134.0;126.48;48.6;PIX;1;Devolvida;São Bernardo;SP;CC-COMERCIAL;Venda promocional de fim de ano.
VEN0280;2025-11-23;CLI080;PROD037;FUN030;Loja Física;1;465.86;465.86;10.0;46.59;419.27;173.0;246.27;58.7;Cartão de Débito;1;Concluída;São Bernardo;SP;CC-COMERCIAL;Venda promocional de fim de ano.
VEN0281;2025-11-24;CLI116;PROD002;FUN034;E-commerce;2;386.26;772.52;5.0;38.63;733.89;294.0;439.89;59.9;Boleto;4;Concluída;São Bernardo;SP;CC-COMERCIAL;Venda promocional de fim de ano.
VEN0282;2025-11-24;CLI114;PROD041;FUN025;E-commerce;2;261.74;523.48;20.0;104.7;418.78;264.0;154.78;37.0;PIX;1;Concluída;Osasco;SP;CC-COMERCIAL;Venda promocional de fim de ano.
VEN0283;2025-11-24;CLI011;PROD013;FUN031;E-commerce;1;144.71;144.71;15.0;21.71;0.0;75.0;0.0;0.0;Boleto;3;Cancelada;Osasco;SP;CC-COMERCIAL;Venda promocional de fim de ano.
VEN0284;2025-11-24;CLI006;PROD059;FUN039;Loja Física;1;73.44;73.44;5.0;3.67;69.77;30.0;39.77;57.0;Cartão de Débito;1;Concluída;São Paulo;SP;CC-COMERCIAL;Venda promocional de fim de ano.
VEN0285;2025-11-25;CLI114;PROD009;FUN034;E-commerce;2;160.97;321.94;15.0;48.29;0.0;128.0;0.0;0.0;PIX;2;Cancelada;Osasco;SP;CC-COMERCIAL;Venda promocional de fim de ano.
VEN0286;2025-11-25;CLI035;PROD036;FUN034;Loja Física;1;281.02;281.02;10.0;28.1;252.92;119.0;133.92;52.9;PIX;2;Devolvida;São Paulo;SP;CC-COMERCIAL;Venda promocional de fim de ano.
VEN0287;2025-11-25;CLI112;PROD003;FUN031;E-commerce;2;160.15;320.3;5.0;16.02;304.28;142.0;162.28;53.3;Boleto;1;Concluída;Guarulhos;SP;CC-COMERCIAL;Venda promocional de fim de ano.
VEN0288;2025-11-26;CLI043;PROD008;FUN027;Loja Física;1;374.42;374.42;15.0;56.16;318.26;152.0;166.26;52.2;Cartão de Crédito;1;Concluída;Guarulhos;SP;CC-COMERCIAL;Venda promocional de fim de ano.
VEN0289;2025-11-27;CLI095;PROD038;FUN038;Loja Física;2;137.27;274.54;5.0;13.73;260.81;120.0;140.81;54.0;Boleto;1;Concluída;São Paulo;SP;CC-COMERCIAL;Venda promocional de fim de ano.
VEN0290;2025-11-27;CLI106;PROD027;FUN032;E-commerce;2;74.8;149.6;5.0;7.48;142.12;56.0;86.12;60.6;Cartão de Crédito;2;Devolvida;São Bernardo;SP;CC-COMERCIAL;Venda promocional de fim de ano.
VEN0291;2025-11-27;CLI013;PROD057;FUN023;WhatsApp;1;203.76;203.76;5.0;10.19;193.57;115.0;78.57;40.6;Cartão de Débito;1;Concluída;Osasco;SP;CC-COMERCIAL;Venda promocional de fim de ano.
VEN0292;2025-11-27;CLI112;PROD021;FUN036;Loja Física;1;369.09;369.09;10.0;36.91;332.18;180.0;152.18;45.8;Cartão de Crédito;3;Concluída;Guarulhos;SP;CC-COMERCIAL;Venda promocional de fim de ano.
VEN0293;2025-11-27;CLI103;PROD077;FUN022;Loja Física;1;177.76;177.76;10.0;17.78;159.98;65.0;94.98;59.4;PIX;2;Devolvida;Santo André;SP;CC-COMERCIAL;Venda promocional de fim de ano.
VEN0294;2025-11-27;CLI112;PROD036;FUN029;Loja Física;2;281.02;562.04;10.0;56.2;505.84;238.0;267.84;52.9;Cartão de Crédito;1;Devolvida;Guarulhos;SP;CC-COMERCIAL;Venda promocional de fim de ano.
VEN0295;2025-11-29;CLI058;PROD077;FUN021;Loja Física;1;177.76;177.76;10.0;17.78;159.98;65.0;94.98;59.4;PIX;1;Concluída;Santo André;SP;CC-COMERCIAL;Venda promocional de fim de ano.
VEN0296;2025-11-29;CLI041;PROD048;FUN023;Loja Física;2;85.11;170.22;15.0;25.53;144.69;72.0;72.69;50.2;Cartão de Débito;4;Concluída;Osasco;SP;CC-COMERCIAL;Venda promocional de fim de ano.
VEN0297;2025-11-30;CLI044;PROD004;FUN037;Loja Física;1;59.03;59.03;5.0;2.95;56.08;28.0;28.08;50.1;Cartão de Crédito;1;Concluída;Osasco;SP;CC-COMERCIAL;Venda promocional de fim de ano.
VEN0298;2025-11-30;CLI069;PROD064;FUN025;Loja Física;2;241.43;482.86;15.0;72.43;410.43;216.0;194.43;47.4;Cartão de Crédito;2;Devolvida;São Bernardo;SP;CC-COMERCIAL;Venda promocional de fim de ano.
VEN0299;2025-12-01;CLI119;PROD044;FUN039;Loja Física;1;114.13;114.13;5.0;5.71;0.0;43.0;0.0;0.0;Cartão de Crédito;4;Cancelada;Osasco;SP;CC-COMERCIAL;Venda promocional de fim de ano.
VEN0300;2025-12-01;CLI074;PROD005;FUN036;E-commerce;1;159.53;159.53;5.0;7.98;151.55;62.0;89.55;59.1;Cartão de Crédito;1;Concluída;Osasco;SP;CC-COMERCIAL;Venda promocional de fim de ano.
VEN0301;2025-12-01;CLI038;PROD075;FUN035;Loja Física;1;308.83;308.83;10.0;30.88;277.95;156.0;121.95;43.9;PIX;1;Concluída;Osasco;SP;CC-COMERCIAL;Venda promocional de fim de ano.
VEN0302;2025-12-02;CLI049;PROD056;FUN033;Loja Física;1;129.22;129.22;15.0;19.38;109.84;73.0;36.84;33.5;Cartão de Débito;3;Concluída;Barueri;SP;CC-COMERCIAL;Venda promocional de fim de ano.
VEN0303;2025-12-02;CLI060;PROD079;FUN031;Loja Física;1;293.22;293.22;5.0;14.66;278.56;123.0;155.56;55.8;PIX;2;Concluída;Barueri;SP;CC-COMERCIAL;Venda promocional de fim de ano.
VEN0304;2025-12-02;CLI108;PROD018;FUN033;E-commerce;1;160.85;160.85;5.0;8.04;152.81;93.0;59.81;39.1;PIX;2;Concluída;Barueri;SP;CC-COMERCIAL;Venda promocional de fim de ano.
VEN0305;2025-12-02;CLI052;PROD014;FUN022;Loja Física;1;373.62;373.62;10.0;37.36;0.0;168.0;0.0;0.0;PIX;4;Cancelada;São Paulo;SP;CC-COMERCIAL;Venda promocional de fim de ano.
VEN0306;2025-12-02;CLI043;PROD030;FUN021;Loja Física;1;102.21;102.21;10.0;10.22;91.99;39.0;52.99;57.6;Cartão de Débito;4;Concluída;Guarulhos;SP;CC-COMERCIAL;Venda promocional de fim de ano.
VEN0307;2025-12-02;CLI042;PROD005;FUN035;Loja Física;1;159.53;159.53;15.0;23.93;135.6;62.0;73.6;54.3;Cartão de Crédito;6;Concluída;São Bernardo;SP;CC-COMERCIAL;Venda promocional de fim de ano.
VEN0308;2025-12-03;CLI006;PROD052;FUN024;Loja Física;1;232.1;232.1;5.0;11.61;220.49;124.0;96.49;43.8;Cartão de Crédito;1;Concluída;São Paulo;SP;CC-COMERCIAL;Venda promocional de fim de ano.
VEN0309;2025-12-03;CLI063;PROD060;FUN039;E-commerce;2;355.5;711.0;15.0;106.65;604.35;314.0;290.35;48.0;Cartão de Débito;4;Concluída;Osasco;SP;CC-COMERCIAL;Venda promocional de fim de ano.
VEN0310;2025-12-04;CLI013;PROD060;FUN032;E-commerce;1;355.5;355.5;10.0;35.55;319.95;157.0;162.95;50.9;Cartão de Débito;1;Concluída;Osasco;SP;CC-COMERCIAL;Venda promocional de fim de ano.
VEN0311;2025-12-04;CLI045;PROD045;FUN034;WhatsApp;2;233.84;467.68;10.0;46.77;420.91;204.0;216.91;51.5;Cartão de Débito;1;Concluída;Osasco;SP;CC-COMERCIAL;Venda promocional de fim de ano.
VEN0312;2025-12-04;CLI006;PROD021;FUN033;E-commerce;1;369.09;369.09;15.0;55.36;0.0;180.0;0.0;0.0;PIX;1;Cancelada;São Paulo;SP;CC-COMERCIAL;Venda promocional de fim de ano.
VEN0313;2025-12-04;CLI114;PROD019;FUN026;WhatsApp;3;257.17;771.51;15.0;115.73;655.78;453.0;202.78;30.9;PIX;4;Concluída;Osasco;SP;CC-COMERCIAL;Venda promocional de fim de ano.
VEN0314;2025-12-04;CLI074;PROD062;FUN028;Loja Física;1;176.28;176.28;5.0;8.81;167.47;88.0;79.47;47.5;Cartão de Crédito;1;Devolvida;Osasco;SP;CC-COMERCIAL;Venda promocional de fim de ano.
VEN0315;2025-12-05;CLI074;PROD017;FUN026;Loja Física;2;252.12;504.24;10.0;50.42;0.0;246.0;0.0;0.0;Boleto;4;Cancelada;Osasco;SP;CC-COMERCIAL;Venda promocional de fim de ano.
VEN0316;2025-12-05;CLI069;PROD008;FUN038;Loja Física;2;374.42;748.84;10.0;74.88;673.96;304.0;369.96;54.9;PIX;4;Concluída;São Bernardo;SP;CC-COMERCIAL;Venda promocional de fim de ano.
VEN0317;2025-12-05;CLI033;PROD030;FUN022;E-commerce;2;102.21;204.42;10.0;20.44;183.98;78.0;105.98;57.6;PIX;2;Concluída;Santo André;SP;CC-COMERCIAL;Venda promocional de fim de ano.
VEN0318;2025-12-05;CLI074;PROD024;FUN036;E-commerce;2;120.51;241.02;15.0;36.15;204.87;136.0;68.87;33.6;Boleto;2;Concluída;Osasco;SP;CC-COMERCIAL;Venda promocional de fim de ano.
VEN0319;2025-12-06;CLI073;PROD061;FUN023;Loja Física;2;141.65;283.3;15.0;42.49;240.81;164.0;76.81;31.9;Cartão de Crédito;4;Concluída;Barueri;SP;CC-COMERCIAL;Venda promocional de fim de ano.
VEN0320;2025-12-06;CLI107;PROD040;FUN036;WhatsApp;1;216.48;216.48;10.0;21.65;0.0;92.0;0.0;0.0;PIX;3;Cancelada;Barueri;SP;CC-COMERCIAL;Venda promocional de fim de ano.
VEN0321;2025-12-06;CLI009;PROD028;FUN030;E-commerce;2;294.47;588.94;5.0;29.45;559.49;242.0;317.49;56.7;PIX;1;Concluída;Guarulhos;SP;CC-COMERCIAL;Venda promocional de fim de ano.
VEN0322;2025-12-06;CLI042;PROD015;FUN031;Loja Física;1;304.13;304.13;5.0;15.21;288.92;112.0;176.92;61.2;Cartão de Crédito;1;Concluída;São Bernardo;SP;CC-COMERCIAL;Venda promocional de fim de ano.
VEN0323;2025-12-06;CLI053;PROD020;FUN030;E-commerce;2;449.09;898.18;10.0;89.82;808.36;356.0;452.36;56.0;Cartão de Crédito;6;Concluída;São Bernardo;SP;CC-COMERCIAL;Venda promocional de fim de ano.
VEN0324;2025-12-07;CLI043;PROD011;FUN024;Loja Física;1;283.61;283.61;15.0;42.54;241.07;127.0;114.07;47.3;Cartão de Crédito;1;Concluída;Guarulhos;SP;CC-COMERCIAL;Venda promocional de fim de ano.
VEN0325;2025-12-07;CLI112;PROD078;FUN033;Loja Física;3;300.12;900.36;10.0;90.04;810.32;408.0;402.32;49.6;Boleto;3;Devolvida;Guarulhos;SP;CC-COMERCIAL;Venda promocional de fim de ano.
VEN0326;2025-12-07;CLI049;PROD054;FUN026;Loja Física;3;314.36;943.08;5.0;47.15;895.93;534.0;361.93;40.4;Cartão de Crédito;1;Concluída;Barueri;SP;CC-COMERCIAL;Venda promocional de fim de ano.
VEN0327;2025-12-07;CLI013;PROD017;FUN037;Loja Física;1;252.12;252.12;15.0;37.82;214.3;123.0;91.3;42.6;Cartão de Débito;3;Concluída;Osasco;SP;CC-COMERCIAL;Venda promocional de fim de ano.
VEN0328;2025-12-07;CLI104;PROD026;FUN038;Loja Física;1;184.7;184.7;20.0;36.94;147.76;86.0;61.76;41.8;Cartão de Crédito;3;Devolvida;São Paulo;SP;CC-COMERCIAL;Venda promocional de fim de ano.
VEN0329;2025-12-08;CLI115;PROD045;FUN035;E-commerce;2;233.84;467.68;20.0;93.54;374.14;204.0;170.14;45.5;PIX;1;Devolvida;Guarulhos;SP;CC-COMERCIAL;Venda promocional de fim de ano.
VEN0330;2025-12-08;CLI013;PROD027;FUN038;Loja Física;1;74.8;74.8;15.0;11.22;0.0;28.0;0.0;0.0;PIX;2;Cancelada;Osasco;SP;CC-COMERCIAL;Venda promocional de fim de ano.
VEN0331;2025-12-08;CLI060;PROD027;FUN028;WhatsApp;2;74.8;149.6;5.0;7.48;142.12;56.0;86.12;60.6;Boleto;1;Concluída;Barueri;SP;CC-COMERCIAL;Venda promocional de fim de ano.
VEN0332;2025-12-08;CLI043;PROD025;FUN030;WhatsApp;1;225.1;225.1;15.0;33.77;0.0;120.0;0.0;0.0;Boleto;4;Cancelada;Guarulhos;SP;CC-COMERCIAL;Venda promocional de fim de ano.
VEN0333;2025-12-09;CLI006;PROD072;FUN034;Loja Física;1;145.08;145.08;10.0;14.51;130.57;52.0;78.57;60.2;PIX;6;Devolvida;São Paulo;SP;CC-COMERCIAL;Venda promocional de fim de ano.
VEN0334;2025-12-09;CLI081;PROD024;FUN033;Loja Física;3;120.51;361.53;10.0;36.15;325.38;204.0;121.38;37.3;Boleto;1;Devolvida;São Bernardo;SP;CC-COMERCIAL;Venda promocional de fim de ano.
VEN0335;2025-12-09;CLI043;PROD043;FUN034;Loja Física;1;124.41;124.41;5.0;6.22;118.19;72.0;46.19;39.1;Cartão de Débito;1;Concluída;Guarulhos;SP;CC-COMERCIAL;Venda promocional de fim de ano.
VEN0336;2025-12-09;CLI010;PROD071;FUN037;E-commerce;2;242.96;485.92;15.0;72.89;413.03;204.0;209.03;50.6;Boleto;6;Concluída;Santo André;SP;CC-COMERCIAL;Venda promocional de fim de ano.
VEN0337;2025-12-10;CLI078;PROD023;FUN037;WhatsApp;1;481.91;481.91;5.0;24.1;457.81;177.0;280.81;61.3;Boleto;6;Concluída;São Paulo;SP;CC-COMERCIAL;Venda promocional de fim de ano.
VEN0338;2025-12-11;CLI084;PROD038;FUN030;Loja Física;1;137.27;137.27;5.0;6.86;130.41;60.0;70.41;54.0;Cartão de Débito;3;Concluída;Osasco;SP;CC-COMERCIAL;Venda promocional de fim de ano.
VEN0339;2025-12-11;CLI006;PROD016;FUN033;E-commerce;1;208.07;208.07;5.0;10.4;0.0;99.0;0.0;0.0;Cartão de Crédito;1;Cancelada;São Paulo;SP;CC-COMERCIAL;Venda promocional de fim de ano.
VEN0340;2025-12-11;CLI013;PROD004;FUN029;Loja Física;3;59.03;177.09;20.0;35.42;0.0;84.0;0.0;0.0;PIX;4;Cancelada;Osasco;SP;CC-COMERCIAL;Venda promocional de fim de ano.
VEN0341;2025-12-11;CLI081;PROD022;FUN039;WhatsApp;2;162.46;324.92;5.0;16.25;0.0;136.0;0.0;0.0;Boleto;1;Cancelada;São Bernardo;SP;CC-COMERCIAL;Venda promocional de fim de ano.
VEN0342;2025-12-12;CLI016;PROD024;FUN036;E-commerce;1;120.51;120.51;5.0;6.03;114.48;68.0;46.48;40.6;PIX;2;Devolvida;Santo André;SP;CC-COMERCIAL;Venda promocional de fim de ano.
VEN0343;2025-12-12;CLI072;PROD040;FUN029;Loja Física;2;216.48;432.96;15.0;64.94;368.02;184.0;184.02;50.0;Cartão de Crédito;6;Concluída;São Paulo;SP;CC-COMERCIAL;Venda promocional de fim de ano.
VEN0344;2025-12-12;CLI112;PROD008;FUN030;WhatsApp;2;374.42;748.84;10.0;74.88;0.0;304.0;0.0;0.0;Boleto;1;Cancelada;Guarulhos;SP;CC-COMERCIAL;Venda promocional de fim de ano.
VEN0345;2025-12-12;CLI006;PROD080;FUN028;E-commerce;1;139.03;139.03;10.0;13.9;125.13;80.0;45.13;36.1;Cartão de Débito;4;Devolvida;São Paulo;SP;CC-COMERCIAL;Venda promocional de fim de ano.
VEN0346;2025-12-12;CLI053;PROD038;FUN024;Loja Física;1;137.27;137.27;5.0;6.86;130.41;60.0;70.41;54.0;PIX;3;Concluída;São Bernardo;SP;CC-COMERCIAL;Venda promocional de fim de ano.
VEN0347;2025-12-13;CLI089;PROD053;FUN024;Loja Física;1;369.45;369.45;15.0;55.42;314.03;165.0;149.03;47.5;Cartão de Débito;4;Concluída;São Bernardo;SP;CC-COMERCIAL;Venda promocional de fim de ano.
VEN0348;2025-12-13;CLI074;PROD017;FUN025;E-commerce;3;252.12;756.36;5.0;37.82;718.54;369.0;349.54;48.6;Cartão de Débito;1;Concluída;Osasco;SP;CC-COMERCIAL;Venda promocional de fim de ano.
VEN0349;2025-12-13;CLI064;PROD073;FUN032;E-commerce;1;188.38;188.38;5.0;9.42;178.96;77.0;101.96;57.0;PIX;1;Devolvida;Barueri;SP;CC-COMERCIAL;Venda promocional de fim de ano.
VEN0350;2025-12-13;CLI104;PROD029;FUN034;E-commerce;3;298.41;895.23;10.0;89.52;0.0;504.0;0.0;0.0;PIX;1;Cancelada;São Paulo;SP;CC-COMERCIAL;Venda promocional de fim de ano.
VEN0351;2025-12-13;CLI104;PROD035;FUN027;E-commerce;1;87.94;87.94;10.0;8.79;0.0;32.0;0.0;0.0;PIX;4;Cancelada;São Paulo;SP;CC-COMERCIAL;Venda promocional de fim de ano.
VEN0352;2025-12-14;CLI015;PROD076;FUN033;E-commerce;2;149.13;298.26;15.0;44.74;253.52;152.0;101.52;40.0;Cartão de Débito;2;Concluída;Guarulhos;SP;CC-COMERCIAL;Venda promocional de fim de ano.
VEN0353;2025-12-14;CLI038;PROD014;FUN028;Loja Física;1;373.62;373.62;15.0;56.04;317.58;168.0;149.58;47.1;Cartão de Débito;3;Concluída;Osasco;SP;CC-COMERCIAL;Venda promocional de fim de ano.
VEN0354;2025-12-14;CLI060;PROD033;FUN021;E-commerce;1;158.79;158.79;15.0;23.82;134.97;63.0;71.97;53.3;PIX;4;Concluída;Barueri;SP;CC-COMERCIAL;Venda promocional de fim de ano.
VEN0355;2025-12-14;CLI046;PROD027;FUN037;Loja Física;3;74.8;224.4;15.0;33.66;190.74;84.0;106.74;56.0;Boleto;1;Concluída;São Bernardo;SP;CC-COMERCIAL;Venda promocional de fim de ano.
VEN0356;2025-12-14;CLI060;PROD009;FUN026;WhatsApp;1;160.97;160.97;15.0;24.15;136.82;64.0;72.82;53.2;PIX;6;Devolvida;Barueri;SP;CC-COMERCIAL;Venda promocional de fim de ano.
VEN0357;2025-12-14;CLI054;PROD050;FUN031;E-commerce;2;321.78;643.56;10.0;64.36;579.2;340.0;239.2;41.3;Cartão de Débito;3;Concluída;Guarulhos;SP;CC-COMERCIAL;Venda promocional de fim de ano.
VEN0358;2025-12-14;CLI116;PROD055;FUN022;Loja Física;1;210.16;210.16;10.0;21.02;189.14;104.0;85.14;45.0;PIX;6;Concluída;São Bernardo;SP;CC-COMERCIAL;Venda promocional de fim de ano.
VEN0359;2025-12-15;CLI060;PROD026;FUN021;Loja Física;1;184.7;184.7;5.0;9.23;0.0;86.0;0.0;0.0;Cartão de Crédito;4;Cancelada;Barueri;SP;CC-COMERCIAL;Venda promocional de fim de ano.
VEN0360;2025-12-15;CLI060;PROD043;FUN025;E-commerce;1;124.41;124.41;10.0;12.44;111.97;72.0;39.97;35.7;Cartão de Débito;3;Concluída;Barueri;SP;CC-COMERCIAL;Venda promocional de fim de ano.
VEN0361;2025-12-15;CLI052;PROD065;FUN022;E-commerce;1;277.85;277.85;15.0;41.68;236.17;147.0;89.17;37.8;Cartão de Débito;1;Concluída;São Paulo;SP;CC-COMERCIAL;Venda promocional de fim de ano.
VEN0362;2025-12-16;CLI044;PROD064;FUN039;WhatsApp;1;241.43;241.43;5.0;12.07;229.36;108.0;121.36;52.9;Cartão de Débito;4;Concluída;Osasco;SP;CC-COMERCIAL;Venda promocional de fim de ano.
VEN0363;2025-12-16;CLI074;PROD020;FUN023;Loja Física;1;449.09;449.09;20.0;89.82;359.27;178.0;181.27;50.5;Cartão de Crédito;1;Concluída;Osasco;SP;CC-COMERCIAL;Venda promocional de fim de ano.
VEN0364;2025-12-16;CLI114;PROD009;FUN030;E-commerce;2;160.97;321.94;15.0;48.29;273.65;128.0;145.65;53.2;Cartão de Débito;1;Concluída;Osasco;SP;CC-COMERCIAL;Venda promocional de fim de ano.
VEN0365;2025-12-17;CLI044;PROD007;FUN039;Loja Física;1;239.77;239.77;5.0;11.99;227.78;138.0;89.78;39.4;Boleto;2;Concluída;Osasco;SP;CC-COMERCIAL;Venda promocional de fim de ano.
VEN0366;2025-12-18;CLI074;PROD026;FUN028;WhatsApp;2;184.7;369.4;20.0;73.88;295.52;172.0;123.52;41.8;Boleto;6;Concluída;Osasco;SP;CC-COMERCIAL;Venda promocional de fim de ano.
VEN0367;2025-12-18;CLI046;PROD075;FUN028;Loja Física;1;308.83;308.83;10.0;30.88;0.0;156.0;0.0;0.0;Boleto;6;Cancelada;São Bernardo;SP;CC-COMERCIAL;Venda promocional de fim de ano.
VEN0368;2025-12-18;CLI083;PROD080;FUN032;WhatsApp;2;139.03;278.06;15.0;41.71;236.35;160.0;76.35;32.3;Cartão de Débito;4;Devolvida;São Paulo;SP;CC-COMERCIAL;Venda promocional de fim de ano.
VEN0369;2025-12-18;CLI017;PROD018;FUN036;Loja Física;2;160.85;321.7;5.0;16.09;305.61;186.0;119.61;39.1;Cartão de Crédito;4;Concluída;Osasco;SP;CC-COMERCIAL;Venda promocional de fim de ano.
VEN0370;2025-12-18;CLI119;PROD044;FUN028;Loja Física;1;114.13;114.13;20.0;22.83;91.3;43.0;48.3;52.9;PIX;6;Concluída;Osasco;SP;CC-COMERCIAL;Venda promocional de fim de ano.
VEN0371;2025-12-18;CLI067;PROD035;FUN032;Loja Física;1;87.94;87.94;10.0;8.79;79.15;32.0;47.15;59.6;Cartão de Débito;6;Devolvida;Osasco;SP;CC-COMERCIAL;Venda promocional de fim de ano.
VEN0372;2025-12-19;CLI097;PROD006;FUN039;E-commerce;1;76.32;76.32;10.0;7.63;68.69;35.0;33.69;49.0;Cartão de Crédito;1;Concluída;Osasco;SP;CC-COMERCIAL;Venda promocional de fim de ano.
VEN0373;2025-12-19;CLI002;PROD014;FUN027;E-commerce;4;373.62;1494.48;15.0;224.17;1270.31;672.0;598.31;47.1;Boleto;1;Devolvida;São Paulo;SP;CC-COMERCIAL;Venda promocional de fim de ano.
VEN0374;2025-12-19;CLI114;PROD043;FUN034;E-commerce;1;124.41;124.41;15.0;18.66;105.75;72.0;33.75;31.9;Cartão de Crédito;6;Devolvida;Osasco;SP;CC-COMERCIAL;Venda promocional de fim de ano.
VEN0375;2025-12-19;CLI049;PROD016;FUN035;Loja Física;1;208.07;208.07;10.0;20.81;187.26;99.0;88.26;47.1;PIX;6;Concluída;Barueri;SP;CC-COMERCIAL;Venda promocional de fim de ano.
VEN0376;2025-12-19;CLI006;PROD018;FUN030;Loja Física;3;160.85;482.55;5.0;24.13;458.42;279.0;179.42;39.1;Boleto;6;Devolvida;São Paulo;SP;CC-COMERCIAL;Venda promocional de fim de ano.
VEN0377;2025-12-20;CLI089;PROD004;FUN022;E-commerce;3;59.03;177.09;15.0;26.56;150.53;84.0;66.53;44.2;Cartão de Crédito;2;Concluída;São Bernardo;SP;CC-COMERCIAL;Venda promocional de fim de ano.
VEN0378;2025-12-20;CLI006;PROD028;FUN022;WhatsApp;1;294.47;294.47;15.0;44.17;250.3;121.0;129.3;51.7;Boleto;6;Concluída;São Paulo;SP;CC-COMERCIAL;Venda promocional de fim de ano.
VEN0379;2025-12-20;CLI060;PROD001;FUN024;E-commerce;1;144.71;144.71;5.0;7.24;137.47;67.0;70.47;51.3;Boleto;2;Concluída;Barueri;SP;CC-COMERCIAL;Venda promocional de fim de ano.
VEN0380;2025-12-20;CLI038;PROD038;FUN031;Loja Física;1;137.27;137.27;10.0;13.73;123.54;60.0;63.54;51.4;PIX;4;Devolvida;Osasco;SP;CC-COMERCIAL;Venda promocional de fim de ano.
VEN0381;2025-12-21;CLI005;PROD013;FUN033;Loja Física;1;144.71;144.71;5.0;7.24;137.47;75.0;62.47;45.4;Boleto;1;Devolvida;Santo André;SP;CC-COMERCIAL;Venda promocional de fim de ano.
VEN0382;2025-12-21;CLI073;PROD074;FUN024;E-commerce;1;145.05;145.05;5.0;7.25;137.8;73.0;64.8;47.0;PIX;1;Concluída;Barueri;SP;CC-COMERCIAL;Venda promocional de fim de ano.
VEN0383;2025-12-21;CLI052;PROD002;FUN022;Loja Física;3;386.26;1158.78;5.0;57.94;1100.84;441.0;659.84;59.9;Cartão de Crédito;4;Concluída;São Paulo;SP;CC-COMERCIAL;Venda promocional de fim de ano.
VEN0384;2025-12-21;CLI074;PROD030;FUN022;Loja Física;1;102.21;102.21;15.0;15.33;86.88;39.0;47.88;55.1;Boleto;1;Concluída;Osasco;SP;CC-COMERCIAL;Venda promocional de fim de ano.
VEN0385;2025-12-21;CLI072;PROD004;FUN038;Loja Física;1;59.03;59.03;15.0;8.85;50.18;28.0;22.18;44.2;Boleto;1;Devolvida;São Paulo;SP;CC-COMERCIAL;Venda promocional de fim de ano.
VEN0386;2025-12-21;CLI046;PROD076;FUN029;Loja Física;2;149.13;298.26;15.0;44.74;253.52;152.0;101.52;40.0;Boleto;4;Concluída;São Bernardo;SP;CC-COMERCIAL;Venda promocional de fim de ano.
VEN0387;2025-12-21;CLI102;PROD034;FUN023;Loja Física;1;164.97;164.97;10.0;16.5;148.47;89.0;59.47;40.1;Cartão de Crédito;1;Concluída;São Paulo;SP;CC-COMERCIAL;Venda promocional de fim de ano.
VEN0388;2025-12-22;CLI006;PROD037;FUN027;E-commerce;1;465.86;465.86;15.0;69.88;395.98;173.0;222.98;56.3;Cartão de Crédito;1;Concluída;São Paulo;SP;CC-COMERCIAL;Venda promocional de fim de ano.
VEN0389;2025-12-22;CLI114;PROD046;FUN028;Loja Física;1;404.19;404.19;10.0;40.42;363.77;151.0;212.77;58.5;Cartão de Débito;3;Concluída;Osasco;SP;CC-COMERCIAL;Venda promocional de fim de ano.
VEN0390;2025-12-22;CLI053;PROD037;FUN039;E-commerce;1;465.86;465.86;10.0;46.59;419.27;173.0;246.27;58.7;Cartão de Crédito;2;Concluída;São Bernardo;SP;CC-COMERCIAL;Venda promocional de fim de ano.
VEN0391;2025-12-22;CLI060;PROD048;FUN022;Loja Física;2;85.11;170.22;15.0;25.53;144.69;72.0;72.69;50.2;PIX;1;Concluída;Barueri;SP;CC-COMERCIAL;Venda promocional de fim de ano.
VEN0392;2025-12-22;CLI074;PROD033;FUN031;Loja Física;1;158.79;158.79;5.0;7.94;150.85;63.0;87.85;58.2;Cartão de Débito;2;Devolvida;Osasco;SP;CC-COMERCIAL;Venda promocional de fim de ano.
VEN0393;2025-12-23;CLI081;PROD023;FUN035;Loja Física;2;481.91;963.82;5.0;48.19;0.0;354.0;0.0;0.0;PIX;1;Cancelada;São Bernardo;SP;CC-COMERCIAL;Venda promocional de fim de ano.
VEN0394;2025-12-23;CLI053;PROD055;FUN027;E-commerce;1;210.16;210.16;15.0;31.52;0.0;104.0;0.0;0.0;Cartão de Débito;3;Cancelada;São Bernardo;SP;CC-COMERCIAL;Venda promocional de fim de ano.
VEN0395;2025-12-23;CLI095;PROD065;FUN027;Loja Física;2;277.85;555.7;5.0;27.79;527.91;294.0;233.91;44.3;Cartão de Débito;6;Concluída;São Paulo;SP;CC-COMERCIAL;Venda promocional de fim de ano.
VEN0396;2025-12-23;CLI042;PROD027;FUN023;E-commerce;3;74.8;224.4;10.0;22.44;201.96;84.0;117.96;58.4;PIX;1;Concluída;São Bernardo;SP;CC-COMERCIAL;Venda promocional de fim de ano.
VEN0397;2025-12-23;CLI116;PROD037;FUN039;Loja Física;2;465.86;931.72;10.0;93.17;838.55;346.0;492.55;58.7;Boleto;6;Concluída;São Bernardo;SP;CC-COMERCIAL;Venda promocional de fim de ano.
VEN0398;2025-12-24;CLI089;PROD014;FUN026;E-commerce;2;373.62;747.24;15.0;112.09;0.0;336.0;0.0;0.0;Cartão de Crédito;1;Cancelada;São Bernardo;SP;CC-COMERCIAL;Venda promocional de fim de ano.
VEN0399;2025-12-24;CLI043;PROD076;FUN039;Loja Física;2;149.13;298.26;10.0;29.83;268.43;152.0;116.43;43.4;Cartão de Crédito;6;Devolvida;Guarulhos;SP;CC-COMERCIAL;Venda promocional de fim de ano.
VEN0400;2025-12-24;CLI028;PROD023;FUN032;Loja Física;1;481.91;481.91;5.0;24.1;0.0;177.0;0.0;0.0;Cartão de Crédito;6;Cancelada;Santo André;SP;CC-COMERCIAL;Venda promocional de fim de ano.
VEN0401;2025-12-24;CLI043;PROD038;FUN026;E-commerce;1;137.27;137.27;10.0;13.73;123.54;60.0;63.54;51.4;Cartão de Débito;4;Devolvida;Guarulhos;SP;CC-COMERCIAL;Venda promocional de fim de ano.
VEN0402;2025-12-24;CLI081;PROD062;FUN025;E-commerce;2;176.28;352.56;5.0;17.63;334.93;176.0;158.93;47.5;Cartão de Débito;4;Devolvida;São Bernardo;SP;CC-COMERCIAL;Venda promocional de fim de ano.
VEN0403;2025-12-24;CLI006;PROD019;FUN034;E-commerce;1;257.17;257.17;10.0;25.72;0.0;151.0;0.0;0.0;Cartão de Crédito;1;Cancelada;São Paulo;SP;CC-COMERCIAL;Venda promocional de fim de ano.
VEN0404;2025-12-25;CLI073;PROD077;FUN023;Loja Física;2;177.76;355.52;15.0;53.33;302.19;130.0;172.19;57.0;Boleto;1;Concluída;Barueri;SP;CC-COMERCIAL;Venda promocional de fim de ano.
VEN0405;2025-12-25;CLI044;PROD066;FUN029;E-commerce;1;204.6;204.6;10.0;20.46;184.14;80.0;104.14;56.6;Cartão de Crédito;3;Concluída;Osasco;SP;CC-COMERCIAL;Venda promocional de fim de ano.
VEN0406;2025-12-25;CLI060;PROD024;FUN024;E-commerce;1;120.51;120.51;15.0;18.08;102.43;68.0;34.43;33.6;Boleto;6;Concluída;Barueri;SP;CC-COMERCIAL;Venda promocional de fim de ano.
VEN0407;2025-12-25;CLI081;PROD015;FUN039;Loja Física;1;304.13;304.13;15.0;45.62;0.0;112.0;0.0;0.0;Cartão de Débito;1;Cancelada;São Bernardo;SP;CC-COMERCIAL;Venda promocional de fim de ano.
VEN0408;2025-12-25;CLI116;PROD028;FUN031;E-commerce;1;294.47;294.47;10.0;29.45;265.02;121.0;144.02;54.3;PIX;2;Concluída;São Bernardo;SP;CC-COMERCIAL;Venda promocional de fim de ano.
VEN0409;2025-12-25;CLI002;PROD066;FUN024;Loja Física;1;204.6;204.6;10.0;20.46;184.14;80.0;104.14;56.6;PIX;1;Concluída;São Paulo;SP;CC-COMERCIAL;Venda promocional de fim de ano.
VEN0410;2025-12-26;CLI116;PROD046;FUN022;E-commerce;1;404.19;404.19;5.0;20.21;383.98;151.0;232.98;60.7;Cartão de Débito;1;Concluída;São Bernardo;SP;CC-COMERCIAL;Venda promocional de fim de ano.
VEN0411;2025-12-26;CLI116;PROD022;FUN036;E-commerce;1;162.46;162.46;10.0;16.25;146.21;68.0;78.21;53.5;Cartão de Débito;1;Concluída;São Bernardo;SP;CC-COMERCIAL;Venda promocional de fim de ano.
VEN0412;2025-12-26;CLI035;PROD049;FUN022;Loja Física;1;57.41;57.41;15.0;8.61;0.0;27.0;0.0;0.0;Boleto;3;Cancelada;São Paulo;SP;CC-COMERCIAL;Venda promocional de fim de ano.
VEN0413;2025-12-26;CLI114;PROD078;FUN031;E-commerce;3;300.12;900.36;10.0;90.04;810.32;408.0;402.32;49.6;Boleto;3;Concluída;Osasco;SP;CC-COMERCIAL;Venda promocional de fim de ano.
VEN0414;2025-12-26;CLI081;PROD058;FUN030;E-commerce;2;106.34;212.68;20.0;42.54;0.0;88.0;0.0;0.0;Boleto;1;Cancelada;São Bernardo;SP;CC-COMERCIAL;Venda promocional de fim de ano.
VEN0415;2025-12-27;CLI098;PROD008;FUN027;Loja Física;1;374.42;374.42;10.0;37.44;336.98;152.0;184.98;54.9;PIX;6;Concluída;Barueri;SP;CC-COMERCIAL;Venda promocional de fim de ano.
VEN0416;2025-12-27;CLI074;PROD053;FUN037;Loja Física;1;369.45;369.45;15.0;55.42;314.03;165.0;149.03;47.5;Cartão de Débito;1;Concluída;Osasco;SP;CC-COMERCIAL;Venda promocional de fim de ano.
VEN0417;2025-12-27;CLI060;PROD079;FUN039;E-commerce;1;293.22;293.22;15.0;43.98;0.0;123.0;0.0;0.0;Cartão de Débito;1;Cancelada;Barueri;SP;CC-COMERCIAL;Venda promocional de fim de ano.
VEN0418;2025-12-27;CLI098;PROD072;FUN025;Loja Física;1;145.08;145.08;5.0;7.25;137.83;52.0;85.83;62.3;PIX;1;Devolvida;Barueri;SP;CC-COMERCIAL;Venda promocional de fim de ano.
VEN0419;2025-12-28;CLI073;PROD072;FUN030;E-commerce;2;145.08;290.16;15.0;43.52;246.64;104.0;142.64;57.8;Cartão de Crédito;3;Devolvida;Barueri;SP;CC-COMERCIAL;Venda promocional de fim de ano.
VEN0420;2025-12-28;CLI044;PROD007;FUN028;E-commerce;1;239.77;239.77;15.0;35.97;203.8;138.0;65.8;32.3;PIX;1;Concluída;Osasco;SP;CC-COMERCIAL;Venda promocional de fim de ano.
VEN0421;2025-12-28;CLI044;PROD035;FUN023;Loja Física;1;87.94;87.94;15.0;13.19;0.0;32.0;0.0;0.0;Cartão de Débito;1;Cancelada;Osasco;SP;CC-COMERCIAL;Venda promocional de fim de ano.
VEN0422;2025-12-28;CLI060;PROD021;FUN021;Loja Física;3;369.09;1107.27;15.0;166.09;941.18;540.0;401.18;42.6;Cartão de Débito;3;Concluída;Barueri;SP;CC-COMERCIAL;Venda promocional de fim de ano.
VEN0423;2025-12-28;CLI042;PROD019;FUN021;E-commerce;1;257.17;257.17;15.0;38.58;218.59;151.0;67.59;30.9;Boleto;6;Concluída;São Bernardo;SP;CC-COMERCIAL;Venda promocional de fim de ano.
VEN0424;2025-12-28;CLI060;PROD026;FUN039;E-commerce;1;184.7;184.7;15.0;27.7;157.0;86.0;71.0;45.2;Cartão de Crédito;1;Concluída;Barueri;SP;CC-COMERCIAL;Venda promocional de fim de ano.
VEN0425;2025-12-28;CLI074;PROD002;FUN038;E-commerce;1;386.26;386.26;10.0;38.63;347.63;147.0;200.63;57.7;Boleto;6;Concluída;Osasco;SP;CC-COMERCIAL;Venda promocional de fim de ano.
VEN0426;2025-12-28;CLI081;PROD023;FUN030;Loja Física;3;481.91;1445.73;10.0;144.57;1301.16;531.0;770.16;59.2;Boleto;4;Concluída;São Bernardo;SP;CC-COMERCIAL;Venda promocional de fim de ano.
VEN0427;2025-12-29;CLI078;PROD028;FUN034;E-commerce;1;294.47;294.47;10.0;29.45;265.02;121.0;144.02;54.3;Boleto;1;Concluída;São Paulo;SP;CC-COMERCIAL;Venda promocional de fim de ano.
VEN0428;2025-12-29;CLI043;PROD007;FUN036;E-commerce;1;239.77;239.77;10.0;23.98;215.79;138.0;77.79;36.0;Boleto;3;Concluída;Guarulhos;SP;CC-COMERCIAL;Venda promocional de fim de ano.
VEN0429;2025-12-29;CLI035;PROD041;FUN030;WhatsApp;1;261.74;261.74;15.0;39.26;222.48;132.0;90.48;40.7;Boleto;1;Concluída;São Paulo;SP;CC-COMERCIAL;Venda promocional de fim de ano.
VEN0430;2025-12-29;CLI013;PROD014;FUN029;Loja Física;2;373.62;747.24;5.0;37.36;709.88;336.0;373.88;52.7;Boleto;2;Concluída;Osasco;SP;CC-COMERCIAL;Venda promocional de fim de ano.
VEN0431;2025-12-30;CLI042;PROD021;FUN022;Loja Física;1;369.09;369.09;15.0;55.36;313.73;180.0;133.73;42.6;Cartão de Crédito;1;Concluída;São Bernardo;SP;CC-COMERCIAL;Venda promocional de fim de ano.
VEN0432;2025-12-30;CLI114;PROD078;FUN025;E-commerce;1;300.12;300.12;10.0;30.01;270.11;136.0;134.11;49.7;Cartão de Crédito;6;Concluída;Osasco;SP;CC-COMERCIAL;Venda promocional de fim de ano.
VEN0433;2025-12-30;CLI101;PROD027;FUN027;Loja Física;3;74.8;224.4;10.0;22.44;201.96;84.0;117.96;58.4;PIX;2;Concluída;Santo André;SP;CC-COMERCIAL;Venda promocional de fim de ano.
VEN0434;2025-12-30;CLI042;PROD005;FUN021;E-commerce;2;159.53;319.06;15.0;47.86;271.2;124.0;147.2;54.3;Boleto;1;Concluída;São Bernardo;SP;CC-COMERCIAL;Venda promocional de fim de ano.
VEN0435;2025-12-31;CLI107;PROD076;FUN029;Loja Física;2;149.13;298.26;10.0;29.83;268.43;152.0;116.43;43.4;Boleto;1;Devolvida;Barueri;SP;CC-COMERCIAL;Venda promocional de fim de ano.
VEN0436;2025-12-31;CLI022;PROD002;FUN034;Loja Física;1;386.26;386.26;15.0;57.94;328.32;147.0;181.32;55.2;PIX;1;Concluída;São Paulo;SP;CC-COMERCIAL;Venda promocional de fim de ano.
VEN0437;2025-12-31;CLI060;PROD020;FUN039;Loja Física;1;449.09;449.09;15.0;67.36;381.73;178.0;203.73;53.4;Cartão de Débito;4;Concluída;Barueri;SP;CC-COMERCIAL;Venda promocional de fim de ano.
VEN0438;2025-12-31;CLI079;PROD046;FUN035;E-commerce;1;404.19;404.19;5.0;20.21;383.98;151.0;232.98;60.7;PIX;1;Concluída;Osasco;SP;CC-COMERCIAL;Venda promocional de fim de ano.
VEN0439;2025-12-31;CLI090;PROD041;FUN025;Loja Física;2;261.74;523.48;10.0;52.35;471.13;264.0;207.13;44.0;Cartão de Débito;1;Concluída;Osasco;SP;CC-COMERCIAL;Venda promocional de fim de ano.
VEN0440;2025-12-31;CLI080;PROD066;FUN033;E-commerce;1;204.6;204.6;10.0;20.46;184.14;80.0;104.14;56.6;PIX;3;Devolvida;São Bernardo;SP;CC-COMERCIAL;Venda promocional de fim de ano.
VEN0441;2026-01-01;CLI014;PROD004;FUN027;E-commerce;1;59.03;59.03;0.0;0.0;0.0;28.0;0.0;0.0;Cartão de Crédito;2;Cancelada;Guarulhos;SP;CC-COMERCIAL;Venda regular.
VEN0442;2026-01-01;CLI010;PROD058;FUN032;Loja Física;1;106.34;106.34;0.0;0.0;106.34;44.0;62.34;58.6;Cartão de Débito;3;Devolvida;Santo André;SP;CC-COMERCIAL;Venda regular.
VEN0443;2026-01-01;CLI013;PROD073;FUN035;E-commerce;1;188.38;188.38;5.0;9.42;178.96;77.0;101.96;57.0;Cartão de Débito;6;Concluída;Osasco;SP;CC-COMERCIAL;Venda regular.
VEN0444;2026-01-01;CLI042;PROD014;FUN034;Loja Física;3;373.62;1120.86;0.0;0.0;0.0;504.0;0.0;0.0;Cartão de Crédito;1;Cancelada;São Bernardo;SP;CC-COMERCIAL;Venda regular.
VEN0445;2026-01-01;CLI107;PROD052;FUN028;Loja Física;1;232.1;232.1;0.0;0.0;232.1;124.0;108.1;46.6;Cartão de Crédito;1;Concluída;Barueri;SP;CC-COMERCIAL;Venda regular.
VEN0446;2026-01-02;CLI101;PROD033;FUN028;Loja Física;4;158.79;635.16;0.0;0.0;635.16;252.0;383.16;60.3;Cartão de Débito;3;Devolvida;Santo André;SP;CC-COMERCIAL;Venda regular.
VEN0447;2026-01-04;CLI042;PROD079;FUN027;Loja Física;1;293.22;293.22;0.0;0.0;0.0;123.0;0.0;0.0;Boleto;1;Cancelada;São Bernardo;SP;CC-COMERCIAL;Venda regular.
VEN0448;2026-01-05;CLI081;PROD018;FUN023;Loja Física;1;160.85;160.85;0.0;0.0;160.85;93.0;67.85;42.2;Cartão de Crédito;2;Concluída;São Bernardo;SP;CC-COMERCIAL;Venda regular.
VEN0449;2026-01-05;CLI104;PROD052;FUN025;E-commerce;1;232.1;232.1;0.0;0.0;232.1;124.0;108.1;46.6;Boleto;4;Devolvida;São Paulo;SP;CC-COMERCIAL;Venda regular.
VEN0450;2026-01-05;CLI043;PROD020;FUN032;Loja Física;2;449.09;898.18;0.0;0.0;898.18;356.0;542.18;60.4;Boleto;3;Concluída;Guarulhos;SP;CC-COMERCIAL;Venda regular.
VEN0451;2026-01-06;CLI060;PROD007;FUN025;E-commerce;2;239.77;479.54;0.0;0.0;479.54;276.0;203.54;42.4;Cartão de Débito;6;Concluída;Barueri;SP;CC-COMERCIAL;Venda regular.
VEN0452;2026-01-06;CLI042;PROD022;FUN032;E-commerce;1;162.46;162.46;0.0;0.0;0.0;68.0;0.0;0.0;Cartão de Débito;2;Cancelada;São Bernardo;SP;CC-COMERCIAL;Venda regular.
VEN0453;2026-01-06;CLI074;PROD060;FUN027;Loja Física;2;355.5;711.0;0.0;0.0;711.0;314.0;397.0;55.8;Cartão de Crédito;1;Concluída;Osasco;SP;CC-COMERCIAL;Venda regular.
VEN0454;2026-01-06;CLI060;PROD077;FUN033;E-commerce;2;177.76;355.52;0.0;0.0;355.52;130.0;225.52;63.4;Boleto;1;Concluída;Barueri;SP;CC-COMERCIAL;Venda regular.
VEN0455;2026-01-06;CLI040;PROD004;FUN022;Loja Física;1;59.03;59.03;0.0;0.0;59.03;28.0;31.03;52.6;Boleto;2;Concluída;São Bernardo;SP;CC-COMERCIAL;Venda regular.
VEN0456;2026-01-07;CLI060;PROD024;FUN027;E-commerce;4;120.51;482.04;0.0;0.0;482.04;272.0;210.04;43.6;PIX;2;Devolvida;Barueri;SP;CC-COMERCIAL;Venda regular.
VEN0457;2026-01-07;CLI060;PROD033;FUN037;Loja Física;1;158.79;158.79;0.0;0.0;158.79;63.0;95.79;60.3;Cartão de Débito;1;Devolvida;Barueri;SP;CC-COMERCIAL;Venda regular.
VEN0458;2026-01-08;CLI053;PROD058;FUN025;E-commerce;1;106.34;106.34;0.0;0.0;106.34;44.0;62.34;58.6;Cartão de Débito;2;Devolvida;São Bernardo;SP;CC-COMERCIAL;Venda regular.
VEN0459;2026-01-08;CLI043;PROD029;FUN024;E-commerce;2;298.41;596.82;0.0;0.0;596.82;336.0;260.82;43.7;Cartão de Débito;3;Concluída;Guarulhos;SP;CC-COMERCIAL;Venda regular.
VEN0460;2026-01-08;CLI034;PROD003;FUN036;Loja Física;1;160.15;160.15;0.0;0.0;160.15;71.0;89.15;55.7;Boleto;3;Concluída;Guarulhos;SP;CC-COMERCIAL;Venda regular.
VEN0461;2026-01-08;CLI042;PROD067;FUN038;E-commerce;1;400.84;400.84;0.0;0.0;400.84;148.0;252.84;63.1;Boleto;1;Concluída;São Bernardo;SP;CC-COMERCIAL;Venda regular.
VEN0462;2026-01-09;CLI073;PROD066;FUN022;WhatsApp;1;204.6;204.6;0.0;0.0;204.6;80.0;124.6;60.9;Cartão de Crédito;2;Concluída;Barueri;SP;CC-COMERCIAL;Venda regular.
VEN0463;2026-01-09;CLI110;PROD013;FUN022;E-commerce;2;144.71;289.42;0.0;0.0;0.0;150.0;0.0;0.0;Boleto;1;Cancelada;Osasco;SP;CC-COMERCIAL;Venda regular.
VEN0464;2026-01-09;CLI112;PROD053;FUN030;Loja Física;1;369.45;369.45;0.0;0.0;369.45;165.0;204.45;55.3;Cartão de Crédito;4;Concluída;Guarulhos;SP;CC-COMERCIAL;Venda regular.
VEN0465;2026-01-10;CLI117;PROD006;FUN033;E-commerce;2;76.32;152.64;0.0;0.0;0.0;70.0;0.0;0.0;Cartão de Crédito;1;Cancelada;Guarulhos;SP;CC-COMERCIAL;Venda regular.
VEN0466;2026-01-10;CLI002;PROD029;FUN035;E-commerce;2;298.41;596.82;0.0;0.0;596.82;336.0;260.82;43.7;PIX;1;Devolvida;São Paulo;SP;CC-COMERCIAL;Venda regular.
VEN0467;2026-01-10;CLI002;PROD020;FUN038;E-commerce;1;449.09;449.09;0.0;0.0;449.09;178.0;271.09;60.4;PIX;2;Concluída;São Paulo;SP;CC-COMERCIAL;Venda regular.
VEN0468;2026-01-10;CLI081;PROD050;FUN024;E-commerce;2;321.78;643.56;5.0;32.18;611.38;340.0;271.38;44.4;Cartão de Débito;3;Concluída;São Bernardo;SP;CC-COMERCIAL;Venda regular.
VEN0469;2026-01-10;CLI114;PROD013;FUN024;Loja Física;1;144.71;144.71;0.0;0.0;144.71;75.0;69.71;48.2;Cartão de Crédito;4;Concluída;Osasco;SP;CC-COMERCIAL;Venda regular.
VEN0470;2026-01-10;CLI015;PROD005;FUN035;Loja Física;3;159.53;478.59;0.0;0.0;478.59;186.0;292.59;61.1;Cartão de Débito;6;Concluída;Guarulhos;SP;CC-COMERCIAL;Venda regular.
VEN0471;2026-01-11;CLI002;PROD051;FUN030;Loja Física;2;366.05;732.1;0.0;0.0;0.0;358.0;0.0;0.0;Boleto;1;Cancelada;São Paulo;SP;CC-COMERCIAL;Venda regular.
VEN0472;2026-01-11;CLI066;PROD014;FUN022;WhatsApp;1;373.62;373.62;0.0;0.0;0.0;168.0;0.0;0.0;Cartão de Crédito;1;Cancelada;São Paulo;SP;CC-COMERCIAL;Venda regular.
VEN0473;2026-01-11;CLI039;PROD001;FUN029;Loja Física;1;144.71;144.71;0.0;0.0;144.71;67.0;77.71;53.7;Boleto;2;Concluída;Guarulhos;SP;CC-COMERCIAL;Venda regular.
VEN0474;2026-01-11;CLI037;PROD005;FUN039;E-commerce;2;159.53;319.06;0.0;0.0;319.06;124.0;195.06;61.1;PIX;4;Concluída;São Bernardo;SP;CC-COMERCIAL;Venda regular.
VEN0475;2026-01-12;CLI112;PROD050;FUN033;WhatsApp;1;321.78;321.78;0.0;0.0;321.78;170.0;151.78;47.2;PIX;4;Concluída;Guarulhos;SP;CC-COMERCIAL;Venda regular.
VEN0476;2026-01-12;CLI112;PROD048;FUN030;Loja Física;1;85.11;85.11;0.0;0.0;0.0;36.0;0.0;0.0;PIX;4;Cancelada;Guarulhos;SP;CC-COMERCIAL;Venda regular.
VEN0477;2026-01-12;CLI104;PROD073;FUN039;Loja Física;2;188.38;376.76;0.0;0.0;376.76;154.0;222.76;59.1;Cartão de Crédito;3;Concluída;São Paulo;SP;CC-COMERCIAL;Venda regular.
VEN0478;2026-01-14;CLI030;PROD037;FUN030;Loja Física;1;465.86;465.86;0.0;0.0;465.86;173.0;292.86;62.9;Cartão de Crédito;3;Concluída;São Bernardo;SP;CC-COMERCIAL;Venda regular.
VEN0479;2026-01-14;CLI104;PROD064;FUN032;E-commerce;2;241.43;482.86;0.0;0.0;482.86;216.0;266.86;55.3;Boleto;1;Devolvida;São Paulo;SP;CC-COMERCIAL;Venda regular.
VEN0480;2026-01-15;CLI089;PROD014;FUN032;Loja Física;1;373.62;373.62;0.0;0.0;373.62;168.0;205.62;55.0;Boleto;1;Devolvida;São Bernardo;SP;CC-COMERCIAL;Venda regular.
VEN0481;2026-01-16;CLI116;PROD071;FUN036;Loja Física;2;242.96;485.92;0.0;0.0;485.92;204.0;281.92;58.0;Cartão de Crédito;1;Concluída;São Bernardo;SP;CC-COMERCIAL;Venda regular.
VEN0482;2026-01-18;CLI043;PROD046;FUN035;Loja Física;1;404.19;404.19;0.0;0.0;404.19;151.0;253.19;62.6;Cartão de Crédito;2;Concluída;Guarulhos;SP;CC-COMERCIAL;Venda regular.
VEN0483;2026-01-19;CLI081;PROD021;FUN034;Loja Física;1;369.09;369.09;5.0;18.45;0.0;180.0;0.0;0.0;Boleto;2;Cancelada;São Bernardo;SP;CC-COMERCIAL;Venda regular.
VEN0484;2026-01-19;CLI053;PROD048;FUN036;Loja Física;1;85.11;85.11;0.0;0.0;0.0;36.0;0.0;0.0;PIX;6;Cancelada;São Bernardo;SP;CC-COMERCIAL;Venda regular.
VEN0485;2026-01-19;CLI066;PROD013;FUN036;E-commerce;1;144.71;144.71;0.0;0.0;144.71;75.0;69.71;48.2;Boleto;4;Concluída;São Paulo;SP;CC-COMERCIAL;Venda regular.
VEN0486;2026-01-19;CLI049;PROD064;FUN026;Loja Física;1;241.43;241.43;5.0;12.07;229.36;108.0;121.36;52.9;PIX;3;Devolvida;Barueri;SP;CC-COMERCIAL;Venda regular.
VEN0487;2026-01-20;CLI060;PROD064;FUN022;E-commerce;1;241.43;241.43;0.0;0.0;241.43;108.0;133.43;55.3;PIX;1;Devolvida;Barueri;SP;CC-COMERCIAL;Venda regular.
VEN0488;2026-01-20;CLI002;PROD013;FUN034;E-commerce;1;144.71;144.71;0.0;0.0;0.0;75.0;0.0;0.0;Cartão de Crédito;4;Cancelada;São Paulo;SP;CC-COMERCIAL;Venda regular.
VEN0489;2026-01-21;CLI074;PROD002;FUN038;E-commerce;1;386.26;386.26;0.0;0.0;386.26;147.0;239.26;61.9;Cartão de Crédito;3;Concluída;Osasco;SP;CC-COMERCIAL;Venda regular.
VEN0490;2026-01-21;CLI081;PROD038;FUN026;Loja Física;1;137.27;137.27;0.0;0.0;137.27;60.0;77.27;56.3;Boleto;1;Concluída;São Bernardo;SP;CC-COMERCIAL;Venda regular.
VEN0491;2026-01-23;CLI112;PROD061;FUN037;WhatsApp;1;141.65;141.65;0.0;0.0;141.65;82.0;59.65;42.1;Boleto;1;Devolvida;Guarulhos;SP;CC-COMERCIAL;Venda regular.
VEN0492;2026-01-24;CLI042;PROD054;FUN025;Loja Física;2;314.36;628.72;0.0;0.0;628.72;356.0;272.72;43.4;Boleto;6;Concluída;São Bernardo;SP;CC-COMERCIAL;Venda regular.
VEN0493;2026-01-24;CLI081;PROD014;FUN036;Loja Física;1;373.62;373.62;0.0;0.0;373.62;168.0;205.62;55.0;Boleto;2;Devolvida;São Bernardo;SP;CC-COMERCIAL;Venda regular.
VEN0494;2026-01-25;CLI114;PROD020;FUN025;WhatsApp;1;449.09;449.09;0.0;0.0;449.09;178.0;271.09;60.4;PIX;4;Concluída;Osasco;SP;CC-COMERCIAL;Venda regular.
VEN0495;2026-01-25;CLI003;PROD077;FUN028;WhatsApp;2;177.76;355.52;5.0;17.78;0.0;130.0;0.0;0.0;Cartão de Crédito;6;Cancelada;Barueri;SP;CC-COMERCIAL;Venda regular.
VEN0496;2026-01-26;CLI043;PROD071;FUN027;Loja Física;2;242.96;485.92;0.0;0.0;0.0;204.0;0.0;0.0;Boleto;3;Cancelada;Guarulhos;SP;CC-COMERCIAL;Venda regular.
VEN0497;2026-01-26;CLI010;PROD080;FUN034;Loja Física;2;139.03;278.06;0.0;0.0;278.06;160.0;118.06;42.5;Cartão de Crédito;3;Concluída;Santo André;SP;CC-COMERCIAL;Venda regular.
VEN0498;2026-01-28;CLI081;PROD079;FUN032;WhatsApp;2;293.22;586.44;5.0;29.32;557.12;246.0;311.12;55.8;Cartão de Crédito;1;Devolvida;São Bernardo;SP;CC-COMERCIAL;Venda regular.
VEN0499;2026-01-29;CLI053;PROD034;FUN030;E-commerce;2;164.97;329.94;0.0;0.0;329.94;178.0;151.94;46.1;Cartão de Débito;2;Concluída;São Bernardo;SP;CC-COMERCIAL;Venda regular.
VEN0500;2026-01-29;CLI013;PROD023;FUN036;Loja Física;1;481.91;481.91;0.0;0.0;481.91;177.0;304.91;63.3;Cartão de Crédito;1;Concluída;Osasco;SP;CC-COMERCIAL;Venda regular.
VEN0501;2026-01-29;CLI053;PROD026;FUN027;E-commerce;2;184.7;369.4;0.0;0.0;0.0;172.0;0.0;0.0;Cartão de Crédito;1;Cancelada;São Bernardo;SP;CC-COMERCIAL;Venda regular.
VEN0502;2026-01-30;CLI062;PROD045;FUN025;Loja Física;1;233.84;233.84;5.0;11.69;222.15;102.0;120.15;54.1;Boleto;1;Concluída;Osasco;SP;CC-COMERCIAL;Venda regular.
VEN0503;2026-01-31;CLI047;PROD017;FUN033;Loja Física;1;252.12;252.12;5.0;12.61;239.51;123.0;116.51;48.6;Boleto;1;Concluída;São Paulo;SP;CC-COMERCIAL;Venda regular.
VEN0504;2026-01-31;CLI073;PROD055;FUN029;Loja Física;4;210.16;840.64;0.0;0.0;0.0;416.0;0.0;0.0;Cartão de Crédito;6;Cancelada;Barueri;SP;CC-COMERCIAL;Venda regular.
VEN0505;2026-02-01;CLI114;PROD066;FUN022;WhatsApp;2;204.6;409.2;0.0;0.0;409.2;160.0;249.2;60.9;PIX;2;Concluída;Osasco;SP;CC-COMERCIAL;Venda regular.
VEN0506;2026-02-01;CLI024;PROD032;FUN034;Loja Física;3;222.05;666.15;0.0;0.0;666.15;375.0;291.15;43.7;Cartão de Débito;6;Concluída;Guarulhos;SP;CC-COMERCIAL;Venda regular.
VEN0507;2026-02-01;CLI006;PROD035;FUN036;E-commerce;1;87.94;87.94;0.0;0.0;0.0;32.0;0.0;0.0;PIX;1;Cancelada;São Paulo;SP;CC-COMERCIAL;Venda regular.
VEN0508;2026-02-02;CLI104;PROD078;FUN037;E-commerce;2;300.12;600.24;5.0;30.01;570.23;272.0;298.23;52.3;Cartão de Crédito;4;Devolvida;São Paulo;SP;CC-COMERCIAL;Venda regular.
VEN0509;2026-02-03;CLI116;PROD033;FUN027;Loja Física;2;158.79;317.58;0.0;0.0;317.58;126.0;191.58;60.3;Boleto;2;Concluída;São Bernardo;SP;CC-COMERCIAL;Venda regular.
VEN0510;2026-02-03;CLI053;PROD031;FUN038;E-commerce;1;172.09;172.09;0.0;0.0;172.09;99.0;73.09;42.5;Cartão de Débito;1;Concluída;São Bernardo;SP;CC-COMERCIAL;Venda regular.
VEN0511;2026-02-04;CLI073;PROD023;FUN022;Loja Física;1;481.91;481.91;0.0;0.0;481.91;177.0;304.91;63.3;PIX;6;Concluída;Barueri;SP;CC-COMERCIAL;Venda regular.
VEN0512;2026-02-04;CLI070;PROD018;FUN026;Loja Física;2;160.85;321.7;0.0;0.0;321.7;186.0;135.7;42.2;Boleto;1;Concluída;São Bernardo;SP;CC-COMERCIAL;Venda regular.
VEN0513;2026-02-04;CLI115;PROD031;FUN028;Loja Física;1;172.09;172.09;0.0;0.0;0.0;99.0;0.0;0.0;Cartão de Crédito;4;Cancelada;Guarulhos;SP;CC-COMERCIAL;Venda regular.
VEN0514;2026-02-05;CLI042;PROD017;FUN033;E-commerce;1;252.12;252.12;0.0;0.0;252.12;123.0;129.12;51.2;Cartão de Débito;4;Concluída;São Bernardo;SP;CC-COMERCIAL;Venda regular.
VEN0515;2026-02-05;CLI083;PROD004;FUN026;E-commerce;3;59.03;177.09;0.0;0.0;177.09;84.0;93.09;52.6;Cartão de Crédito;2;Concluída;São Paulo;SP;CC-COMERCIAL;Venda regular.
VEN0516;2026-02-07;CLI035;PROD079;FUN034;Loja Física;2;293.22;586.44;0.0;0.0;586.44;246.0;340.44;58.1;Cartão de Crédito;3;Devolvida;São Paulo;SP;CC-COMERCIAL;Venda regular.
VEN0517;2026-02-08;CLI116;PROD011;FUN036;E-commerce;1;283.61;283.61;0.0;0.0;283.61;127.0;156.61;55.2;PIX;1;Concluída;São Bernardo;SP;CC-COMERCIAL;Venda regular.
VEN0518;2026-02-08;CLI044;PROD034;FUN038;Loja Física;2;164.97;329.94;0.0;0.0;329.94;178.0;151.94;46.1;PIX;2;Concluída;Osasco;SP;CC-COMERCIAL;Venda regular.
VEN0519;2026-02-09;CLI094;PROD021;FUN025;WhatsApp;2;369.09;738.18;0.0;0.0;738.18;360.0;378.18;51.2;Cartão de Crédito;1;Concluída;São Bernardo;SP;CC-COMERCIAL;Venda regular.
VEN0520;2026-02-09;CLI112;PROD074;FUN024;Loja Física;1;145.05;145.05;5.0;7.25;137.8;73.0;64.8;47.0;Cartão de Crédito;3;Concluída;Guarulhos;SP;CC-COMERCIAL;Venda regular.
VEN0521;2026-02-10;CLI106;PROD074;FUN038;E-commerce;1;145.05;145.05;5.0;7.25;137.8;73.0;64.8;47.0;PIX;1;Devolvida;São Bernardo;SP;CC-COMERCIAL;Venda regular.
VEN0522;2026-02-10;CLI052;PROD028;FUN038;E-commerce;2;294.47;588.94;0.0;0.0;588.94;242.0;346.94;58.9;PIX;1;Concluída;São Paulo;SP;CC-COMERCIAL;Venda regular.
VEN0523;2026-02-11;CLI074;PROD067;FUN031;E-commerce;3;400.84;1202.52;0.0;0.0;1202.52;444.0;758.52;63.1;PIX;4;Devolvida;Osasco;SP;CC-COMERCIAL;Venda regular.
VEN0524;2026-02-13;CLI023;PROD016;FUN029;Loja Física;1;208.07;208.07;5.0;10.4;0.0;99.0;0.0;0.0;Cartão de Crédito;1;Cancelada;São Paulo;SP;CC-COMERCIAL;Venda regular.
VEN0525;2026-02-14;CLI114;PROD020;FUN038;E-commerce;2;449.09;898.18;5.0;44.91;853.27;356.0;497.27;58.3;Boleto;3;Devolvida;Osasco;SP;CC-COMERCIAL;Venda regular.
VEN0526;2026-02-14;CLI046;PROD053;FUN026;E-commerce;2;369.45;738.9;0.0;0.0;738.9;330.0;408.9;55.3;PIX;4;Concluída;São Bernardo;SP;CC-COMERCIAL;Venda regular.
VEN0527;2026-02-15;CLI073;PROD013;FUN023;Loja Física;4;144.71;578.84;0.0;0.0;578.84;300.0;278.84;48.2;Cartão de Débito;3;Concluída;Barueri;SP;CC-COMERCIAL;Venda regular.
VEN0528;2026-02-15;CLI025;PROD006;FUN029;Loja Física;3;76.32;228.96;5.0;11.45;217.51;105.0;112.51;51.7;Boleto;1;Concluída;Osasco;SP;CC-COMERCIAL;Venda regular.
VEN0529;2026-02-15;CLI042;PROD035;FUN037;Loja Física;1;87.94;87.94;0.0;0.0;0.0;32.0;0.0;0.0;PIX;1;Cancelada;São Bernardo;SP;CC-COMERCIAL;Venda regular.
VEN0530;2026-02-16;CLI061;PROD039;FUN029;E-commerce;2;57.26;114.52;0.0;0.0;114.52;54.0;60.52;52.8;PIX;1;Concluída;Osasco;SP;CC-COMERCIAL;Venda regular.
VEN0531;2026-02-18;CLI052;PROD008;FUN032;WhatsApp;2;374.42;748.84;5.0;37.44;0.0;304.0;0.0;0.0;Cartão de Débito;1;Cancelada;São Paulo;SP;CC-COMERCIAL;Venda regular.
VEN0532;2026-02-18;CLI042;PROD016;FUN025;Loja Física;2;208.07;416.14;0.0;0.0;416.14;198.0;218.14;52.4;Cartão de Débito;1;Concluída;São Bernardo;SP;CC-COMERCIAL;Venda regular.
VEN0533;2026-02-19;CLI112;PROD046;FUN027;Loja Física;2;404.19;808.38;0.0;0.0;0.0;302.0;0.0;0.0;Cartão de Crédito;4;Cancelada;Guarulhos;SP;CC-COMERCIAL;Venda regular.
VEN0534;2026-02-19;CLI060;PROD044;FUN025;Loja Física;2;114.13;228.26;0.0;0.0;228.26;86.0;142.26;62.3;Cartão de Débito;4;Concluída;Barueri;SP;CC-COMERCIAL;Venda regular.
VEN0535;2026-02-19;CLI087;PROD042;FUN036;E-commerce;2;109.51;219.02;0.0;0.0;219.02;118.0;101.02;46.1;Cartão de Crédito;6;Concluída;Guarulhos;SP;CC-COMERCIAL;Venda regular.
VEN0536;2026-02-19;CLI056;PROD018;FUN038;Loja Física;2;160.85;321.7;0.0;0.0;321.7;186.0;135.7;42.2;PIX;6;Concluída;Santo André;SP;CC-COMERCIAL;Venda regular.
VEN0537;2026-02-22;CLI067;PROD050;FUN036;Loja Física;2;321.78;643.56;0.0;0.0;643.56;340.0;303.56;47.2;PIX;3;Concluída;Osasco;SP;CC-COMERCIAL;Venda regular.
VEN0538;2026-02-23;CLI116;PROD061;FUN034;WhatsApp;2;141.65;283.3;0.0;0.0;0.0;164.0;0.0;0.0;Cartão de Crédito;2;Cancelada;São Bernardo;SP;CC-COMERCIAL;Venda regular.
VEN0539;2026-02-23;CLI074;PROD042;FUN026;Loja Física;1;109.51;109.51;5.0;5.48;0.0;59.0;0.0;0.0;PIX;2;Cancelada;Osasco;SP;CC-COMERCIAL;Venda regular.
VEN0540;2026-02-23;CLI104;PROD040;FUN022;Loja Física;1;216.48;216.48;0.0;0.0;216.48;92.0;124.48;57.5;Cartão de Crédito;1;Concluída;São Paulo;SP;CC-COMERCIAL;Venda regular.
VEN0541;2026-02-23;CLI015;PROD072;FUN023;E-commerce;2;145.08;290.16;0.0;0.0;290.16;104.0;186.16;64.2;Cartão de Débito;1;Concluída;Guarulhos;SP;CC-COMERCIAL;Venda regular.
VEN0542;2026-02-24;CLI112;PROD013;FUN030;Loja Física;2;144.71;289.42;0.0;0.0;289.42;150.0;139.42;48.2;PIX;4;Devolvida;Guarulhos;SP;CC-COMERCIAL;Venda regular.
VEN0543;2026-02-24;CLI093;PROD034;FUN023;Loja Física;1;164.97;164.97;0.0;0.0;0.0;89.0;0.0;0.0;Boleto;2;Cancelada;São Bernardo;SP;CC-COMERCIAL;Venda regular.
VEN0544;2026-02-24;CLI114;PROD001;FUN039;WhatsApp;2;144.71;289.42;0.0;0.0;289.42;134.0;155.42;53.7;PIX;1;Concluída;Osasco;SP;CC-COMERCIAL;Venda regular.
VEN0545;2026-02-25;CLI081;PROD036;FUN025;Loja Física;1;281.02;281.02;0.0;0.0;281.02;119.0;162.02;57.7;Cartão de Crédito;4;Concluída;São Bernardo;SP;CC-COMERCIAL;Venda regular.
VEN0546;2026-02-25;CLI044;PROD063;FUN032;E-commerce;1;363.41;363.41;0.0;0.0;363.41;141.0;222.41;61.2;Boleto;1;Concluída;Osasco;SP;CC-COMERCIAL;Venda regular.
VEN0547;2026-02-25;CLI002;PROD025;FUN023;Loja Física;1;225.1;225.1;0.0;0.0;225.1;120.0;105.1;46.7;PIX;1;Concluída;São Paulo;SP;CC-COMERCIAL;Venda regular.
VEN0548;2026-02-26;CLI094;PROD059;FUN021;E-commerce;2;73.44;146.88;0.0;0.0;146.88;60.0;86.88;59.2;PIX;4;Concluída;São Bernardo;SP;CC-COMERCIAL;Venda regular.
VEN0549;2026-02-26;CLI118;PROD045;FUN029;E-commerce;1;233.84;233.84;0.0;0.0;0.0;102.0;0.0;0.0;Cartão de Débito;1;Cancelada;Guarulhos;SP;CC-COMERCIAL;Venda regular.
VEN0550;2026-02-27;CLI112;PROD064;FUN038;Loja Física;1;241.43;241.43;0.0;0.0;241.43;108.0;133.43;55.3;Boleto;3;Concluída;Guarulhos;SP;CC-COMERCIAL;Venda regular.
VEN0551;2026-03-01;CLI052;PROD036;FUN038;Loja Física;2;281.02;562.04;0.0;0.0;0.0;238.0;0.0;0.0;Cartão de Crédito;3;Cancelada;São Paulo;SP;CC-COMERCIAL;Venda regular.
VEN0552;2026-03-02;CLI049;PROD065;FUN031;E-commerce;3;277.85;833.55;0.0;0.0;833.55;441.0;392.55;47.1;Boleto;1;Devolvida;Barueri;SP;CC-COMERCIAL;Venda regular.
VEN0553;2026-03-02;CLI002;PROD007;FUN030;E-commerce;1;239.77;239.77;0.0;0.0;239.77;138.0;101.77;42.4;PIX;6;Devolvida;São Paulo;SP;CC-COMERCIAL;Venda regular.
VEN0554;2026-03-02;CLI014;PROD044;FUN030;Loja Física;1;114.13;114.13;0.0;0.0;114.13;43.0;71.13;62.3;Cartão de Débito;6;Devolvida;Guarulhos;SP;CC-COMERCIAL;Venda regular.
VEN0555;2026-03-03;CLI106;PROD041;FUN029;E-commerce;1;261.74;261.74;0.0;0.0;261.74;132.0;129.74;49.6;Cartão de Crédito;1;Concluída;São Bernardo;SP;CC-COMERCIAL;Venda regular.
VEN0556;2026-03-03;CLI061;PROD006;FUN024;E-commerce;1;76.32;76.32;5.0;3.82;72.5;35.0;37.5;51.7;Cartão de Débito;2;Concluída;Osasco;SP;CC-COMERCIAL;Venda regular.
VEN0557;2026-03-03;CLI025;PROD034;FUN039;E-commerce;2;164.97;329.94;0.0;0.0;329.94;178.0;151.94;46.1;Cartão de Crédito;1;Concluída;Osasco;SP;CC-COMERCIAL;Venda regular.
VEN0558;2026-03-03;CLI024;PROD024;FUN036;Loja Física;1;120.51;120.51;0.0;0.0;120.51;68.0;52.51;43.6;PIX;3;Concluída;Guarulhos;SP;CC-COMERCIAL;Venda regular.
VEN0559;2026-03-04;CLI104;PROD079;FUN030;Loja Física;1;293.22;293.22;0.0;0.0;293.22;123.0;170.22;58.1;Cartão de Crédito;1;Concluída;São Paulo;SP;CC-COMERCIAL;Venda regular.
VEN0560;2026-03-04;CLI053;PROD044;FUN038;Loja Física;1;114.13;114.13;5.0;5.71;108.42;43.0;65.42;60.3;PIX;3;Concluída;São Bernardo;SP;CC-COMERCIAL;Venda regular.
VEN0561;2026-03-04;CLI081;PROD011;FUN039;E-commerce;1;283.61;283.61;0.0;0.0;283.61;127.0;156.61;55.2;Cartão de Débito;1;Concluída;São Bernardo;SP;CC-COMERCIAL;Venda regular.
VEN0562;2026-03-05;CLI114;PROD045;FUN033;Loja Física;1;233.84;233.84;0.0;0.0;233.84;102.0;131.84;56.4;Cartão de Débito;6;Concluída;Osasco;SP;CC-COMERCIAL;Venda regular.
VEN0563;2026-03-05;CLI028;PROD013;FUN037;Loja Física;4;144.71;578.84;0.0;0.0;578.84;300.0;278.84;48.2;Cartão de Débito;6;Concluída;Santo André;SP;CC-COMERCIAL;Venda regular.
VEN0564;2026-03-05;CLI013;PROD036;FUN034;WhatsApp;1;281.02;281.02;0.0;0.0;281.02;119.0;162.02;57.7;Cartão de Débito;1;Concluída;Osasco;SP;CC-COMERCIAL;Venda regular.
VEN0565;2026-03-06;CLI002;PROD014;FUN035;Loja Física;2;373.62;747.24;0.0;0.0;747.24;336.0;411.24;55.0;Boleto;2;Concluída;São Paulo;SP;CC-COMERCIAL;Venda regular.
VEN0566;2026-03-06;CLI114;PROD001;FUN022;E-commerce;3;144.71;434.13;0.0;0.0;434.13;201.0;233.13;53.7;Cartão de Débito;1;Concluída;Osasco;SP;CC-COMERCIAL;Venda regular.
VEN0567;2026-03-06;CLI116;PROD038;FUN029;Loja Física;1;137.27;137.27;0.0;0.0;0.0;60.0;0.0;0.0;Cartão de Crédito;4;Cancelada;São Bernardo;SP;CC-COMERCIAL;Venda regular.
VEN0568;2026-03-07;CLI008;PROD022;FUN031;E-commerce;2;162.46;324.92;0.0;0.0;324.92;136.0;188.92;58.1;Cartão de Débito;3;Concluída;Osasco;SP;CC-COMERCIAL;Venda regular.
VEN0569;2026-03-07;CLI001;PROD059;FUN027;Loja Física;2;73.44;146.88;0.0;0.0;146.88;60.0;86.88;59.2;PIX;4;Devolvida;Barueri;SP;CC-COMERCIAL;Venda regular.
VEN0570;2026-03-08;CLI005;PROD025;FUN037;Loja Física;1;225.1;225.1;0.0;0.0;225.1;120.0;105.1;46.7;Cartão de Crédito;1;Devolvida;Santo André;SP;CC-COMERCIAL;Venda regular.
VEN0571;2026-03-08;CLI053;PROD017;FUN036;WhatsApp;1;252.12;252.12;0.0;0.0;252.12;123.0;129.12;51.2;Cartão de Débito;3;Concluída;São Bernardo;SP;CC-COMERCIAL;Venda regular.
VEN0572;2026-03-09;CLI039;PROD078;FUN025;Loja Física;2;300.12;600.24;0.0;0.0;0.0;272.0;0.0;0.0;Cartão de Crédito;4;Cancelada;Guarulhos;SP;CC-COMERCIAL;Venda regular.
VEN0573;2026-03-09;CLI043;PROD075;FUN021;E-commerce;1;308.83;308.83;0.0;0.0;308.83;156.0;152.83;49.5;Cartão de Crédito;1;Concluída;Guarulhos;SP;CC-COMERCIAL;Venda regular.
VEN0574;2026-03-09;CLI060;PROD007;FUN032;Loja Física;1;239.77;239.77;0.0;0.0;239.77;138.0;101.77;42.4;Boleto;2;Concluída;Barueri;SP;CC-COMERCIAL;Venda regular.
VEN0575;2026-03-10;CLI042;PROD069;FUN022;Loja Física;2;201.84;403.68;0.0;0.0;403.68;210.0;193.68;48.0;PIX;1;Concluída;São Bernardo;SP;CC-COMERCIAL;Venda regular.
VEN0576;2026-03-11;CLI116;PROD002;FUN039;Loja Física;1;386.26;386.26;0.0;0.0;386.26;147.0;239.26;61.9;Boleto;4;Concluída;São Bernardo;SP;CC-COMERCIAL;Venda regular.
VEN0577;2026-03-11;CLI114;PROD035;FUN039;E-commerce;2;87.94;175.88;0.0;0.0;175.88;64.0;111.88;63.6;Cartão de Débito;2;Concluída;Osasco;SP;CC-COMERCIAL;Venda regular.
VEN0578;2026-03-11;CLI018;PROD021;FUN027;Loja Física;1;369.09;369.09;0.0;0.0;369.09;180.0;189.09;51.2;Boleto;4;Concluída;Guarulhos;SP;CC-COMERCIAL;Venda regular.
VEN0579;2026-03-12;CLI010;PROD012;FUN022;E-commerce;3;384.61;1153.83;0.0;0.0;1153.83;435.0;718.83;62.3;PIX;1;Concluída;Santo André;SP;CC-COMERCIAL;Venda regular.
VEN0580;2026-03-12;CLI042;PROD034;FUN036;E-commerce;1;164.97;164.97;0.0;0.0;0.0;89.0;0.0;0.0;Cartão de Débito;1;Cancelada;São Bernardo;SP;CC-COMERCIAL;Venda regular.
VEN0581;2026-03-12;CLI050;PROD072;FUN033;E-commerce;1;145.08;145.08;0.0;0.0;145.08;52.0;93.08;64.2;Cartão de Débito;1;Concluída;Guarulhos;SP;CC-COMERCIAL;Venda regular.
VEN0582;2026-03-12;CLI052;PROD015;FUN026;Loja Física;1;304.13;304.13;0.0;0.0;304.13;112.0;192.13;63.2;Boleto;1;Concluída;São Paulo;SP;CC-COMERCIAL;Venda regular.
VEN0583;2026-03-12;CLI002;PROD006;FUN027;E-commerce;2;76.32;152.64;0.0;0.0;0.0;70.0;0.0;0.0;Cartão de Débito;6;Cancelada;São Paulo;SP;CC-COMERCIAL;Venda regular.
VEN0584;2026-03-13;CLI073;PROD002;FUN023;WhatsApp;1;386.26;386.26;0.0;0.0;386.26;147.0;239.26;61.9;Cartão de Crédito;3;Concluída;Barueri;SP;CC-COMERCIAL;Venda regular.
VEN0585;2026-03-13;CLI114;PROD045;FUN022;E-commerce;2;233.84;467.68;0.0;0.0;467.68;204.0;263.68;56.4;Cartão de Crédito;1;Concluída;Osasco;SP;CC-COMERCIAL;Venda regular.
VEN0586;2026-03-13;CLI044;PROD007;FUN033;Loja Física;2;239.77;479.54;0.0;0.0;479.54;276.0;203.54;42.4;Cartão de Crédito;1;Concluída;Osasco;SP;CC-COMERCIAL;Venda regular.
VEN0587;2026-03-13;CLI013;PROD004;FUN032;WhatsApp;1;59.03;59.03;0.0;0.0;59.03;28.0;31.03;52.6;Cartão de Débito;1;Devolvida;Osasco;SP;CC-COMERCIAL;Venda regular.
VEN0588;2026-03-13;CLI074;PROD006;FUN036;Loja Física;3;76.32;228.96;0.0;0.0;0.0;105.0;0.0;0.0;Cartão de Crédito;1;Cancelada;Osasco;SP;CC-COMERCIAL;Venda regular.
VEN0589;2026-03-14;CLI073;PROD005;FUN037;Loja Física;1;159.53;159.53;0.0;0.0;159.53;62.0;97.53;61.1;Cartão de Débito;1;Concluída;Barueri;SP;CC-COMERCIAL;Venda regular.
VEN0590;2026-03-14;CLI060;PROD052;FUN035;Loja Física;1;232.1;232.1;0.0;0.0;232.1;124.0;108.1;46.6;Boleto;4;Concluída;Barueri;SP;CC-COMERCIAL;Venda regular.
VEN0591;2026-03-15;CLI073;PROD019;FUN032;E-commerce;3;257.17;771.51;0.0;0.0;771.51;453.0;318.51;41.3;Boleto;3;Concluída;Barueri;SP;CC-COMERCIAL;Venda regular.
VEN0592;2026-03-16;CLI055;PROD001;FUN026;Loja Física;1;144.71;144.71;0.0;0.0;144.71;67.0;77.71;53.7;Boleto;2;Concluída;Guarulhos;SP;CC-COMERCIAL;Venda regular.
VEN0593;2026-03-17;CLI108;PROD008;FUN038;Loja Física;1;374.42;374.42;0.0;0.0;374.42;152.0;222.42;59.4;Cartão de Débito;1;Concluída;Barueri;SP;CC-COMERCIAL;Venda regular.
VEN0594;2026-03-17;CLI049;PROD039;FUN028;Loja Física;1;57.26;57.26;0.0;0.0;57.26;27.0;30.26;52.8;Cartão de Débito;2;Concluída;Barueri;SP;CC-COMERCIAL;Venda regular.
VEN0595;2026-03-18;CLI083;PROD001;FUN039;E-commerce;1;144.71;144.71;0.0;0.0;144.71;67.0;77.71;53.7;Boleto;2;Concluída;São Paulo;SP;CC-COMERCIAL;Venda regular.
VEN0596;2026-03-18;CLI060;PROD016;FUN033;Loja Física;2;208.07;416.14;5.0;20.81;395.33;198.0;197.33;49.9;PIX;6;Concluída;Barueri;SP;CC-COMERCIAL;Venda regular.
VEN0597;2026-03-18;CLI088;PROD029;FUN024;E-commerce;1;298.41;298.41;0.0;0.0;298.41;168.0;130.41;43.7;PIX;3;Concluída;Barueri;SP;CC-COMERCIAL;Venda regular.
VEN0598;2026-03-18;CLI108;PROD034;FUN033;Loja Física;1;164.97;164.97;0.0;0.0;0.0;89.0;0.0;0.0;Cartão de Débito;3;Cancelada;Barueri;SP;CC-COMERCIAL;Venda regular.
VEN0599;2026-03-19;CLI063;PROD022;FUN028;E-commerce;2;162.46;324.92;5.0;16.25;308.67;136.0;172.67;55.9;Boleto;3;Concluída;Osasco;SP;CC-COMERCIAL;Venda regular.
VEN0600;2026-03-20;CLI042;PROD043;FUN024;E-commerce;1;124.41;124.41;0.0;0.0;0.0;72.0;0.0;0.0;Cartão de Débito;6;Cancelada;São Bernardo;SP;CC-COMERCIAL;Venda regular.
VEN0601;2026-03-20;CLI101;PROD073;FUN029;E-commerce;1;188.38;188.38;0.0;0.0;188.38;77.0;111.38;59.1;Cartão de Crédito;1;Concluída;Santo André;SP;CC-COMERCIAL;Venda regular.
VEN0602;2026-03-20;CLI101;PROD019;FUN036;E-commerce;2;257.17;514.34;0.0;0.0;514.34;302.0;212.34;41.3;Boleto;4;Concluída;Santo André;SP;CC-COMERCIAL;Venda regular.
VEN0603;2026-03-20;CLI025;PROD001;FUN038;WhatsApp;2;144.71;289.42;0.0;0.0;289.42;134.0;155.42;53.7;Cartão de Débito;1;Concluída;Osasco;SP;CC-COMERCIAL;Venda regular.
VEN0604;2026-03-21;CLI049;PROD037;FUN029;E-commerce;1;465.86;465.86;0.0;0.0;465.86;173.0;292.86;62.9;Cartão de Crédito;2;Concluída;Barueri;SP;CC-COMERCIAL;Venda regular.
VEN0605;2026-03-22;CLI006;PROD041;FUN036;E-commerce;2;261.74;523.48;5.0;26.17;497.31;264.0;233.31;46.9;Boleto;6;Concluída;São Paulo;SP;CC-COMERCIAL;Venda regular.
VEN0606;2026-03-22;CLI013;PROD027;FUN025;Loja Física;1;74.8;74.8;0.0;0.0;74.8;28.0;46.8;62.6;PIX;3;Concluída;Osasco;SP;CC-COMERCIAL;Venda regular.
VEN0607;2026-03-22;CLI052;PROD002;FUN030;WhatsApp;1;386.26;386.26;0.0;0.0;0.0;147.0;0.0;0.0;Boleto;1;Cancelada;São Paulo;SP;CC-COMERCIAL;Venda regular.
VEN0608;2026-03-23;CLI042;PROD032;FUN034;Loja Física;3;222.05;666.15;0.0;0.0;666.15;375.0;291.15;43.7;PIX;1;Concluída;São Bernardo;SP;CC-COMERCIAL;Venda regular.
VEN0609;2026-03-23;CLI043;PROD035;FUN027;Loja Física;2;87.94;175.88;0.0;0.0;175.88;64.0;111.88;63.6;PIX;1;Concluída;Guarulhos;SP;CC-COMERCIAL;Venda regular.
VEN0610;2026-03-23;CLI073;PROD020;FUN035;E-commerce;2;449.09;898.18;0.0;0.0;898.18;356.0;542.18;60.4;PIX;1;Concluída;Barueri;SP;CC-COMERCIAL;Venda regular.
VEN0611;2026-03-24;CLI043;PROD051;FUN026;WhatsApp;1;366.05;366.05;5.0;18.3;0.0;179.0;0.0;0.0;PIX;1;Cancelada;Guarulhos;SP;CC-COMERCIAL;Venda regular.
VEN0612;2026-03-24;CLI053;PROD009;FUN037;Loja Física;2;160.97;321.94;0.0;0.0;321.94;128.0;193.94;60.2;Cartão de Crédito;1;Devolvida;São Bernardo;SP;CC-COMERCIAL;Venda regular.
VEN0613;2026-03-24;CLI006;PROD035;FUN024;E-commerce;1;87.94;87.94;0.0;0.0;0.0;32.0;0.0;0.0;Cartão de Crédito;1;Cancelada;São Paulo;SP;CC-COMERCIAL;Venda regular.
VEN0614;2026-03-24;CLI109;PROD021;FUN024;E-commerce;3;369.09;1107.27;0.0;0.0;1107.27;540.0;567.27;51.2;Cartão de Crédito;2;Concluída;São Bernardo;SP;CC-COMERCIAL;Venda regular.
VEN0615;2026-03-24;CLI049;PROD017;FUN034;Loja Física;1;252.12;252.12;0.0;0.0;252.12;123.0;129.12;51.2;Boleto;1;Devolvida;Barueri;SP;CC-COMERCIAL;Venda regular.
VEN0616;2026-03-26;CLI053;PROD033;FUN031;E-commerce;1;158.79;158.79;0.0;0.0;158.79;63.0;95.79;60.3;Cartão de Débito;1;Concluída;São Bernardo;SP;CC-COMERCIAL;Venda regular.
VEN0617;2026-03-28;CLI071;PROD014;FUN030;Loja Física;3;373.62;1120.86;5.0;56.04;1064.82;504.0;560.82;52.7;PIX;2;Concluída;São Paulo;SP;CC-COMERCIAL;Venda regular.
VEN0618;2026-03-30;CLI049;PROD037;FUN024;Loja Física;1;465.86;465.86;0.0;0.0;465.86;173.0;292.86;62.9;Boleto;2;Concluída;Barueri;SP;CC-COMERCIAL;Venda regular.
VEN0619;2026-03-30;CLI111;PROD021;FUN032;E-commerce;1;369.09;369.09;0.0;0.0;369.09;180.0;189.09;51.2;Boleto;1;Devolvida;Guarulhos;SP;CC-COMERCIAL;Venda regular.
VEN0620;2026-03-31;CLI079;PROD074;FUN035;Loja Física;2;145.05;290.1;0.0;0.0;290.1;146.0;144.1;49.7;Boleto;2;Concluída;Osasco;SP;CC-COMERCIAL;Venda regular.
VEN0621;2026-03-31;CLI016;PROD026;FUN038;Loja Física;2;184.7;369.4;5.0;18.47;350.93;172.0;178.93;51.0;Cartão de Débito;6;Devolvida;Santo André;SP;CC-COMERCIAL;Venda regular.
VEN0622;2026-03-31;CLI006;PROD067;FUN027;Loja Física;1;400.84;400.84;0.0;0.0;400.84;148.0;252.84;63.1;Cartão de Débito;2;Concluída;São Paulo;SP;CC-COMERCIAL;Venda regular.
VEN0623;2026-03-31;CLI044;PROD001;FUN034;E-commerce;3;144.71;434.13;0.0;0.0;434.13;201.0;233.13;53.7;Cartão de Crédito;4;Devolvida;Osasco;SP;CC-COMERCIAL;Venda regular.
VEN0624;2026-04-01;CLI099;PROD039;FUN024;Loja Física;1;57.26;57.26;0.0;0.0;57.26;27.0;30.26;52.8;Cartão de Crédito;3;Devolvida;Guarulhos;SP;CC-COMERCIAL;Venda regular.
VEN0625;2026-04-01;CLI006;PROD038;FUN021;Loja Física;1;137.27;137.27;5.0;6.86;130.41;60.0;70.41;54.0;Cartão de Débito;4;Concluída;São Paulo;SP;CC-COMERCIAL;Venda regular.
VEN0626;2026-04-01;CLI060;PROD019;FUN032;Loja Física;1;257.17;257.17;5.0;12.86;244.31;151.0;93.31;38.2;Boleto;1;Concluída;Barueri;SP;CC-COMERCIAL;Venda regular.
VEN0627;2026-04-02;CLI051;PROD006;FUN028;Loja Física;1;76.32;76.32;0.0;0.0;76.32;35.0;41.32;54.1;Boleto;1;Concluída;Guarulhos;SP;CC-COMERCIAL;Venda regular.
VEN0628;2026-04-02;CLI078;PROD017;FUN039;Loja Física;2;252.12;504.24;0.0;0.0;504.24;246.0;258.24;51.2;PIX;2;Concluída;São Paulo;SP;CC-COMERCIAL;Venda regular.
VEN0629;2026-04-02;CLI098;PROD012;FUN022;E-commerce;2;384.61;769.22;0.0;0.0;0.0;290.0;0.0;0.0;Boleto;1;Cancelada;Barueri;SP;CC-COMERCIAL;Venda regular.
VEN0630;2026-04-02;CLI042;PROD030;FUN035;E-commerce;1;102.21;102.21;5.0;5.11;0.0;39.0;0.0;0.0;Cartão de Crédito;3;Cancelada;São Bernardo;SP;CC-COMERCIAL;Venda regular.
VEN0631;2026-04-03;CLI074;PROD030;FUN030;Loja Física;1;102.21;102.21;0.0;0.0;102.21;39.0;63.21;61.8;PIX;1;Concluída;Osasco;SP;CC-COMERCIAL;Venda regular.
VEN0632;2026-04-03;CLI071;PROD035;FUN035;E-commerce;1;87.94;87.94;0.0;0.0;87.94;32.0;55.94;63.6;Cartão de Débito;1;Devolvida;São Paulo;SP;CC-COMERCIAL;Venda regular.
VEN0633;2026-04-03;CLI006;PROD014;FUN028;Loja Física;1;373.62;373.62;0.0;0.0;0.0;168.0;0.0;0.0;Boleto;1;Cancelada;São Paulo;SP;CC-COMERCIAL;Venda regular.
VEN0634;2026-04-04;CLI060;PROD017;FUN038;E-commerce;1;252.12;252.12;0.0;0.0;0.0;123.0;0.0;0.0;Boleto;1;Cancelada;Barueri;SP;CC-COMERCIAL;Venda regular.
VEN0635;2026-04-05;CLI009;PROD074;FUN031;Loja Física;2;145.05;290.1;0.0;0.0;0.0;146.0;0.0;0.0;Cartão de Débito;3;Cancelada;Guarulhos;SP;CC-COMERCIAL;Venda regular.
VEN0636;2026-04-06;CLI044;PROD017;FUN035;Loja Física;2;252.12;504.24;0.0;0.0;504.24;246.0;258.24;51.2;PIX;4;Concluída;Osasco;SP;CC-COMERCIAL;Venda regular.
VEN0637;2026-04-06;CLI065;PROD018;FUN032;Loja Física;1;160.85;160.85;0.0;0.0;160.85;93.0;67.85;42.2;Cartão de Débito;6;Concluída;Guarulhos;SP;CC-COMERCIAL;Venda regular.
VEN0638;2026-04-07;CLI074;PROD023;FUN033;E-commerce;1;481.91;481.91;0.0;0.0;481.91;177.0;304.91;63.3;Cartão de Débito;1;Concluída;Osasco;SP;CC-COMERCIAL;Venda regular.
VEN0639;2026-04-07;CLI074;PROD077;FUN037;E-commerce;1;177.76;177.76;0.0;0.0;0.0;65.0;0.0;0.0;Boleto;1;Cancelada;Osasco;SP;CC-COMERCIAL;Venda regular.
VEN0640;2026-04-08;CLI010;PROD045;FUN037;WhatsApp;2;233.84;467.68;0.0;0.0;0.0;204.0;0.0;0.0;Boleto;2;Cancelada;Santo André;SP;CC-COMERCIAL;Venda regular.
VEN0641;2026-04-09;CLI002;PROD029;FUN033;E-commerce;1;298.41;298.41;0.0;0.0;0.0;168.0;0.0;0.0;Cartão de Débito;1;Cancelada;São Paulo;SP;CC-COMERCIAL;Venda regular.
VEN0642;2026-04-09;CLI052;PROD053;FUN026;Loja Física;1;369.45;369.45;0.0;0.0;369.45;165.0;204.45;55.3;Cartão de Débito;3;Concluída;São Paulo;SP;CC-COMERCIAL;Venda regular.
VEN0643;2026-04-10;CLI116;PROD049;FUN031;E-commerce;1;57.41;57.41;0.0;0.0;0.0;27.0;0.0;0.0;Cartão de Débito;1;Cancelada;São Bernardo;SP;CC-COMERCIAL;Venda regular.
VEN0644;2026-04-10;CLI007;PROD014;FUN031;Loja Física;1;373.62;373.62;0.0;0.0;373.62;168.0;205.62;55.0;Boleto;4;Devolvida;Guarulhos;SP;CC-COMERCIAL;Venda regular.
VEN0645;2026-04-10;CLI081;PROD001;FUN034;E-commerce;1;144.71;144.71;0.0;0.0;144.71;67.0;77.71;53.7;Cartão de Débito;2;Concluída;São Bernardo;SP;CC-COMERCIAL;Venda regular.
VEN0646;2026-04-11;CLI043;PROD029;FUN031;Loja Física;2;298.41;596.82;0.0;0.0;596.82;336.0;260.82;43.7;Cartão de Débito;1;Concluída;Guarulhos;SP;CC-COMERCIAL;Venda regular.
VEN0647;2026-04-11;CLI101;PROD066;FUN026;E-commerce;1;204.6;204.6;0.0;0.0;204.6;80.0;124.6;60.9;Boleto;1;Concluída;Santo André;SP;CC-COMERCIAL;Venda regular.
VEN0648;2026-04-11;CLI104;PROD042;FUN021;Loja Física;2;109.51;219.02;0.0;0.0;219.02;118.0;101.02;46.1;Cartão de Crédito;4;Concluída;São Paulo;SP;CC-COMERCIAL;Venda regular.
VEN0649;2026-04-11;CLI043;PROD011;FUN021;Loja Física;1;283.61;283.61;0.0;0.0;283.61;127.0;156.61;55.2;Cartão de Crédito;3;Devolvida;Guarulhos;SP;CC-COMERCIAL;Venda regular.
VEN0650;2026-04-11;CLI015;PROD040;FUN022;Loja Física;2;216.48;432.96;0.0;0.0;432.96;184.0;248.96;57.5;Boleto;6;Concluída;Guarulhos;SP;CC-COMERCIAL;Venda regular.
VEN0651;2026-04-11;CLI053;PROD043;FUN029;E-commerce;1;124.41;124.41;0.0;0.0;124.41;72.0;52.41;42.1;Cartão de Crédito;3;Concluída;São Bernardo;SP;CC-COMERCIAL;Venda regular.
VEN0652;2026-04-12;CLI073;PROD051;FUN038;E-commerce;2;366.05;732.1;0.0;0.0;732.1;358.0;374.1;51.1;Boleto;1;Concluída;Barueri;SP;CC-COMERCIAL;Venda regular.
VEN0653;2026-04-12;CLI037;PROD028;FUN032;WhatsApp;1;294.47;294.47;0.0;0.0;294.47;121.0;173.47;58.9;Cartão de Débito;1;Devolvida;São Bernardo;SP;CC-COMERCIAL;Venda regular.
VEN0654;2026-04-13;CLI114;PROD035;FUN039;E-commerce;1;87.94;87.94;0.0;0.0;87.94;32.0;55.94;63.6;Boleto;1;Concluída;Osasco;SP;CC-COMERCIAL;Venda regular.
VEN0655;2026-04-13;CLI044;PROD080;FUN032;E-commerce;2;139.03;278.06;0.0;0.0;278.06;160.0;118.06;42.5;Cartão de Débito;2;Concluída;Osasco;SP;CC-COMERCIAL;Venda regular.
VEN0656;2026-04-13;CLI107;PROD028;FUN021;E-commerce;1;294.47;294.47;0.0;0.0;294.47;121.0;173.47;58.9;PIX;1;Devolvida;Barueri;SP;CC-COMERCIAL;Venda regular.
VEN0657;2026-04-14;CLI074;PROD016;FUN026;Loja Física;1;208.07;208.07;0.0;0.0;208.07;99.0;109.07;52.4;PIX;3;Devolvida;Osasco;SP;CC-COMERCIAL;Venda regular.
VEN0658;2026-04-14;CLI120;PROD014;FUN022;WhatsApp;2;373.62;747.24;0.0;0.0;747.24;336.0;411.24;55.0;Boleto;1;Concluída;Santo André;SP;CC-COMERCIAL;Venda regular.
VEN0659;2026-04-15;CLI086;PROD005;FUN027;WhatsApp;2;159.53;319.06;0.0;0.0;319.06;124.0;195.06;61.1;PIX;4;Concluída;Santo André;SP;CC-COMERCIAL;Venda regular.
VEN0660;2026-04-15;CLI114;PROD019;FUN026;E-commerce;2;257.17;514.34;0.0;0.0;0.0;302.0;0.0;0.0;Cartão de Débito;1;Cancelada;Osasco;SP;CC-COMERCIAL;Venda regular.
VEN0661;2026-04-16;CLI074;PROD039;FUN035;Loja Física;1;57.26;57.26;0.0;0.0;57.26;27.0;30.26;52.8;Cartão de Débito;4;Concluída;Osasco;SP;CC-COMERCIAL;Venda regular.
VEN0662;2026-04-16;CLI114;PROD031;FUN038;E-commerce;2;172.09;344.18;5.0;17.21;326.97;198.0;128.97;39.4;Cartão de Débito;1;Concluída;Osasco;SP;CC-COMERCIAL;Venda regular.
VEN0663;2026-04-17;CLI044;PROD020;FUN033;WhatsApp;2;449.09;898.18;0.0;0.0;898.18;356.0;542.18;60.4;Cartão de Débito;1;Concluída;Osasco;SP;CC-COMERCIAL;Venda regular.
VEN0664;2026-04-17;CLI035;PROD012;FUN028;WhatsApp;1;384.61;384.61;0.0;0.0;384.61;145.0;239.61;62.3;Boleto;1;Concluída;São Paulo;SP;CC-COMERCIAL;Venda regular.
VEN0665;2026-04-18;CLI073;PROD071;FUN039;Loja Física;2;242.96;485.92;0.0;0.0;485.92;204.0;281.92;58.0;Cartão de Débito;2;Devolvida;Barueri;SP;CC-COMERCIAL;Venda regular.
VEN0666;2026-04-19;CLI028;PROD033;FUN036;E-commerce;3;158.79;476.37;0.0;0.0;476.37;189.0;287.37;60.3;Cartão de Crédito;1;Concluída;Santo André;SP;CC-COMERCIAL;Venda regular.
VEN0667;2026-04-19;CLI053;PROD071;FUN023;Loja Física;1;242.96;242.96;0.0;0.0;242.96;102.0;140.96;58.0;PIX;1;Concluída;São Bernardo;SP;CC-COMERCIAL;Venda regular.
VEN0668;2026-04-20;CLI002;PROD025;FUN025;WhatsApp;2;225.1;450.2;0.0;0.0;450.2;240.0;210.2;46.7;Cartão de Crédito;1;Concluída;São Paulo;SP;CC-COMERCIAL;Venda regular.
VEN0669;2026-04-20;CLI114;PROD013;FUN024;WhatsApp;2;144.71;289.42;5.0;14.47;274.95;150.0;124.95;45.4;PIX;2;Concluída;Osasco;SP;CC-COMERCIAL;Venda regular.
VEN0670;2026-04-20;CLI046;PROD078;FUN035;E-commerce;2;300.12;600.24;0.0;0.0;600.24;272.0;328.24;54.7;PIX;3;Concluída;São Bernardo;SP;CC-COMERCIAL;Venda regular.
VEN0671;2026-04-21;CLI052;PROD060;FUN028;Loja Física;2;355.5;711.0;0.0;0.0;711.0;314.0;397.0;55.8;Cartão de Crédito;1;Devolvida;São Paulo;SP;CC-COMERCIAL;Venda regular.
VEN0672;2026-04-21;CLI084;PROD034;FUN033;WhatsApp;2;164.97;329.94;0.0;0.0;329.94;178.0;151.94;46.1;Cartão de Crédito;1;Concluída;Osasco;SP;CC-COMERCIAL;Venda regular.
VEN0673;2026-04-21;CLI016;PROD045;FUN025;E-commerce;1;233.84;233.84;0.0;0.0;233.84;102.0;131.84;56.4;Cartão de Débito;2;Concluída;Santo André;SP;CC-COMERCIAL;Venda regular.
VEN0674;2026-04-21;CLI074;PROD037;FUN032;Loja Física;3;465.86;1397.58;5.0;69.88;1327.7;519.0;808.7;60.9;Cartão de Crédito;1;Devolvida;Osasco;SP;CC-COMERCIAL;Venda regular.
VEN0675;2026-04-21;CLI052;PROD019;FUN029;WhatsApp;1;257.17;257.17;0.0;0.0;257.17;151.0;106.17;41.3;Boleto;1;Devolvida;São Paulo;SP;CC-COMERCIAL;Venda regular.
VEN0676;2026-04-22;CLI006;PROD004;FUN037;E-commerce;1;59.03;59.03;0.0;0.0;0.0;28.0;0.0;0.0;Boleto;3;Cancelada;São Paulo;SP;CC-COMERCIAL;Venda regular.
VEN0677;2026-04-23;CLI044;PROD033;FUN026;E-commerce;1;158.79;158.79;5.0;7.94;150.85;63.0;87.85;58.2;PIX;2;Concluída;Osasco;SP;CC-COMERCIAL;Venda regular.
VEN0678;2026-04-23;CLI073;PROD062;FUN034;Loja Física;1;176.28;176.28;0.0;0.0;176.28;88.0;88.28;50.1;Boleto;2;Concluída;Barueri;SP;CC-COMERCIAL;Venda regular.
VEN0679;2026-04-23;CLI049;PROD045;FUN021;Loja Física;1;233.84;233.84;0.0;0.0;233.84;102.0;131.84;56.4;PIX;1;Concluída;Barueri;SP;CC-COMERCIAL;Venda regular.
VEN0680;2026-04-24;CLI010;PROD011;FUN021;WhatsApp;1;283.61;283.61;0.0;0.0;0.0;127.0;0.0;0.0;Boleto;2;Cancelada;Santo André;SP;CC-COMERCIAL;Venda regular.
VEN0681;2026-04-25;CLI044;PROD073;FUN036;E-commerce;1;188.38;188.38;0.0;0.0;188.38;77.0;111.38;59.1;PIX;2;Concluída;Osasco;SP;CC-COMERCIAL;Venda regular.
VEN0682;2026-04-25;CLI023;PROD073;FUN037;Loja Física;1;188.38;188.38;5.0;9.42;178.96;77.0;101.96;57.0;Cartão de Débito;4;Concluída;São Paulo;SP;CC-COMERCIAL;Venda regular.
VEN0683;2026-04-26;CLI042;PROD066;FUN025;Loja Física;2;204.6;409.2;0.0;0.0;409.2;160.0;249.2;60.9;PIX;6;Concluída;São Bernardo;SP;CC-COMERCIAL;Venda regular.
VEN0684;2026-04-27;CLI047;PROD034;FUN029;Loja Física;4;164.97;659.88;5.0;32.99;626.89;356.0;270.89;43.2;Boleto;4;Concluída;São Paulo;SP;CC-COMERCIAL;Venda regular.
VEN0685;2026-04-28;CLI049;PROD015;FUN022;E-commerce;1;304.13;304.13;5.0;15.21;0.0;112.0;0.0;0.0;Cartão de Crédito;1;Cancelada;Barueri;SP;CC-COMERCIAL;Venda regular.
VEN0686;2026-04-28;CLI069;PROD009;FUN033;E-commerce;2;160.97;321.94;0.0;0.0;321.94;128.0;193.94;60.2;PIX;6;Concluída;São Bernardo;SP;CC-COMERCIAL;Venda regular.
VEN0687;2026-04-29;CLI060;PROD037;FUN030;Loja Física;1;465.86;465.86;0.0;0.0;0.0;173.0;0.0;0.0;Cartão de Débito;2;Cancelada;Barueri;SP;CC-COMERCIAL;Venda regular.
VEN0688;2026-05-01;CLI074;PROD005;FUN030;Loja Física;1;159.53;159.53;5.0;7.98;151.55;62.0;89.55;59.1;Boleto;3;Concluída;Osasco;SP;CC-COMERCIAL;Venda regular.
VEN0689;2026-05-01;CLI112;PROD061;FUN038;E-commerce;2;141.65;283.3;5.0;14.17;269.13;164.0;105.13;39.1;PIX;1;Devolvida;Guarulhos;SP;CC-COMERCIAL;Venda regular.
VEN0690;2026-05-01;CLI116;PROD028;FUN033;Loja Física;4;294.47;1177.88;0.0;0.0;0.0;484.0;0.0;0.0;Cartão de Crédito;1;Cancelada;São Bernardo;SP;CC-COMERCIAL;Venda regular.
VEN0691;2026-05-01;CLI049;PROD003;FUN027;WhatsApp;1;160.15;160.15;5.0;8.01;152.14;71.0;81.14;53.3;Cartão de Débito;2;Concluída;Barueri;SP;CC-COMERCIAL;Venda regular.
VEN0692;2026-05-01;CLI082;PROD025;FUN037;Loja Física;3;225.1;675.3;0.0;0.0;0.0;360.0;0.0;0.0;PIX;2;Cancelada;Santo André;SP;CC-COMERCIAL;Venda regular.
VEN0693;2026-05-02;CLI062;PROD063;FUN023;Loja Física;1;363.41;363.41;0.0;0.0;363.41;141.0;222.41;61.2;Cartão de Débito;1;Concluída;Osasco;SP;CC-COMERCIAL;Venda regular.
VEN0694;2026-05-03;CLI046;PROD043;FUN024;E-commerce;3;124.41;373.23;0.0;0.0;373.23;216.0;157.23;42.1;PIX;1;Concluída;São Bernardo;SP;CC-COMERCIAL;Venda regular.
VEN0695;2026-05-04;CLI052;PROD033;FUN025;E-commerce;2;158.79;317.58;0.0;0.0;317.58;126.0;191.58;60.3;PIX;1;Concluída;São Paulo;SP;CC-COMERCIAL;Venda regular.
VEN0696;2026-05-04;CLI050;PROD061;FUN021;E-commerce;1;141.65;141.65;0.0;0.0;141.65;82.0;59.65;42.1;Cartão de Crédito;1;Devolvida;Guarulhos;SP;CC-COMERCIAL;Venda regular.
VEN0697;2026-05-04;CLI073;PROD078;FUN038;Loja Física;1;300.12;300.12;0.0;0.0;300.12;136.0;164.12;54.7;PIX;2;Concluída;Barueri;SP;CC-COMERCIAL;Venda regular.
VEN0698;2026-05-05;CLI112;PROD071;FUN032;E-commerce;1;242.96;242.96;0.0;0.0;242.96;102.0;140.96;58.0;Boleto;2;Concluída;Guarulhos;SP;CC-COMERCIAL;Venda regular.
VEN0699;2026-05-05;CLI058;PROD056;FUN037;Loja Física;1;129.22;129.22;0.0;0.0;129.22;73.0;56.22;43.5;Cartão de Crédito;1;Devolvida;Santo André;SP;CC-COMERCIAL;Venda regular.
VEN0700;2026-05-05;CLI002;PROD015;FUN039;Loja Física;1;304.13;304.13;0.0;0.0;0.0;112.0;0.0;0.0;Boleto;2;Cancelada;São Paulo;SP;CC-COMERCIAL;Venda regular.
VEN0701;2026-05-06;CLI007;PROD027;FUN038;WhatsApp;1;74.8;74.8;5.0;3.74;0.0;28.0;0.0;0.0;PIX;1;Cancelada;Guarulhos;SP;CC-COMERCIAL;Venda regular.
VEN0702;2026-05-06;CLI002;PROD036;FUN028;E-commerce;2;281.02;562.04;0.0;0.0;562.04;238.0;324.04;57.7;Cartão de Crédito;2;Concluída;São Paulo;SP;CC-COMERCIAL;Venda regular.
VEN0703;2026-05-06;CLI097;PROD036;FUN031;WhatsApp;2;281.02;562.04;0.0;0.0;0.0;238.0;0.0;0.0;Boleto;4;Cancelada;Osasco;SP;CC-COMERCIAL;Venda regular.
VEN0704;2026-05-07;CLI104;PROD025;FUN026;Loja Física;1;225.1;225.1;0.0;0.0;225.1;120.0;105.1;46.7;PIX;6;Concluída;São Paulo;SP;CC-COMERCIAL;Venda regular.
VEN0705;2026-05-07;CLI034;PROD009;FUN023;WhatsApp;2;160.97;321.94;5.0;16.1;305.84;128.0;177.84;58.1;PIX;3;Concluída;Guarulhos;SP;CC-COMERCIAL;Venda regular.
VEN0706;2026-05-08;CLI119;PROD076;FUN031;Loja Física;1;149.13;149.13;0.0;0.0;0.0;76.0;0.0;0.0;Cartão de Débito;6;Cancelada;Osasco;SP;CC-COMERCIAL;Venda regular.
VEN0707;2026-05-09;CLI073;PROD071;FUN021;WhatsApp;1;242.96;242.96;0.0;0.0;0.0;102.0;0.0;0.0;Boleto;1;Cancelada;Barueri;SP;CC-COMERCIAL;Venda regular.
VEN0708;2026-05-10;CLI002;PROD027;FUN031;Loja Física;3;74.8;224.4;0.0;0.0;224.4;84.0;140.4;62.6;Cartão de Débito;1;Devolvida;São Paulo;SP;CC-COMERCIAL;Venda regular.
VEN0709;2026-05-10;CLI042;PROD066;FUN039;Loja Física;1;204.6;204.6;0.0;0.0;204.6;80.0;124.6;60.9;PIX;3;Devolvida;São Bernardo;SP;CC-COMERCIAL;Venda regular.
VEN0710;2026-05-10;CLI049;PROD066;FUN025;E-commerce;1;204.6;204.6;0.0;0.0;0.0;80.0;0.0;0.0;Cartão de Crédito;2;Cancelada;Barueri;SP;CC-COMERCIAL;Venda regular.
VEN0711;2026-05-11;CLI046;PROD025;FUN024;Loja Física;1;225.1;225.1;0.0;0.0;0.0;120.0;0.0;0.0;PIX;1;Cancelada;São Bernardo;SP;CC-COMERCIAL;Venda regular.
VEN0712;2026-05-11;CLI104;PROD034;FUN021;Loja Física;1;164.97;164.97;0.0;0.0;164.97;89.0;75.97;46.1;PIX;1;Concluída;São Paulo;SP;CC-COMERCIAL;Venda regular.
VEN0713;2026-05-12;CLI012;PROD020;FUN029;E-commerce;1;449.09;449.09;0.0;0.0;449.09;178.0;271.09;60.4;Boleto;1;Concluída;Osasco;SP;CC-COMERCIAL;Venda regular.
VEN0714;2026-05-12;CLI006;PROD019;FUN024;Loja Física;2;257.17;514.34;0.0;0.0;514.34;302.0;212.34;41.3;PIX;1;Concluída;São Paulo;SP;CC-COMERCIAL;Venda regular.
VEN0715;2026-05-12;CLI112;PROD052;FUN026;Loja Física;1;232.1;232.1;5.0;11.61;220.49;124.0;96.49;43.8;PIX;4;Concluída;Guarulhos;SP;CC-COMERCIAL;Venda regular.
VEN0716;2026-05-12;CLI002;PROD077;FUN023;E-commerce;1;177.76;177.76;0.0;0.0;177.76;65.0;112.76;63.4;Cartão de Débito;4;Devolvida;São Paulo;SP;CC-COMERCIAL;Venda regular.
VEN0717;2026-05-12;CLI069;PROD008;FUN031;Loja Física;1;374.42;374.42;0.0;0.0;374.42;152.0;222.42;59.4;PIX;3;Concluída;São Bernardo;SP;CC-COMERCIAL;Venda regular.
VEN0718;2026-05-13;CLI073;PROD052;FUN027;WhatsApp;1;232.1;232.1;0.0;0.0;232.1;124.0;108.1;46.6;Boleto;4;Concluída;Barueri;SP;CC-COMERCIAL;Venda regular.
VEN0719;2026-05-13;CLI084;PROD077;FUN032;Loja Física;4;177.76;711.04;0.0;0.0;711.04;260.0;451.04;63.4;Boleto;1;Concluída;Osasco;SP;CC-COMERCIAL;Venda regular.
VEN0720;2026-05-13;CLI074;PROD015;FUN022;Loja Física;3;304.13;912.39;0.0;0.0;912.39;336.0;576.39;63.2;Cartão de Crédito;3;Concluída;Osasco;SP;CC-COMERCIAL;Venda regular.
VEN0721;2026-05-13;CLI081;PROD024;FUN027;Loja Física;1;120.51;120.51;0.0;0.0;120.51;68.0;52.51;43.6;PIX;3;Concluída;São Bernardo;SP;CC-COMERCIAL;Venda regular.
VEN0722;2026-05-14;CLI049;PROD027;FUN038;Loja Física;2;74.8;149.6;0.0;0.0;149.6;56.0;93.6;62.6;Cartão de Débito;4;Concluída;Barueri;SP;CC-COMERCIAL;Venda regular.
VEN0723;2026-05-15;CLI053;PROD001;FUN031;E-commerce;1;144.71;144.71;0.0;0.0;144.71;67.0;77.71;53.7;Cartão de Crédito;6;Concluída;São Bernardo;SP;CC-COMERCIAL;Venda regular.
VEN0724;2026-05-15;CLI060;PROD067;FUN021;E-commerce;2;400.84;801.68;0.0;0.0;801.68;296.0;505.68;63.1;Cartão de Débito;3;Concluída;Barueri;SP;CC-COMERCIAL;Venda regular.
VEN0725;2026-05-15;CLI015;PROD025;FUN034;Loja Física;1;225.1;225.1;0.0;0.0;225.1;120.0;105.1;46.7;PIX;4;Concluída;Guarulhos;SP;CC-COMERCIAL;Venda regular.
VEN0726;2026-05-15;CLI027;PROD006;FUN021;E-commerce;1;76.32;76.32;5.0;3.82;72.5;35.0;37.5;51.7;Cartão de Crédito;6;Devolvida;São Bernardo;SP;CC-COMERCIAL;Venda regular.
VEN0727;2026-05-16;CLI104;PROD032;FUN028;Loja Física;1;222.05;222.05;0.0;0.0;222.05;125.0;97.05;43.7;Cartão de Crédito;3;Concluída;São Paulo;SP;CC-COMERCIAL;Venda regular.
VEN0728;2026-05-16;CLI086;PROD014;FUN030;E-commerce;1;373.62;373.62;0.0;0.0;373.62;168.0;205.62;55.0;Cartão de Débito;1;Concluída;Santo André;SP;CC-COMERCIAL;Venda regular.
VEN0729;2026-05-17;CLI083;PROD038;FUN031;E-commerce;3;137.27;411.81;0.0;0.0;411.81;180.0;231.81;56.3;Boleto;1;Devolvida;São Paulo;SP;CC-COMERCIAL;Venda regular.
VEN0730;2026-05-17;CLI006;PROD029;FUN029;Loja Física;3;298.41;895.23;0.0;0.0;895.23;504.0;391.23;43.7;Cartão de Débito;4;Concluída;São Paulo;SP;CC-COMERCIAL;Venda regular.
VEN0731;2026-05-17;CLI092;PROD040;FUN038;E-commerce;1;216.48;216.48;0.0;0.0;216.48;92.0;124.48;57.5;Cartão de Débito;4;Concluída;São Paulo;SP;CC-COMERCIAL;Venda regular.
VEN0732;2026-05-17;CLI013;PROD006;FUN033;E-commerce;1;76.32;76.32;0.0;0.0;76.32;35.0;41.32;54.1;Boleto;1;Concluída;Osasco;SP;CC-COMERCIAL;Venda regular.
VEN0733;2026-05-18;CLI109;PROD018;FUN028;WhatsApp;3;160.85;482.55;0.0;0.0;482.55;279.0;203.55;42.2;Cartão de Crédito;1;Devolvida;São Bernardo;SP;CC-COMERCIAL;Venda regular.
VEN0734;2026-05-19;CLI104;PROD011;FUN037;WhatsApp;2;283.61;567.22;0.0;0.0;567.22;254.0;313.22;55.2;Boleto;1;Concluída;São Paulo;SP;CC-COMERCIAL;Venda regular.
VEN0735;2026-05-19;CLI030;PROD022;FUN027;WhatsApp;2;162.46;324.92;0.0;0.0;324.92;136.0;188.92;58.1;Boleto;6;Devolvida;São Bernardo;SP;CC-COMERCIAL;Venda regular.
VEN0736;2026-05-20;CLI060;PROD063;FUN036;E-commerce;2;363.41;726.82;0.0;0.0;726.82;282.0;444.82;61.2;Boleto;1;Concluída;Barueri;SP;CC-COMERCIAL;Venda regular.
VEN0737;2026-05-20;CLI060;PROD015;FUN034;E-commerce;2;304.13;608.26;0.0;0.0;608.26;224.0;384.26;63.2;PIX;1;Concluída;Barueri;SP;CC-COMERCIAL;Venda regular.
VEN0738;2026-05-20;CLI011;PROD029;FUN025;E-commerce;4;298.41;1193.64;5.0;59.68;1133.96;672.0;461.96;40.7;Boleto;1;Concluída;Osasco;SP;CC-COMERCIAL;Venda regular.
VEN0739;2026-05-21;CLI052;PROD054;FUN032;E-commerce;1;314.36;314.36;0.0;0.0;314.36;178.0;136.36;43.4;Boleto;1;Concluída;São Paulo;SP;CC-COMERCIAL;Venda regular.
VEN0740;2026-05-21;CLI049;PROD064;FUN036;Loja Física;2;241.43;482.86;0.0;0.0;0.0;216.0;0.0;0.0;Cartão de Débito;1;Cancelada;Barueri;SP;CC-COMERCIAL;Venda regular.
VEN0741;2026-05-21;CLI101;PROD024;FUN034;Loja Física;1;120.51;120.51;0.0;0.0;120.51;68.0;52.51;43.6;PIX;3;Devolvida;Santo André;SP;CC-COMERCIAL;Venda regular.
VEN0742;2026-05-21;CLI013;PROD031;FUN033;WhatsApp;1;172.09;172.09;0.0;0.0;172.09;99.0;73.09;42.5;Cartão de Crédito;2;Concluída;Osasco;SP;CC-COMERCIAL;Venda regular.
VEN0743;2026-05-21;CLI033;PROD049;FUN028;E-commerce;1;57.41;57.41;5.0;2.87;0.0;27.0;0.0;0.0;Boleto;4;Cancelada;Santo André;SP;CC-COMERCIAL;Venda regular.
VEN0744;2026-05-21;CLI093;PROD030;FUN035;WhatsApp;1;102.21;102.21;0.0;0.0;0.0;39.0;0.0;0.0;Cartão de Crédito;1;Cancelada;São Bernardo;SP;CC-COMERCIAL;Venda regular.
VEN0745;2026-05-22;CLI043;PROD046;FUN030;Loja Física;1;404.19;404.19;5.0;20.21;383.98;151.0;232.98;60.7;Cartão de Débito;1;Concluída;Guarulhos;SP;CC-COMERCIAL;Venda regular.
VEN0746;2026-05-22;CLI026;PROD037;FUN026;Loja Física;1;465.86;465.86;5.0;23.29;0.0;173.0;0.0;0.0;Boleto;1;Cancelada;Barueri;SP;CC-COMERCIAL;Venda regular.
VEN0747;2026-05-24;CLI114;PROD032;FUN039;WhatsApp;4;222.05;888.2;0.0;0.0;888.2;500.0;388.2;43.7;Cartão de Crédito;2;Concluída;Osasco;SP;CC-COMERCIAL;Venda regular.
VEN0748;2026-05-25;CLI013;PROD012;FUN032;E-commerce;2;384.61;769.22;5.0;38.46;730.76;290.0;440.76;60.3;Cartão de Débito;4;Concluída;Osasco;SP;CC-COMERCIAL;Venda regular.
VEN0749;2026-05-25;CLI101;PROD067;FUN034;Loja Física;3;400.84;1202.52;0.0;0.0;1202.52;444.0;758.52;63.1;Cartão de Crédito;4;Concluída;Santo André;SP;CC-COMERCIAL;Venda regular.
VEN0750;2026-05-26;CLI104;PROD038;FUN027;Loja Física;3;137.27;411.81;5.0;20.59;391.22;180.0;211.22;54.0;PIX;1;Concluída;São Paulo;SP;CC-COMERCIAL;Venda regular.
VEN0751;2026-05-27;CLI084;PROD020;FUN022;Loja Física;1;449.09;449.09;0.0;0.0;449.09;178.0;271.09;60.4;Cartão de Crédito;2;Concluída;Osasco;SP;CC-COMERCIAL;Venda regular.
VEN0752;2026-05-28;CLI008;PROD007;FUN038;Loja Física;1;239.77;239.77;0.0;0.0;239.77;138.0;101.77;42.4;PIX;4;Devolvida;Osasco;SP;CC-COMERCIAL;Venda regular.
VEN0753;2026-05-29;CLI002;PROD011;FUN025;E-commerce;1;283.61;283.61;0.0;0.0;283.61;127.0;156.61;55.2;Cartão de Débito;6;Concluída;São Paulo;SP;CC-COMERCIAL;Venda regular.
VEN0754;2026-05-30;CLI083;PROD039;FUN036;E-commerce;1;57.26;57.26;0.0;0.0;57.26;27.0;30.26;52.8;Cartão de Débito;1;Concluída;São Paulo;SP;CC-COMERCIAL;Venda regular.
VEN0755;2026-05-31;CLI081;PROD032;FUN033;Loja Física;1;222.05;222.05;0.0;0.0;0.0;125.0;0.0;0.0;Cartão de Crédito;3;Cancelada;São Bernardo;SP;CC-COMERCIAL;Venda regular.
VEN0756;2026-05-31;CLI048;PROD026;FUN036;E-commerce;4;184.7;738.8;0.0;0.0;0.0;344.0;0.0;0.0;Cartão de Débito;2;Cancelada;Barueri;SP;CC-COMERCIAL;Venda regular.
VEN0757;2026-05-31;CLI046;PROD054;FUN022;E-commerce;2;314.36;628.72;5.0;31.44;597.28;356.0;241.28;40.4;Cartão de Débito;1;Concluída;São Bernardo;SP;CC-COMERCIAL;Venda regular.
VEN0758;2026-05-31;CLI002;PROD079;FUN036;E-commerce;2;293.22;586.44;0.0;0.0;586.44;246.0;340.44;58.1;Cartão de Débito;3;Concluída;São Paulo;SP;CC-COMERCIAL;Venda regular.
VEN0759;2026-05-31;CLI041;PROD040;FUN029;E-commerce;2;216.48;432.96;0.0;0.0;432.96;184.0;248.96;57.5;Boleto;1;Concluída;Osasco;SP;CC-COMERCIAL;Venda regular.
VEN0760;2026-06-01;CLI052;PROD011;FUN033;Loja Física;2;283.61;567.22;0.0;0.0;567.22;254.0;313.22;55.2;Cartão de Débito;2;Concluída;São Paulo;SP;CC-COMERCIAL;Venda regular.
VEN0761;2026-06-01;CLI104;PROD025;FUN025;E-commerce;2;225.1;450.2;5.0;22.51;427.69;240.0;187.69;43.9;Cartão de Débito;1;Concluída;São Paulo;SP;CC-COMERCIAL;Venda regular.
VEN0762;2026-06-01;CLI040;PROD022;FUN035;E-commerce;1;162.46;162.46;0.0;0.0;0.0;68.0;0.0;0.0;PIX;6;Cancelada;São Bernardo;SP;CC-COMERCIAL;Venda regular.
VEN0763;2026-06-01;CLI052;PROD049;FUN028;E-commerce;1;57.41;57.41;5.0;2.87;54.54;27.0;27.54;50.5;Cartão de Débito;1;Concluída;São Paulo;SP;CC-COMERCIAL;Venda regular.
VEN0764;2026-06-01;CLI098;PROD075;FUN031;WhatsApp;1;308.83;308.83;5.0;15.44;293.39;156.0;137.39;46.8;Cartão de Débito;4;Concluída;Barueri;SP;CC-COMERCIAL;Venda regular.
VEN0765;2026-06-02;CLI015;PROD024;FUN021;E-commerce;1;120.51;120.51;5.0;6.03;0.0;68.0;0.0;0.0;PIX;3;Cancelada;Guarulhos;SP;CC-COMERCIAL;Venda regular.
VEN0766;2026-06-02;CLI104;PROD017;FUN038;Loja Física;1;252.12;252.12;5.0;12.61;239.51;123.0;116.51;48.6;Boleto;3;Devolvida;São Paulo;SP;CC-COMERCIAL;Venda regular.
VEN0767;2026-06-02;CLI043;PROD033;FUN035;E-commerce;1;158.79;158.79;0.0;0.0;158.79;63.0;95.79;60.3;Cartão de Débito;2;Concluída;Guarulhos;SP;CC-COMERCIAL;Venda regular.
VEN0768;2026-06-03;CLI052;PROD019;FUN035;E-commerce;2;257.17;514.34;0.0;0.0;514.34;302.0;212.34;41.3;Boleto;2;Devolvida;São Paulo;SP;CC-COMERCIAL;Venda regular.
VEN0769;2026-06-03;CLI065;PROD055;FUN037;E-commerce;1;210.16;210.16;0.0;0.0;210.16;104.0;106.16;50.5;Cartão de Débito;3;Concluída;Guarulhos;SP;CC-COMERCIAL;Venda regular.
VEN0770;2026-06-03;CLI024;PROD031;FUN032;Loja Física;1;172.09;172.09;0.0;0.0;172.09;99.0;73.09;42.5;Cartão de Débito;1;Concluída;Guarulhos;SP;CC-COMERCIAL;Venda regular.
VEN0771;2026-06-03;CLI109;PROD060;FUN034;Loja Física;2;355.5;711.0;0.0;0.0;711.0;314.0;397.0;55.8;Cartão de Crédito;1;Concluída;São Bernardo;SP;CC-COMERCIAL;Venda regular.
VEN0772;2026-06-04;CLI003;PROD041;FUN038;Loja Física;2;261.74;523.48;0.0;0.0;523.48;264.0;259.48;49.6;Boleto;1;Devolvida;Barueri;SP;CC-COMERCIAL;Venda regular.
VEN0773;2026-06-04;CLI048;PROD035;FUN030;WhatsApp;1;87.94;87.94;5.0;4.4;83.54;32.0;51.54;61.7;Cartão de Crédito;1;Concluída;Barueri;SP;CC-COMERCIAL;Venda regular.
VEN0774;2026-06-06;CLI108;PROD030;FUN022;Loja Física;2;102.21;204.42;0.0;0.0;204.42;78.0;126.42;61.8;Boleto;1;Devolvida;Barueri;SP;CC-COMERCIAL;Venda regular.
VEN0775;2026-06-07;CLI046;PROD031;FUN023;Loja Física;3;172.09;516.27;0.0;0.0;516.27;297.0;219.27;42.5;PIX;3;Concluída;São Bernardo;SP;CC-COMERCIAL;Venda regular.
VEN0776;2026-06-07;CLI053;PROD057;FUN037;E-commerce;1;203.76;203.76;0.0;0.0;203.76;115.0;88.76;43.6;Cartão de Débito;3;Concluída;São Bernardo;SP;CC-COMERCIAL;Venda regular.
VEN0777;2026-06-09;CLI013;PROD072;FUN023;Loja Física;2;145.08;290.16;0.0;0.0;290.16;104.0;186.16;64.2;Cartão de Crédito;3;Concluída;Osasco;SP;CC-COMERCIAL;Venda regular.
VEN0778;2026-06-09;CLI046;PROD078;FUN026;WhatsApp;2;300.12;600.24;0.0;0.0;0.0;272.0;0.0;0.0;Cartão de Crédito;1;Cancelada;São Bernardo;SP;CC-COMERCIAL;Venda regular.
VEN0779;2026-06-10;CLI026;PROD050;FUN037;E-commerce;2;321.78;643.56;0.0;0.0;643.56;340.0;303.56;47.2;PIX;2;Concluída;Barueri;SP;CC-COMERCIAL;Venda regular.
VEN0780;2026-06-10;CLI045;PROD065;FUN024;Loja Física;1;277.85;277.85;0.0;0.0;277.85;147.0;130.85;47.1;PIX;1;Concluída;Osasco;SP;CC-COMERCIAL;Venda regular.
VEN0781;2026-06-10;CLI060;PROD012;FUN033;Loja Física;3;384.61;1153.83;0.0;0.0;1153.83;435.0;718.83;62.3;PIX;1;Concluída;Barueri;SP;CC-COMERCIAL;Venda regular.
VEN0782;2026-06-10;CLI115;PROD080;FUN025;E-commerce;1;139.03;139.03;0.0;0.0;139.03;80.0;59.03;42.5;Cartão de Crédito;1;Concluída;Guarulhos;SP;CC-COMERCIAL;Venda regular.
VEN0783;2026-06-11;CLI046;PROD006;FUN034;Loja Física;1;76.32;76.32;0.0;0.0;76.32;35.0;41.32;54.1;Cartão de Crédito;3;Concluída;São Bernardo;SP;CC-COMERCIAL;Venda regular.
VEN0784;2026-06-11;CLI081;PROD045;FUN023;Loja Física;1;233.84;233.84;0.0;0.0;233.84;102.0;131.84;56.4;PIX;1;Concluída;São Bernardo;SP;CC-COMERCIAL;Venda regular.
VEN0785;2026-06-12;CLI081;PROD019;FUN034;WhatsApp;1;257.17;257.17;0.0;0.0;0.0;151.0;0.0;0.0;Boleto;4;Cancelada;São Bernardo;SP;CC-COMERCIAL;Venda regular.
VEN0786;2026-06-14;CLI049;PROD032;FUN029;Loja Física;1;222.05;222.05;0.0;0.0;222.05;125.0;97.05;43.7;Cartão de Crédito;6;Concluída;Barueri;SP;CC-COMERCIAL;Venda regular.
VEN0787;2026-06-14;CLI025;PROD031;FUN030;E-commerce;1;172.09;172.09;0.0;0.0;172.09;99.0;73.09;42.5;Boleto;1;Devolvida;Osasco;SP;CC-COMERCIAL;Venda regular.
VEN0788;2026-06-14;CLI112;PROD025;FUN035;Loja Física;1;225.1;225.1;5.0;11.26;213.84;120.0;93.84;43.9;PIX;1;Devolvida;Guarulhos;SP;CC-COMERCIAL;Venda regular.
VEN0789;2026-06-14;CLI073;PROD067;FUN024;E-commerce;1;400.84;400.84;0.0;0.0;0.0;148.0;0.0;0.0;Cartão de Crédito;1;Cancelada;Barueri;SP;CC-COMERCIAL;Venda regular.
VEN0790;2026-06-14;CLI052;PROD033;FUN027;WhatsApp;1;158.79;158.79;0.0;0.0;158.79;63.0;95.79;60.3;Cartão de Crédito;1;Concluída;São Paulo;SP;CC-COMERCIAL;Venda regular.
VEN0791;2026-06-14;CLI104;PROD015;FUN026;Loja Física;1;304.13;304.13;0.0;0.0;304.13;112.0;192.13;63.2;Cartão de Crédito;1;Concluída;São Paulo;SP;CC-COMERCIAL;Venda regular.
VEN0792;2026-06-15;CLI114;PROD005;FUN039;E-commerce;1;159.53;159.53;0.0;0.0;0.0;62.0;0.0;0.0;Cartão de Débito;2;Cancelada;Osasco;SP;CC-COMERCIAL;Venda regular.
VEN0793;2026-06-15;CLI075;PROD035;FUN036;E-commerce;1;87.94;87.94;0.0;0.0;87.94;32.0;55.94;63.6;Cartão de Crédito;1;Concluída;São Paulo;SP;CC-COMERCIAL;Venda regular.
VEN0794;2026-06-15;CLI002;PROD017;FUN026;Loja Física;2;252.12;504.24;0.0;0.0;504.24;246.0;258.24;51.2;Boleto;1;Devolvida;São Paulo;SP;CC-COMERCIAL;Venda regular.
VEN0795;2026-06-16;CLI002;PROD073;FUN032;WhatsApp;1;188.38;188.38;0.0;0.0;188.38;77.0;111.38;59.1;Cartão de Crédito;1;Devolvida;São Paulo;SP;CC-COMERCIAL;Venda regular.
VEN0796;2026-06-16;CLI100;PROD002;FUN033;E-commerce;1;386.26;386.26;0.0;0.0;386.26;147.0;239.26;61.9;PIX;1;Concluída;Santo André;SP;CC-COMERCIAL;Venda regular.
VEN0797;2026-06-16;CLI053;PROD015;FUN036;E-commerce;1;304.13;304.13;0.0;0.0;304.13;112.0;192.13;63.2;PIX;6;Concluída;São Bernardo;SP;CC-COMERCIAL;Venda regular.
VEN0798;2026-06-16;CLI073;PROD026;FUN030;Loja Física;2;184.7;369.4;5.0;18.47;0.0;172.0;0.0;0.0;Boleto;3;Cancelada;Barueri;SP;CC-COMERCIAL;Venda regular.
VEN0799;2026-06-16;CLI114;PROD052;FUN028;E-commerce;1;232.1;232.1;0.0;0.0;232.1;124.0;108.1;46.6;PIX;2;Concluída;Osasco;SP;CC-COMERCIAL;Venda regular.
VEN0800;2026-06-17;CLI116;PROD039;FUN037;WhatsApp;2;57.26;114.52;0.0;0.0;114.52;54.0;60.52;52.8;Cartão de Débito;6;Concluída;São Bernardo;SP;CC-COMERCIAL;Venda regular.
VEN0801;2026-06-17;CLI002;PROD009;FUN023;Loja Física;2;160.97;321.94;0.0;0.0;321.94;128.0;193.94;60.2;PIX;4;Concluída;São Paulo;SP;CC-COMERCIAL;Venda regular.
VEN0802;2026-06-18;CLI096;PROD069;FUN031;E-commerce;1;201.84;201.84;0.0;0.0;201.84;105.0;96.84;48.0;Cartão de Crédito;4;Concluída;Barueri;SP;CC-COMERCIAL;Venda regular.
VEN0803;2026-06-18;CLI042;PROD004;FUN029;Loja Física;1;59.03;59.03;0.0;0.0;59.03;28.0;31.03;52.6;Cartão de Débito;1;Concluída;São Bernardo;SP;CC-COMERCIAL;Venda regular.
VEN0804;2026-06-19;CLI049;PROD006;FUN021;E-commerce;1;76.32;76.32;5.0;3.82;72.5;35.0;37.5;51.7;PIX;1;Concluída;Barueri;SP;CC-COMERCIAL;Venda regular.
VEN0805;2026-06-19;CLI073;PROD080;FUN023;E-commerce;1;139.03;139.03;0.0;0.0;139.03;80.0;59.03;42.5;Cartão de Crédito;3;Devolvida;Barueri;SP;CC-COMERCIAL;Venda regular.
VEN0806;2026-06-19;CLI018;PROD009;FUN038;Loja Física;3;160.97;482.91;5.0;24.15;0.0;192.0;0.0;0.0;Cartão de Crédito;2;Cancelada;Guarulhos;SP;CC-COMERCIAL;Venda regular.
VEN0807;2026-06-19;CLI006;PROD008;FUN023;E-commerce;1;374.42;374.42;0.0;0.0;374.42;152.0;222.42;59.4;Boleto;4;Concluída;São Paulo;SP;CC-COMERCIAL;Venda regular.
VEN0808;2026-06-19;CLI104;PROD035;FUN030;Loja Física;3;87.94;263.82;0.0;0.0;263.82;96.0;167.82;63.6;PIX;1;Concluída;São Paulo;SP;CC-COMERCIAL;Venda regular.
VEN0809;2026-06-19;CLI097;PROD070;FUN033;WhatsApp;1;110.81;110.81;0.0;0.0;110.81;48.0;62.81;56.7;PIX;1;Concluída;Osasco;SP;CC-COMERCIAL;Venda regular.
VEN0810;2026-06-20;CLI031;PROD003;FUN033;Loja Física;1;160.15;160.15;5.0;8.01;152.14;71.0;81.14;53.3;Cartão de Débito;4;Concluída;São Bernardo;SP;CC-COMERCIAL;Venda regular.
VEN0811;2026-06-20;CLI112;PROD011;FUN028;E-commerce;4;283.61;1134.44;0.0;0.0;1134.44;508.0;626.44;55.2;Boleto;4;Concluída;Guarulhos;SP;CC-COMERCIAL;Venda regular.
VEN0812;2026-06-22;CLI053;PROD030;FUN028;Loja Física;2;102.21;204.42;0.0;0.0;0.0;78.0;0.0;0.0;Cartão de Crédito;6;Cancelada;São Bernardo;SP;CC-COMERCIAL;Venda regular.
VEN0813;2026-06-22;CLI020;PROD003;FUN037;Loja Física;2;160.15;320.3;0.0;0.0;320.3;142.0;178.3;55.7;Cartão de Débito;1;Concluída;São Bernardo;SP;CC-COMERCIAL;Venda regular.
VEN0814;2026-06-23;CLI036;PROD012;FUN025;Loja Física;2;384.61;769.22;0.0;0.0;769.22;290.0;479.22;62.3;Boleto;1;Concluída;Guarulhos;SP;CC-COMERCIAL;Venda regular.
VEN0815;2026-06-23;CLI053;PROD008;FUN021;E-commerce;1;374.42;374.42;0.0;0.0;0.0;152.0;0.0;0.0;Cartão de Crédito;3;Cancelada;São Bernardo;SP;CC-COMERCIAL;Venda regular.
VEN0816;2026-06-23;CLI046;PROD055;FUN026;Loja Física;2;210.16;420.32;0.0;0.0;420.32;208.0;212.32;50.5;Cartão de Débito;4;Concluída;São Bernardo;SP;CC-COMERCIAL;Venda regular.
VEN0817;2026-06-23;CLI082;PROD072;FUN022;Loja Física;3;145.08;435.24;0.0;0.0;0.0;156.0;0.0;0.0;PIX;2;Cancelada;Santo André;SP;CC-COMERCIAL;Venda regular.
VEN0818;2026-06-23;CLI112;PROD025;FUN030;Loja Física;2;225.1;450.2;0.0;0.0;450.2;240.0;210.2;46.7;PIX;1;Devolvida;Guarulhos;SP;CC-COMERCIAL;Venda regular.
VEN0819;2026-06-24;CLI085;PROD033;FUN025;WhatsApp;1;158.79;158.79;5.0;7.94;150.85;63.0;87.85;58.2;Boleto;6;Concluída;Barueri;SP;CC-COMERCIAL;Venda regular.
VEN0820;2026-06-24;CLI030;PROD028;FUN039;Loja Física;4;294.47;1177.88;0.0;0.0;1177.88;484.0;693.88;58.9;PIX;4;Concluída;São Bernardo;SP;CC-COMERCIAL;Venda regular.
VEN0821;2026-06-25;CLI023;PROD032;FUN033;Loja Física;1;222.05;222.05;0.0;0.0;0.0;125.0;0.0;0.0;Cartão de Débito;2;Cancelada;São Paulo;SP;CC-COMERCIAL;Venda regular.
VEN0822;2026-06-26;CLI052;PROD021;FUN035;WhatsApp;1;369.09;369.09;0.0;0.0;0.0;180.0;0.0;0.0;Cartão de Crédito;1;Cancelada;São Paulo;SP;CC-COMERCIAL;Venda regular.
VEN0823;2026-06-26;CLI116;PROD036;FUN036;E-commerce;1;281.02;281.02;0.0;0.0;0.0;119.0;0.0;0.0;Cartão de Débito;2;Cancelada;São Bernardo;SP;CC-COMERCIAL;Venda regular.
VEN0824;2026-06-26;CLI052;PROD052;FUN023;Loja Física;2;232.1;464.2;0.0;0.0;464.2;248.0;216.2;46.6;Boleto;1;Concluída;São Paulo;SP;CC-COMERCIAL;Venda regular.
VEN0825;2026-06-28;CLI087;PROD011;FUN025;E-commerce;1;283.61;283.61;5.0;14.18;269.43;127.0;142.43;52.9;Boleto;1;Concluída;Guarulhos;SP;CC-COMERCIAL;Venda regular.
VEN0826;2026-06-28;CLI023;PROD015;FUN029;Loja Física;2;304.13;608.26;0.0;0.0;608.26;224.0;384.26;63.2;PIX;6;Concluída;São Paulo;SP;CC-COMERCIAL;Venda regular.
VEN0827;2026-06-29;CLI002;PROD015;FUN034;E-commerce;2;304.13;608.26;0.0;0.0;608.26;224.0;384.26;63.2;Boleto;1;Concluída;São Paulo;SP;CC-COMERCIAL;Venda regular.
VEN0828;2026-06-29;CLI060;PROD076;FUN024;E-commerce;2;149.13;298.26;0.0;0.0;298.26;152.0;146.26;49.0;Cartão de Crédito;3;Devolvida;Barueri;SP;CC-COMERCIAL;Venda regular.
VEN0829;2026-06-30;CLI030;PROD071;FUN027;WhatsApp;1;242.96;242.96;5.0;12.15;230.81;102.0;128.81;55.8;Cartão de Débito;1;Concluída;São Bernardo;SP;CC-COMERCIAL;Venda regular.
VEN0830;2026-06-30;CLI042;PROD033;FUN022;Loja Física;2;158.79;317.58;0.0;0.0;317.58;126.0;191.58;60.3;Cartão de Débito;2;Concluída;São Bernardo;SP;CC-COMERCIAL;Venda regular.
VEN0831;2026-07-01;CLI066;PROD015;FUN030;E-commerce;2;304.13;608.26;0.0;0.0;608.26;224.0;384.26;63.2;PIX;4;Concluída;São Paulo;SP;CC-COMERCIAL;Venda regular.
VEN0832;2026-07-01;CLI101;PROD013;FUN039;Loja Física;1;144.71;144.71;0.0;0.0;144.71;75.0;69.71;48.2;Cartão de Débito;1;Concluída;Santo André;SP;CC-COMERCIAL;Venda regular.
VEN0833;2026-07-01;CLI064;PROD033;FUN030;Loja Física;1;158.79;158.79;0.0;0.0;158.79;63.0;95.79;60.3;Cartão de Débito;4;Devolvida;Barueri;SP;CC-COMERCIAL;Venda regular.
VEN0834;2026-07-01;CLI098;PROD041;FUN036;Loja Física;1;261.74;261.74;0.0;0.0;261.74;132.0;129.74;49.6;Boleto;1;Concluída;Barueri;SP;CC-COMERCIAL;Venda regular.
VEN0835;2026-07-01;CLI101;PROD044;FUN021;E-commerce;1;114.13;114.13;0.0;0.0;0.0;43.0;0.0;0.0;Cartão de Débito;2;Cancelada;Santo André;SP;CC-COMERCIAL;Venda regular.
VEN0836;2026-07-02;CLI046;PROD025;FUN029;Loja Física;1;225.1;225.1;0.0;0.0;225.1;120.0;105.1;46.7;Boleto;4;Concluída;São Bernardo;SP;CC-COMERCIAL;Venda regular.
VEN0837;2026-07-02;CLI052;PROD030;FUN028;Loja Física;1;102.21;102.21;0.0;0.0;0.0;39.0;0.0;0.0;Cartão de Débito;4;Cancelada;São Paulo;SP;CC-COMERCIAL;Venda regular.
VEN0838;2026-07-03;CLI051;PROD029;FUN031;E-commerce;1;298.41;298.41;0.0;0.0;298.41;168.0;130.41;43.7;Boleto;1;Concluída;Guarulhos;SP;CC-COMERCIAL;Venda regular.
VEN0839;2026-07-04;CLI060;PROD018;FUN028;Loja Física;3;160.85;482.55;0.0;0.0;482.55;279.0;203.55;42.2;PIX;1;Concluída;Barueri;SP;CC-COMERCIAL;Venda regular.
VEN0840;2026-07-04;CLI073;PROD072;FUN028;E-commerce;4;145.08;580.32;5.0;29.02;551.3;208.0;343.3;62.3;Boleto;2;Concluída;Barueri;SP;CC-COMERCIAL;Venda regular.
VEN0841;2026-07-05;CLI043;PROD050;FUN031;E-commerce;1;321.78;321.78;0.0;0.0;321.78;170.0;151.78;47.2;Boleto;6;Concluída;Guarulhos;SP;CC-COMERCIAL;Venda regular.
VEN0842;2026-07-06;CLI081;PROD003;FUN034;E-commerce;1;160.15;160.15;0.0;0.0;160.15;71.0;89.15;55.7;Cartão de Crédito;3;Concluída;São Bernardo;SP;CC-COMERCIAL;Venda regular.
VEN0843;2026-07-06;CLI112;PROD056;FUN026;Loja Física;1;129.22;129.22;0.0;0.0;129.22;73.0;56.22;43.5;Cartão de Crédito;4;Concluída;Guarulhos;SP;CC-COMERCIAL;Venda regular.
VEN0844;2026-07-06;CLI116;PROD012;FUN034;WhatsApp;1;384.61;384.61;0.0;0.0;384.61;145.0;239.61;62.3;Cartão de Débito;4;Concluída;São Bernardo;SP;CC-COMERCIAL;Venda regular.
VEN0845;2026-07-07;CLI068;PROD036;FUN036;Loja Física;1;281.02;281.02;0.0;0.0;281.02;119.0;162.02;57.7;Cartão de Crédito;2;Concluída;Guarulhos;SP;CC-COMERCIAL;Venda regular.
VEN0846;2026-07-07;CLI006;PROD030;FUN039;Loja Física;1;102.21;102.21;0.0;0.0;102.21;39.0;63.21;61.8;Cartão de Débito;6;Concluída;São Paulo;SP;CC-COMERCIAL;Venda regular.
VEN0847;2026-07-08;CLI044;PROD060;FUN031;E-commerce;1;355.5;355.5;0.0;0.0;355.5;157.0;198.5;55.8;PIX;1;Concluída;Osasco;SP;CC-COMERCIAL;Venda regular.
VEN0848;2026-07-09;CLI114;PROD014;FUN032;Loja Física;1;373.62;373.62;0.0;0.0;373.62;168.0;205.62;55.0;Cartão de Crédito;2;Concluída;Osasco;SP;CC-COMERCIAL;Venda regular.
VEN0849;2026-07-09;CLI081;PROD077;FUN034;Loja Física;1;177.76;177.76;0.0;0.0;177.76;65.0;112.76;63.4;PIX;2;Concluída;São Bernardo;SP;CC-COMERCIAL;Venda regular.
VEN0850;2026-07-09;CLI035;PROD022;FUN027;E-commerce;1;162.46;162.46;5.0;8.12;154.34;68.0;86.34;55.9;Boleto;4;Concluída;São Paulo;SP;CC-COMERCIAL;Venda regular.
VEN0851;2026-07-09;CLI060;PROD021;FUN023;E-commerce;1;369.09;369.09;5.0;18.45;350.64;180.0;170.64;48.7;Cartão de Débito;1;Devolvida;Barueri;SP;CC-COMERCIAL;Venda regular.
VEN0852;2026-07-09;CLI112;PROD080;FUN024;Loja Física;1;139.03;139.03;5.0;6.95;132.08;80.0;52.08;39.4;Cartão de Débito;1;Devolvida;Guarulhos;SP;CC-COMERCIAL;Venda regular.
VEN0853;2026-07-10;CLI043;PROD029;FUN034;E-commerce;1;298.41;298.41;5.0;14.92;283.49;168.0;115.49;40.7;PIX;1;Concluída;Guarulhos;SP;CC-COMERCIAL;Venda regular.
VEN0854;2026-07-10;CLI099;PROD037;FUN032;E-commerce;1;465.86;465.86;0.0;0.0;465.86;173.0;292.86;62.9;Cartão de Crédito;1;Concluída;Guarulhos;SP;CC-COMERCIAL;Venda regular.
VEN0855;2026-07-10;CLI116;PROD016;FUN031;Loja Física;1;208.07;208.07;0.0;0.0;208.07;99.0;109.07;52.4;Cartão de Crédito;1;Devolvida;São Bernardo;SP;CC-COMERCIAL;Venda regular.
VEN0856;2026-07-11;CLI044;PROD004;FUN036;Loja Física;2;59.03;118.06;0.0;0.0;118.06;56.0;62.06;52.6;Boleto;2;Concluída;Osasco;SP;CC-COMERCIAL;Venda regular.
VEN0857;2026-07-12;CLI073;PROD054;FUN021;E-commerce;2;314.36;628.72;5.0;31.44;597.28;356.0;241.28;40.4;Cartão de Crédito;4;Concluída;Barueri;SP;CC-COMERCIAL;Venda regular.
VEN0858;2026-07-12;CLI002;PROD043;FUN031;E-commerce;1;124.41;124.41;0.0;0.0;124.41;72.0;52.41;42.1;Boleto;1;Concluída;São Paulo;SP;CC-COMERCIAL;Venda regular.
VEN0859;2026-07-13;CLI049;PROD008;FUN038;E-commerce;1;374.42;374.42;0.0;0.0;374.42;152.0;222.42;59.4;PIX;2;Devolvida;Barueri;SP;CC-COMERCIAL;Venda regular.
VEN0860;2026-07-13;CLI020;PROD069;FUN036;Loja Física;1;201.84;201.84;0.0;0.0;201.84;105.0;96.84;48.0;Boleto;1;Concluída;São Bernardo;SP;CC-COMERCIAL;Venda regular.
VEN0861;2026-07-14;CLI074;PROD056;FUN035;E-commerce;2;129.22;258.44;0.0;0.0;0.0;146.0;0.0;0.0;Cartão de Crédito;4;Cancelada;Osasco;SP;CC-COMERCIAL;Venda regular.
VEN0862;2026-07-15;CLI097;PROD005;FUN022;E-commerce;2;159.53;319.06;0.0;0.0;0.0;124.0;0.0;0.0;Cartão de Débito;3;Cancelada;Osasco;SP;CC-COMERCIAL;Venda regular.
VEN0863;2026-07-15;CLI047;PROD025;FUN037;E-commerce;3;225.1;675.3;0.0;0.0;675.3;360.0;315.3;46.7;PIX;6;Concluída;São Paulo;SP;CC-COMERCIAL;Venda regular.
VEN0864;2026-07-15;CLI008;PROD045;FUN026;WhatsApp;1;233.84;233.84;0.0;0.0;233.84;102.0;131.84;56.4;PIX;4;Concluída;Osasco;SP;CC-COMERCIAL;Venda regular.
VEN0865;2026-07-16;CLI084;PROD048;FUN024;WhatsApp;2;85.11;170.22;0.0;0.0;0.0;72.0;0.0;0.0;Boleto;1;Cancelada;Osasco;SP;CC-COMERCIAL;Venda regular.
VEN0866;2026-07-16;CLI052;PROD021;FUN024;Loja Física;1;369.09;369.09;0.0;0.0;369.09;180.0;189.09;51.2;Cartão de Débito;2;Concluída;São Paulo;SP;CC-COMERCIAL;Venda regular.
VEN0867;2026-07-17;CLI002;PROD061;FUN032;E-commerce;1;141.65;141.65;0.0;0.0;141.65;82.0;59.65;42.1;Cartão de Crédito;2;Concluída;São Paulo;SP;CC-COMERCIAL;Venda regular.
VEN0868;2026-07-17;CLI057;PROD060;FUN023;WhatsApp;2;355.5;711.0;0.0;0.0;711.0;314.0;397.0;55.8;Boleto;1;Concluída;São Paulo;SP;CC-COMERCIAL;Venda regular.
VEN0869;2026-07-17;CLI101;PROD043;FUN036;Loja Física;2;124.41;248.82;0.0;0.0;248.82;144.0;104.82;42.1;Cartão de Crédito;1;Concluída;Santo André;SP;CC-COMERCIAL;Venda regular.
VEN0870;2026-07-18;CLI046;PROD015;FUN021;E-commerce;1;304.13;304.13;0.0;0.0;304.13;112.0;192.13;63.2;Cartão de Crédito;6;Concluída;São Bernardo;SP;CC-COMERCIAL;Venda regular.
VEN0871;2026-07-18;CLI101;PROD046;FUN037;Loja Física;1;404.19;404.19;0.0;0.0;0.0;151.0;0.0;0.0;PIX;4;Cancelada;Santo André;SP;CC-COMERCIAL;Venda regular.
VEN0872;2026-07-19;CLI112;PROD036;FUN024;Loja Física;1;281.02;281.02;0.0;0.0;281.02;119.0;162.02;57.7;PIX;6;Concluída;Guarulhos;SP;CC-COMERCIAL;Venda regular.
VEN0873;2026-07-19;CLI104;PROD029;FUN028;Loja Física;1;298.41;298.41;0.0;0.0;0.0;168.0;0.0;0.0;Boleto;6;Cancelada;São Paulo;SP;CC-COMERCIAL;Venda regular.
VEN0874;2026-07-19;CLI049;PROD058;FUN032;Loja Física;2;106.34;212.68;0.0;0.0;212.68;88.0;124.68;58.6;PIX;3;Devolvida;Barueri;SP;CC-COMERCIAL;Venda regular.
VEN0875;2026-07-19;CLI006;PROD026;FUN027;WhatsApp;1;184.7;184.7;0.0;0.0;184.7;86.0;98.7;53.4;Boleto;4;Concluída;São Paulo;SP;CC-COMERCIAL;Venda regular.
VEN0876;2026-07-19;CLI112;PROD028;FUN030;E-commerce;2;294.47;588.94;0.0;0.0;588.94;242.0;346.94;58.9;Boleto;1;Concluída;Guarulhos;SP;CC-COMERCIAL;Venda regular.
VEN0877;2026-07-20;CLI002;PROD072;FUN027;Loja Física;1;145.08;145.08;0.0;0.0;145.08;52.0;93.08;64.2;PIX;4;Concluída;São Paulo;SP;CC-COMERCIAL;Venda regular.
VEN0878;2026-07-20;CLI052;PROD014;FUN021;WhatsApp;1;373.62;373.62;0.0;0.0;373.62;168.0;205.62;55.0;Boleto;1;Concluída;São Paulo;SP;CC-COMERCIAL;Venda regular.
VEN0879;2026-07-20;CLI088;PROD036;FUN030;WhatsApp;1;281.02;281.02;0.0;0.0;281.02;119.0;162.02;57.7;Boleto;3;Concluída;Barueri;SP;CC-COMERCIAL;Venda regular.
VEN0880;2026-07-21;CLI021;PROD072;FUN027;E-commerce;1;145.08;145.08;0.0;0.0;145.08;52.0;93.08;64.2;Boleto;1;Concluída;Osasco;SP;CC-COMERCIAL;Venda regular.
VEN0881;2026-07-22;CLI006;PROD007;FUN036;Loja Física;1;239.77;239.77;0.0;0.0;239.77;138.0;101.77;42.4;Cartão de Crédito;1;Concluída;São Paulo;SP;CC-COMERCIAL;Venda regular.
VEN0882;2026-07-22;CLI112;PROD051;FUN037;Loja Física;1;366.05;366.05;0.0;0.0;366.05;179.0;187.05;51.1;PIX;6;Concluída;Guarulhos;SP;CC-COMERCIAL;Venda regular.
VEN0883;2026-07-24;CLI061;PROD037;FUN027;E-commerce;1;465.86;465.86;0.0;0.0;465.86;173.0;292.86;62.9;PIX;3;Concluída;Osasco;SP;CC-COMERCIAL;Venda regular.
VEN0884;2026-07-24;CLI081;PROD027;FUN033;E-commerce;3;74.8;224.4;0.0;0.0;0.0;84.0;0.0;0.0;Boleto;1;Cancelada;São Bernardo;SP;CC-COMERCIAL;Venda regular.
VEN0885;2026-07-25;CLI021;PROD029;FUN028;E-commerce;1;298.41;298.41;0.0;0.0;298.41;168.0;130.41;43.7;Boleto;1;Concluída;Osasco;SP;CC-COMERCIAL;Venda regular.
VEN0886;2026-07-26;CLI037;PROD020;FUN031;Loja Física;1;449.09;449.09;0.0;0.0;449.09;178.0;271.09;60.4;Boleto;2;Concluída;São Bernardo;SP;CC-COMERCIAL;Venda regular.
VEN0887;2026-07-26;CLI006;PROD038;FUN033;Loja Física;1;137.27;137.27;0.0;0.0;137.27;60.0;77.27;56.3;Cartão de Débito;6;Concluída;São Paulo;SP;CC-COMERCIAL;Venda regular.
VEN0888;2026-07-26;CLI114;PROD027;FUN028;E-commerce;2;74.8;149.6;0.0;0.0;0.0;56.0;0.0;0.0;Cartão de Débito;1;Cancelada;Osasco;SP;CC-COMERCIAL;Venda regular.
VEN0889;2026-07-26;CLI043;PROD014;FUN021;Loja Física;1;373.62;373.62;0.0;0.0;373.62;168.0;205.62;55.0;Cartão de Débito;1;Concluída;Guarulhos;SP;CC-COMERCIAL;Venda regular.
VEN0890;2026-07-26;CLI044;PROD067;FUN037;Loja Física;2;400.84;801.68;0.0;0.0;801.68;296.0;505.68;63.1;Cartão de Crédito;1;Concluída;Osasco;SP;CC-COMERCIAL;Venda regular.
VEN0891;2026-07-27;CLI098;PROD008;FUN038;E-commerce;2;374.42;748.84;0.0;0.0;748.84;304.0;444.84;59.4;Cartão de Crédito;3;Concluída;Barueri;SP;CC-COMERCIAL;Venda regular.
VEN0892;2026-07-27;CLI082;PROD035;FUN033;WhatsApp;2;87.94;175.88;0.0;0.0;175.88;64.0;111.88;63.6;Boleto;1;Concluída;Santo André;SP;CC-COMERCIAL;Venda regular.
VEN0893;2026-07-27;CLI073;PROD016;FUN037;E-commerce;1;208.07;208.07;0.0;0.0;208.07;99.0;109.07;52.4;Cartão de Crédito;3;Concluída;Barueri;SP;CC-COMERCIAL;Venda regular.
VEN0894;2026-07-27;CLI074;PROD026;FUN031;Loja Física;1;184.7;184.7;0.0;0.0;0.0;86.0;0.0;0.0;PIX;1;Cancelada;Osasco;SP;CC-COMERCIAL;Venda regular.
VEN0895;2026-07-28;CLI112;PROD005;FUN022;E-commerce;1;159.53;159.53;0.0;0.0;159.53;62.0;97.53;61.1;Boleto;4;Concluída;Guarulhos;SP;CC-COMERCIAL;Venda regular.
VEN0896;2026-07-28;CLI043;PROD014;FUN031;WhatsApp;1;373.62;373.62;5.0;18.68;354.94;168.0;186.94;52.7;PIX;1;Concluída;Guarulhos;SP;CC-COMERCIAL;Venda regular.
VEN0897;2026-07-28;CLI101;PROD024;FUN034;Loja Física;2;120.51;241.02;0.0;0.0;241.02;136.0;105.02;43.6;Boleto;4;Concluída;Santo André;SP;CC-COMERCIAL;Venda regular.
VEN0898;2026-07-28;CLI073;PROD042;FUN038;Loja Física;3;109.51;328.53;0.0;0.0;328.53;177.0;151.53;46.1;PIX;2;Concluída;Barueri;SP;CC-COMERCIAL;Venda regular.
VEN0899;2026-07-31;CLI116;PROD075;FUN030;E-commerce;1;308.83;308.83;0.0;0.0;0.0;156.0;0.0;0.0;Cartão de Débito;2;Cancelada;São Bernardo;SP;CC-COMERCIAL;Venda regular.
VEN0900;2026-07-31;CLI116;PROD019;FUN035;E-commerce;1;257.17;257.17;0.0;0.0;257.17;151.0;106.17;41.3;Boleto;6;Concluída;São Bernardo;SP;CC-COMERCIAL;Venda regular.
