id_compra;data_compra;fornecedor_id;produto_id;quantidade;custo_unitario;frete;valor_total;data_prevista_entrega;status;competencia
COMP00001;2023-08-01;FOR009;PROD002;10;57.12;45.0;616.2;2023-08-11;Recebida;2023-08
COMP00002;2023-08-02;FOR009;PROD004;16;132.83;45.0;2170.28;2023-08-12;Recebida;2023-08
COMP00003;2023-08-03;FOR006;PROD007;12;64.39;45.0;817.68;2023-08-08;Recebida;2023-08
COMP00004;2023-08-02;FOR004;PROD008;16;75.93;45.0;1259.88;2023-08-22;Recebida;2023-08
COMP00005;2023-08-05;FOR015;PROD009;11;20.92;45.0;275.12;2023-08-20;Recebida;2023-08
COMP00006;2023-08-02;FOR018;PROD013;14;101.87;45.0;1471.18;2023-08-07;Recebida;2023-08
COMP00007;2023-08-03;FOR014;PROD017;15;66.92;45.0;1048.8;2023-08-13;Recebida;2023-08
COMP00008;2023-08-03;FOR015;PROD022;16;134.05;45.0;2189.8;2023-08-18;Recebida;2023-08
COMP00009;2023-08-04;FOR012;PROD025;13;65.84;45.0;900.92;2023-08-11;Recebida;2023-08
COMP00010;2023-08-04;FOR016;PROD026;11;85.6;45.0;986.6;2023-08-24;Recebida;2023-08
COMP00011;2023-08-03;FOR014;PROD029;11;69.64;45.0;811.04;2023-08-13;Recebida;2023-08
COMP00012;2023-08-03;FOR016;PROD031;12;117.5;45.0;1455.0;2023-08-23;Recebida;2023-08
COMP00013;2023-08-04;FOR002;PROD034;13;54.59;45.0;754.67;2023-08-11;Recebida;2023-08
COMP00014;2023-08-02;FOR008;PROD035;10;72.03;45.0;765.3;2023-08-17;Recebida;2023-08
COMP00015;2023-08-04;FOR004;PROD036;10;34.06;45.0;385.6;2023-08-24;Recebida;2023-08
COMP00016;2023-08-02;FOR016;PROD038;14;66.73;45.0;979.22;2023-08-22;Recebida;2023-08
COMP00017;2023-08-02;FOR009;PROD042;10;75.67;45.0;801.7;2023-08-12;Recebida;2023-08
COMP00018;2023-08-04;FOR001;PROD044;15;56.48;45.0;892.2;2023-08-19;Recebida;2023-08
COMP00019;2023-08-01;FOR017;PROD045;13;27.43;45.0;401.59;2023-08-16;Recebida;2023-08
COMP00020;2023-08-02;FOR002;PROD053;18;67.67;45.0;1263.06;2023-08-09;Recebida;2023-08
COMP00021;2023-08-03;FOR011;PROD054;10;27.61;45.0;321.1;2023-08-15;Recebida;2023-08
COMP00022;2023-08-05;FOR005;PROD056;10;64.41;45.0;689.1;2023-08-25;Recebida;2023-08
COMP00023;2023-08-03;FOR014;PROD058;11;140.43;45.0;1589.73;2023-08-13;Recebida;2023-08
COMP00024;2023-08-03;FOR004;PROD062;20;68.45;45.0;1414.0;2023-08-23;Recebida;2023-08
COMP00025;2023-08-02;FOR010;PROD065;14;79.21;45.0;1153.94;2023-08-17;Recebida;2023-08
COMP00026;2023-08-03;FOR015;PROD071;13;63.58;45.0;871.54;2023-08-18;Recebida;2023-08
COMP00027;2023-08-03;FOR017;PROD074;10;64.46;45.0;689.6;2023-08-18;Recebida;2023-08
COMP00028;2023-08-02;FOR002;PROD076;11;142.97;45.0;1617.67;2023-08-09;Recebida;2023-08
COMP00029;2023-08-01;FOR014;PROD079;12;64.89;45.0;823.68;2023-08-11;Recebida;2023-08
COMP00030;2023-08-02;FOR001;PROD080;11;47.83;45.0;571.13;2023-08-17;Recebida;2023-08
COMP00031;2023-09-05;FOR017;PROD001;17;28.9;45.0;536.3;2023-09-20;Recebida;2023-09
COMP00032;2023-09-04;FOR009;PROD002;10;57.2;45.0;617.0;2023-09-14;Recebida;2023-09
COMP00033;2023-09-04;FOR017;PROD003;14;83.87;45.0;1219.18;2023-09-19;Recebida;2023-09
COMP00034;2023-09-03;FOR009;PROD004;12;131.18;45.0;1619.16;2023-09-13;Recebida;2023-09
COMP00035;2023-09-03;FOR009;PROD005;21;47.29;45.0;1038.09;2023-09-13;Recebida;2023-09
COMP00036;2023-09-01;FOR009;PROD006;19;61.61;45.0;1215.59;2023-09-11;Recebida;2023-09
COMP00037;2023-09-01;FOR006;PROD007;13;65.3;45.0;893.9;2023-09-06;Recebida;2023-09
COMP00038;2023-09-04;FOR015;PROD009;24;21.16;45.0;552.84;2023-09-19;Recebida;2023-09
COMP00039;2023-09-03;FOR003;PROD010;26;53.06;45.0;1424.56;2023-09-10;Recebida;2023-09
COMP00040;2023-09-03;FOR015;PROD011;21;65.41;45.0;1418.61;2023-09-18;Recebida;2023-09
COMP00041;2023-09-02;FOR007;PROD012;14;92.31;45.0;1337.34;2023-09-07;Recebida;2023-09
COMP00042;2023-09-03;FOR006;PROD014;20;45.53;45.0;955.6;2023-09-08;Recebida;2023-09
COMP00043;2023-09-02;FOR004;PROD015;10;71.31;45.0;758.1;2023-09-22;Recebida;2023-09
COMP00044;2023-09-01;FOR008;PROD016;10;63.62;45.0;681.2;2023-09-16;Recebida;2023-09
COMP00045;2023-09-02;FOR014;PROD017;10;66.33;45.0;708.3;2023-09-12;Recebida;2023-09
COMP00046;2023-09-02;FOR001;PROD018;25;24.98;45.0;669.5;2023-09-17;Recebida;2023-09
COMP00047;2023-09-01;FOR010;PROD019;21;34.36;45.0;766.56;2023-09-16;Recebida;2023-09
COMP00048;2023-09-04;FOR004;PROD020;18;84.71;45.0;1569.78;2023-09-24;Recebida;2023-09
COMP00049;2023-09-05;FOR004;PROD021;25;67.6;45.0;1735.0;2023-09-25;Recebida;2023-09
COMP00050;2023-09-02;FOR015;PROD022;10;133.29;45.0;1377.9;2023-09-17;Recebida;2023-09
COMP00051;2023-09-02;FOR015;PROD023;20;64.08;45.0;1326.6;2023-09-17;Recebida;2023-09
COMP00052;2023-09-03;FOR018;PROD024;18;79.6;45.0;1477.8;2023-09-08;Recebida;2023-09
COMP00053;2023-09-01;FOR012;PROD025;21;65.72;45.0;1425.12;2023-09-08;Recebida;2023-09
COMP00054;2023-09-02;FOR016;PROD026;11;86.34;45.0;994.74;2023-09-22;Recebida;2023-09
COMP00055;2023-09-04;FOR002;PROD027;17;64.77;45.0;1146.09;2023-09-11;Recebida;2023-09
COMP00056;2023-09-05;FOR015;PROD028;31;54.75;45.0;1742.25;2023-09-20;Recebida;2023-09
COMP00057;2023-09-03;FOR014;PROD029;15;70.81;45.0;1107.15;2023-09-13;Recebida;2023-09
COMP00058;2023-09-03;FOR001;PROD030;24;109.95;45.0;2683.8;2023-09-18;Recebida;2023-09
COMP00059;2023-09-04;FOR016;PROD031;12;115.14;45.0;1426.68;2023-09-24;Recebida;2023-09
COMP00060;2023-09-04;FOR004;PROD032;10;48.67;45.0;531.7;2023-09-24;Recebida;2023-09
COMP00061;2023-09-04;FOR016;PROD033;10;82.14;45.0;866.4;2023-09-24;Recebida;2023-09
COMP00062;2023-09-05;FOR002;PROD034;14;53.57;45.0;794.98;2023-09-12;Recebida;2023-09
COMP00063;2023-09-04;FOR004;PROD036;13;34.7;45.0;496.1;2023-09-24;Recebida;2023-09
COMP00064;2023-09-05;FOR006;PROD037;23;47.21;45.0;1130.83;2023-09-10;Recebida;2023-09
COMP00065;2023-09-02;FOR016;PROD038;11;68.18;45.0;794.98;2023-09-22;Recebida;2023-09
COMP00066;2023-09-05;FOR011;PROD039;15;97.73;45.0;1510.95;2023-09-17;Recebida;2023-09
COMP00067;2023-09-02;FOR002;PROD040;10;110.11;45.0;1146.1;2023-09-09;Recebida;2023-09
COMP00068;2023-09-02;FOR017;PROD041;24;73.79;45.0;1815.96;2023-09-17;Recebida;2023-09
COMP00069;2023-09-03;FOR009;PROD042;15;76.03;45.0;1185.45;2023-09-13;Recebida;2023-09
COMP00070;2023-09-04;FOR002;PROD043;17;84.41;45.0;1479.97;2023-09-11;Recebida;2023-09
COMP00071;2023-09-05;FOR001;PROD044;17;56.08;45.0;998.36;2023-09-20;Recebida;2023-09
COMP00072;2023-09-03;FOR017;PROD045;20;27.01;45.0;585.2;2023-09-18;Recebida;2023-09
COMP00073;2023-09-03;FOR001;PROD046;28;50.95;47.87;1474.47;2023-09-18;Recebida;2023-09
COMP00074;2023-09-03;FOR009;PROD047;18;65.35;45.0;1221.3;2023-09-13;Recebida;2023-09
COMP00075;2023-09-01;FOR015;PROD048;15;63.06;45.0;990.9;2023-09-16;Recebida;2023-09
COMP00076;2023-09-04;FOR012;PROD049;11;106.05;45.0;1211.55;2023-09-11;Recebida;2023-09
COMP00077;2023-09-04;FOR010;PROD050;10;71.82;45.0;763.2;2023-09-19;Recebida;2023-09
COMP00078;2023-09-05;FOR008;PROD051;20;73.3;45.0;1511.0;2023-09-20;Recebida;2023-09
COMP00079;2023-09-04;FOR007;PROD052;17;72.84;45.0;1283.28;2023-09-09;Recebida;2023-09
COMP00080;2023-09-03;FOR002;PROD053;18;69.28;45.0;1292.04;2023-09-10;Recebida;2023-09
COMP00081;2023-09-04;FOR011;PROD054;22;27.04;45.0;639.88;2023-09-16;Recebida;2023-09
COMP00082;2023-09-03;FOR015;PROD055;31;35.94;49.8;1163.94;2023-09-18;Recebida;2023-09
COMP00083;2023-09-01;FOR005;PROD056;22;65.15;45.0;1478.3;2023-09-21;Recebida;2023-09
COMP00084;2023-09-02;FOR017;PROD057;10;100.78;45.0;1052.8;2023-09-17;Recebida;2023-09
COMP00085;2023-09-05;FOR016;PROD059;19;51.82;45.0;1029.58;2023-09-25;Recebida;2023-09
COMP00086;2023-09-05;FOR003;PROD060;19;82.09;45.0;1604.71;2023-09-12;Recebida;2023-09
COMP00087;2023-09-03;FOR007;PROD061;19;55.54;45.0;1100.26;2023-09-08;Recebida;2023-09
COMP00088;2023-09-02;FOR004;PROD062;11;68.31;45.0;796.41;2023-09-22;Recebida;2023-09
COMP00089;2023-09-02;FOR005;PROD063;18;57.84;45.0;1086.12;2023-09-22;Recebida;2023-09
COMP00090;2023-09-04;FOR002;PROD064;26;40.79;45.0;1105.54;2023-09-11;Recebida;2023-09
COMP00091;2023-09-01;FOR010;PROD065;18;77.27;45.0;1435.86;2023-09-16;Recebida;2023-09
COMP00092;2023-09-01;FOR018;PROD066;20;68.6;45.0;1417.0;2023-09-06;Recebida;2023-09
COMP00093;2023-09-04;FOR015;PROD067;11;119.41;45.0;1358.51;2023-09-19;Recebida;2023-09
COMP00094;2023-09-01;FOR014;PROD068;17;74.19;45.0;1306.23;2023-09-11;Recebida;2023-09
COMP00095;2023-09-04;FOR011;PROD069;17;82.59;45.0;1449.03;2023-09-16;Recebida;2023-09
COMP00096;2023-09-04;FOR012;PROD070;17;87.17;45.0;1526.89;2023-09-11;Recebida;2023-09
COMP00097;2023-09-03;FOR015;PROD071;10;63.2;45.0;677.0;2023-09-18;Recebida;2023-09
COMP00098;2023-09-01;FOR014;PROD072;18;24.29;45.0;482.22;2023-09-11;Recebida;2023-09
COMP00099;2023-09-02;FOR005;PROD073;26;44.21;45.0;1194.46;2023-09-22;Recebida;2023-09
COMP00100;2023-09-05;FOR017;PROD074;12;65.08;45.0;825.96;2023-09-20;Recebida;2023-09
COMP00101;2023-09-05;FOR011;PROD075;20;76.29;45.0;1570.8;2023-09-17;Recebida;2023-09
COMP00102;2023-09-01;FOR018;PROD077;11;67.83;45.0;791.13;2023-09-06;Recebida;2023-09
COMP00103;2023-09-04;FOR011;PROD078;11;75.21;45.0;872.31;2023-09-16;Recebida;2023-09
COMP00104;2023-09-02;FOR014;PROD079;11;63.99;45.0;748.89;2023-09-12;Recebida;2023-09
COMP00105;2023-10-01;FOR017;PROD001;32;28.7;52.29;970.69;2023-10-16;Recebida;2023-10
COMP00106;2023-10-01;FOR009;PROD002;10;57.28;45.0;617.8;2023-10-11;Recebida;2023-10
COMP00107;2023-10-01;FOR017;PROD003;17;82.8;45.0;1452.6;2023-10-16;Recebida;2023-10
COMP00108;2023-10-04;FOR009;PROD004;12;129.74;45.0;1601.88;2023-10-14;Recebida;2023-10
COMP00109;2023-10-05;FOR009;PROD005;15;47.11;45.0;751.65;2023-10-15;Recebida;2023-10
COMP00110;2023-10-05;FOR009;PROD006;14;61.83;45.0;910.62;2023-10-15;Recebida;2023-10
COMP00111;2023-10-04;FOR006;PROD007;18;64.33;45.0;1202.94;2023-10-09;Recebida;2023-10
COMP00112;2023-10-02;FOR004;PROD008;10;77.44;45.0;819.4;2023-10-22;Recebida;2023-10
COMP00113;2023-10-04;FOR015;PROD009;23;21.42;45.0;537.66;2023-10-19;Recebida;2023-10
COMP00114;2023-10-01;FOR003;PROD010;37;51.63;45.0;1955.31;2023-10-08;Recebida;2023-10
COMP00115;2023-10-04;FOR015;PROD011;19;65.54;45.0;1290.26;2023-10-19;Recebida;2023-10
COMP00116;2023-10-01;FOR007;PROD012;20;91.82;45.0;1881.4;2023-10-06;Recebida;2023-10
COMP00117;2023-10-04;FOR018;PROD013;14;100.36;45.0;1450.04;2023-10-09;Recebida;2023-10
COMP00118;2023-10-02;FOR006;PROD014;20;46.38;45.0;972.6;2023-10-07;Recebida;2023-10
COMP00119;2023-10-04;FOR004;PROD015;11;69.97;45.0;814.67;2023-10-24;Recebida;2023-10
COMP00120;2023-10-04;FOR008;PROD016;10;62.54;45.0;670.4;2023-10-19;Recebida;2023-10
COMP00121;2023-10-02;FOR014;PROD017;10;65.04;45.0;695.4;2023-10-12;Recebida;2023-10
COMP00122;2023-10-04;FOR001;PROD018;18;24.65;45.0;488.7;2023-10-19;Recebida;2023-10
COMP00123;2023-10-01;FOR010;PROD019;18;34.17;45.0;660.06;2023-10-16;Recebida;2023-10
COMP00124;2023-10-05;FOR004;PROD020;13;84.05;45.0;1137.65;2023-10-25;Recebida;2023-10
COMP00125;2023-10-04;FOR004;PROD021;16;68.29;45.0;1137.64;2023-10-24;Recebida;2023-10
COMP00126;2023-10-02;FOR015;PROD023;17;63.07;45.0;1117.19;2023-10-17;Recebida;2023-10
COMP00127;2023-10-04;FOR018;PROD024;10;81.58;45.0;860.8;2023-10-09;Recebida;2023-10
COMP00128;2023-10-05;FOR012;PROD025;11;66.43;45.0;775.73;2023-10-12;Recebida;2023-10
COMP00129;2023-10-05;FOR016;PROD026;16;87.33;45.0;1442.28;2023-10-25;Recebida;2023-10
COMP00130;2023-10-02;FOR002;PROD027;17;63.94;45.0;1131.98;2023-10-09;Recebida;2023-10
COMP00131;2023-10-01;FOR015;PROD028;27;55.62;45.0;1546.74;2023-10-16;Recebida;2023-10
COMP00132;2023-10-02;FOR014;PROD029;14;70.81;45.0;1036.34;2023-10-12;Recebida;2023-10
COMP00133;2023-10-02;FOR001;PROD030;27;108.87;45.0;2984.49;2023-10-17;Recebida;2023-10
COMP00134;2023-10-04;FOR016;PROD031;10;115.01;45.0;1195.1;2023-10-24;Recebida;2023-10
COMP00135;2023-10-04;FOR004;PROD032;17;49.1;45.0;879.7;2023-10-24;Recebida;2023-10
COMP00136;2023-10-03;FOR016;PROD033;10;81.87;45.0;863.7;2023-10-23;Recebida;2023-10
COMP00137;2023-10-03;FOR002;PROD034;10;54.82;45.0;593.2;2023-10-10;Recebida;2023-10
COMP00138;2023-10-01;FOR008;PROD035;10;72.37;45.0;768.7;2023-10-16;Recebida;2023-10
COMP00139;2023-10-02;FOR004;PROD036;10;34.18;45.0;386.8;2023-10-22;Recebida;2023-10
COMP00140;2023-10-04;FOR006;PROD037;22;47.85;45.0;1097.7;2023-10-09;Recebida;2023-10
COMP00141;2023-10-05;FOR016;PROD038;17;66.59;45.0;1177.03;2023-10-25;Recebida;2023-10
COMP00142;2023-10-03;FOR011;PROD039;19;98.05;45.0;1907.95;2023-10-15;Recebida;2023-10
COMP00143;2023-10-03;FOR017;PROD041;11;72.39;45.0;841.29;2023-10-18;Recebida;2023-10
COMP00144;2023-10-05;FOR009;PROD042;18;76.25;45.0;1417.5;2023-10-15;Recebida;2023-10
COMP00145;2023-10-02;FOR002;PROD043;13;83.73;45.0;1133.49;2023-10-09;Recebida;2023-10
COMP00146;2023-10-03;FOR001;PROD044;13;55.62;45.0;768.06;2023-10-18;Recebida;2023-10
COMP00147;2023-10-04;FOR017;PROD045;31;27.18;50.93;893.51;2023-10-19;Recebida;2023-10
COMP00148;2023-10-03;FOR001;PROD046;26;51.48;45.0;1383.48;2023-10-18;Recebida;2023-10
COMP00149;2023-10-04;FOR009;PROD047;12;66.05;45.0;837.6;2023-10-14;Recebida;2023-10
COMP00150;2023-10-04;FOR015;PROD048;20;63.68;45.0;1318.6;2023-10-19;Recebida;2023-10
COMP00151;2023-10-02;FOR010;PROD050;17;71.97;45.0;1268.49;2023-10-17;Recebida;2023-10
COMP00152;2023-10-01;FOR008;PROD051;16;72.72;45.0;1208.52;2023-10-16;Recebida;2023-10
COMP00153;2023-10-04;FOR007;PROD052;15;74.14;45.0;1157.1;2023-10-09;Recebida;2023-10
COMP00154;2023-10-04;FOR002;PROD053;10;69.01;45.0;735.1;2023-10-11;Recebida;2023-10
COMP00155;2023-10-02;FOR011;PROD054;33;27.74;58.12;973.54;2023-10-14;Recebida;2023-10
COMP00156;2023-10-04;FOR015;PROD055;19;34.96;45.0;709.24;2023-10-19;Recebida;2023-10
COMP00157;2023-10-02;FOR005;PROD056;14;64.98;45.0;954.72;2023-10-22;Recebida;2023-10
COMP00158;2023-10-01;FOR017;PROD057;20;100.87;45.0;2062.4;2023-10-16;Recebida;2023-10
COMP00159;2023-10-01;FOR014;PROD058;16;143.68;45.0;2343.88;2023-10-11;Recebida;2023-10
COMP00160;2023-10-03;FOR016;PROD059;20;51.62;45.0;1077.4;2023-10-23;Recebida;2023-10
COMP00161;2023-10-02;FOR003;PROD060;13;83.14;45.0;1125.82;2023-10-09;Recebida;2023-10
COMP00162;2023-10-04;FOR007;PROD061;17;55.61;45.0;990.37;2023-10-09;Recebida;2023-10
COMP00163;2023-10-02;FOR004;PROD062;12;66.95;45.0;848.4;2023-10-22;Recebida;2023-10
COMP00164;2023-10-02;FOR005;PROD063;19;57.25;45.0;1132.75;2023-10-22;Recebida;2023-10
COMP00165;2023-10-01;FOR002;PROD064;37;41.95;55.93;1608.08;2023-10-08;Recebida;2023-10
COMP00166;2023-10-01;FOR010;PROD065;19;77.93;45.0;1525.67;2023-10-16;Recebida;2023-10
COMP00167;2023-10-03;FOR018;PROD066;27;68.1;45.0;1883.7;2023-10-08;Recebida;2023-10
COMP00168;2023-10-02;FOR014;PROD068;19;74.54;45.0;1461.26;2023-10-12;Recebida;2023-10
COMP00169;2023-10-03;FOR011;PROD069;16;82.93;45.0;1371.88;2023-10-15;Recebida;2023-10
COMP00170;2023-10-05;FOR015;PROD071;10;62.86;45.0;673.6;2023-10-20;Recebida;2023-10
COMP00171;2023-10-01;FOR014;PROD072;15;24.07;45.0;406.05;2023-10-11;Recebida;2023-10
COMP00172;2023-10-04;FOR005;PROD073;30;43.64;45.0;1354.2;2023-10-24;Recebida;2023-10
COMP00173;2023-10-02;FOR017;PROD074;16;64.16;45.0;1071.56;2023-10-17;Recebida;2023-10
COMP00174;2023-10-03;FOR011;PROD075;26;74.95;45.0;1993.7;2023-10-15;Recebida;2023-10
COMP00175;2023-10-04;FOR002;PROD076;10;143.67;45.0;1481.7;2023-10-11;Recebida;2023-10
COMP00176;2023-10-03;FOR018;PROD077;17;69.32;45.0;1223.44;2023-10-08;Recebida;2023-10
COMP00177;2023-10-04;FOR011;PROD078;13;74.56;45.0;1014.28;2023-10-16;Recebida;2023-10
COMP00178;2023-10-03;FOR014;PROD079;19;65.0;45.0;1280.0;2023-10-13;Recebida;2023-10
COMP00179;2023-10-02;FOR001;PROD080;10;48.91;45.0;534.1;2023-10-17;Recebida;2023-10
COMP00180;2023-11-03;FOR017;PROD001;17;28.74;45.0;533.58;2023-11-18;Recebida;2023-11
COMP00181;2023-11-02;FOR009;PROD002;10;56.26;45.0;607.6;2023-11-12;Recebida;2023-11
COMP00182;2023-11-01;FOR017;PROD003;20;84.52;45.0;1735.4;2023-11-16;Recebida;2023-11
COMP00183;2023-11-01;FOR009;PROD004;10;129.28;45.0;1337.8;2023-11-11;Recebida;2023-11
COMP00184;2023-11-02;FOR009;PROD005;24;47.17;45.0;1177.08;2023-11-12;Recebida;2023-11
COMP00185;2023-11-03;FOR009;PROD006;16;61.07;45.0;1022.12;2023-11-13;Recebida;2023-11
COMP00186;2023-11-05;FOR006;PROD007;17;65.43;45.0;1157.31;2023-11-10;Recebida;2023-11
COMP00187;2023-11-05;FOR004;PROD008;10;75.87;45.0;803.7;2023-11-25;Recebida;2023-11
COMP00188;2023-11-04;FOR015;PROD009;46;21.33;45.0;1026.18;2023-11-19;Recebida;2023-11
COMP00189;2023-11-02;FOR003;PROD010;36;53.05;57.86;1967.66;2023-11-09;Recebida;2023-11
COMP00190;2023-11-01;FOR015;PROD011;12;66.4;45.0;841.8;2023-11-16;Recebida;2023-11
COMP00191;2023-11-03;FOR007;PROD012;18;92.63;45.0;1712.34;2023-11-08;Recebida;2023-11
COMP00192;2023-11-01;FOR018;PROD013;10;102.99;45.0;1074.9;2023-11-06;Recebida;2023-11
COMP00193;2023-11-04;FOR006;PROD014;19;46.82;45.0;934.58;2023-11-09;Recebida;2023-11
COMP00194;2023-11-01;FOR004;PROD015;26;70.31;45.0;1873.06;2023-11-21;Recebida;2023-11
COMP00195;2023-11-01;FOR008;PROD016;12;62.63;45.0;796.56;2023-11-16;Recebida;2023-11
COMP00196;2023-11-03;FOR014;PROD017;10;66.16;45.0;706.6;2023-11-13;Recebida;2023-11
COMP00197;2023-11-02;FOR001;PROD018;37;24.77;45.0;961.49;2023-11-17;Recebida;2023-11
COMP00198;2023-11-02;FOR010;PROD019;35;33.87;45.11;1230.56;2023-11-17;Recebida;2023-11
COMP00199;2023-11-01;FOR004;PROD020;18;85.65;45.0;1586.7;2023-11-21;Recebida;2023-11
COMP00200;2023-11-01;FOR004;PROD021;27;69.32;45.0;1916.64;2023-11-21;Recebida;2023-11
COMP00201;2023-11-04;FOR015;PROD022;16;132.84;45.0;2170.44;2023-11-19;Recebida;2023-11
COMP00202;2023-11-05;FOR015;PROD023;11;62.55;45.0;733.05;2023-11-20;Recebida;2023-11
COMP00203;2023-11-02;FOR018;PROD024;22;81.33;45.0;1834.26;2023-11-07;Recebida;2023-11
COMP00204;2023-11-05;FOR012;PROD025;21;64.44;45.0;1398.24;2023-11-12;Recebida;2023-11
COMP00205;2023-11-01;FOR002;PROD027;20;64.46;45.0;1334.2;2023-11-08;Recebida;2023-11
COMP00206;2023-11-03;FOR015;PROD028;42;54.43;45.4;2331.46;2023-11-18;Recebida;2023-11
COMP00207;2023-11-03;FOR014;PROD029;16;68.72;45.0;1144.52;2023-11-13;Recebida;2023-11
COMP00208;2023-11-01;FOR001;PROD030;27;109.41;45.0;2999.07;2023-11-16;Recebida;2023-11
COMP00209;2023-11-05;FOR016;PROD031;12;115.54;45.0;1431.48;2023-11-25;Recebida;2023-11
COMP00210;2023-11-05;FOR004;PROD032;10;48.82;45.0;533.2;2023-11-25;Recebida;2023-11
COMP00211;2023-11-01;FOR016;PROD033;15;82.27;45.0;1279.05;2023-11-21;Recebida;2023-11
COMP00212;2023-11-01;FOR002;PROD034;20;54.05;45.0;1126.0;2023-11-08;Recebida;2023-11
COMP00213;2023-11-04;FOR008;PROD035;11;72.57;45.0;843.27;2023-11-19;Recebida;2023-11
COMP00214;2023-11-02;FOR004;PROD036;28;33.78;45.0;990.84;2023-11-22;Recebida;2023-11
COMP00215;2023-11-05;FOR006;PROD037;33;46.71;45.0;1586.43;2023-11-10;Recebida;2023-11
COMP00216;2023-11-04;FOR016;PROD038;16;66.31;45.0;1105.96;2023-11-24;Recebida;2023-11
COMP00217;2023-11-05;FOR011;PROD039;17;99.32;45.0;1733.44;2023-11-17;Recebida;2023-11
COMP00218;2023-11-04;FOR002;PROD040;13;110.81;45.0;1485.53;2023-11-11;Recebida;2023-11
COMP00219;2023-11-01;FOR017;PROD041;23;74.51;45.0;1758.73;2023-11-16;Recebida;2023-11
COMP00220;2023-11-02;FOR009;PROD042;24;76.38;45.0;1878.12;2023-11-12;Recebida;2023-11
COMP00221;2023-11-01;FOR002;PROD043;10;82.42;45.0;869.2;2023-11-08;Recebida;2023-11
COMP00222;2023-11-05;FOR001;PROD044;20;56.87;45.0;1182.4;2023-11-20;Recebida;2023-11
COMP00223;2023-11-05;FOR017;PROD045;50;27.43;57.63;1429.13;2023-11-20;Recebida;2023-11
COMP00224;2023-11-05;FOR001;PROD046;23;50.36;45.0;1203.28;2023-11-20;Recebida;2023-11
COMP00225;2023-11-04;FOR009;PROD047;14;65.96;45.0;968.44;2023-11-14;Recebida;2023-11
COMP00226;2023-11-01;FOR015;PROD048;22;65.03;45.0;1475.66;2023-11-16;Recebida;2023-11
COMP00227;2023-11-04;FOR012;PROD049;10;108.44;45.0;1129.4;2023-11-11;Recebida;2023-11
COMP00228;2023-11-05;FOR010;PROD050;20;71.95;45.0;1484.0;2023-11-20;Recebida;2023-11
COMP00229;2023-11-04;FOR008;PROD051;20;72.1;45.0;1487.0;2023-11-19;Recebida;2023-11
COMP00230;2023-11-04;FOR007;PROD052;24;74.07;45.0;1822.68;2023-11-09;Recebida;2023-11
COMP00231;2023-11-01;FOR002;PROD053;15;68.55;45.0;1073.25;2023-11-08;Recebida;2023-11
COMP00232;2023-11-03;FOR011;PROD054;42;27.7;61.03;1224.43;2023-11-15;Recebida;2023-11
COMP00233;2023-11-03;FOR015;PROD055;37;35.44;45.0;1356.28;2023-11-18;Recebida;2023-11
COMP00234;2023-11-01;FOR005;PROD056;20;63.88;45.0;1322.6;2023-11-21;Recebida;2023-11
COMP00235;2023-11-04;FOR017;PROD057;23;99.67;45.0;2337.41;2023-11-19;Recebida;2023-11
COMP00236;2023-11-03;FOR016;PROD059;18;52.41;45.0;988.38;2023-11-23;Recebida;2023-11
COMP00237;2023-11-03;FOR003;PROD060;14;82.91;45.0;1205.74;2023-11-10;Recebida;2023-11
COMP00238;2023-11-02;FOR007;PROD061;10;54.8;45.0;593.0;2023-11-07;Recebida;2023-11
COMP00239;2023-11-05;FOR004;PROD062;20;68.42;45.0;1413.4;2023-11-25;Recebida;2023-11
COMP00240;2023-11-04;FOR005;PROD063;23;56.92;45.0;1354.16;2023-11-24;Recebida;2023-11
COMP00241;2023-11-05;FOR002;PROD064;36;40.64;48.67;1511.71;2023-11-12;Recebida;2023-11
COMP00242;2023-11-03;FOR010;PROD065;29;77.42;45.0;2290.18;2023-11-18;Recebida;2023-11
COMP00243;2023-11-01;FOR018;PROD066;28;69.36;49.44;1991.52;2023-11-06;Recebida;2023-11
COMP00244;2023-11-03;FOR014;PROD068;26;74.9;45.0;1992.4;2023-11-13;Recebida;2023-11
COMP00245;2023-11-05;FOR011;PROD069;23;83.07;45.0;1955.61;2023-11-17;Recebida;2023-11
COMP00246;2023-11-03;FOR012;PROD070;16;88.8;45.0;1465.8;2023-11-10;Recebida;2023-11
COMP00247;2023-11-02;FOR015;PROD071;10;64.09;45.0;685.9;2023-11-17;Recebida;2023-11
COMP00248;2023-11-02;FOR014;PROD072;17;24.11;45.0;454.87;2023-11-12;Recebida;2023-11
COMP00249;2023-11-03;FOR005;PROD073;37;44.16;57.78;1691.7;2023-11-23;Recebida;2023-11
COMP00250;2023-11-01;FOR017;PROD074;15;63.7;45.0;1000.5;2023-11-16;Recebida;2023-11
COMP00251;2023-11-03;FOR011;PROD075;24;75.06;45.0;1846.44;2023-11-15;Recebida;2023-11
COMP00252;2023-11-03;FOR018;PROD077;14;69.78;45.0;1021.92;2023-11-08;Recebida;2023-11
COMP00253;2023-11-03;FOR011;PROD078;20;74.56;45.0;1536.2;2023-11-15;Recebida;2023-11
COMP00254;2023-11-05;FOR014;PROD079;10;63.9;45.0;684.0;2023-11-15;Recebida;2023-11
COMP00255;2023-11-05;FOR001;PROD080;10;49.09;45.0;535.9;2023-11-20;Recebida;2023-11
COMP00256;2023-12-03;FOR017;PROD001;33;28.55;45.0;987.15;2023-12-18;Recebida;2023-12
COMP00257;2023-12-03;FOR009;PROD002;19;57.5;45.0;1137.5;2023-12-13;Recebida;2023-12
COMP00258;2023-12-02;FOR017;PROD003;23;83.41;45.0;1963.43;2023-12-17;Recebida;2023-12
COMP00259;2023-12-05;FOR009;PROD004;17;131.21;45.0;2275.57;2023-12-15;Recebida;2023-12
COMP00260;2023-12-05;FOR009;PROD005;30;47.33;45.0;1464.9;2023-12-15;Recebida;2023-12
COMP00261;2023-12-04;FOR009;PROD006;18;60.58;45.0;1135.44;2023-12-14;Recebida;2023-12
COMP00262;2023-12-02;FOR006;PROD007;10;65.01;45.0;695.1;2023-12-07;Recebida;2023-12
COMP00263;2023-12-03;FOR004;PROD008;14;77.09;45.0;1124.26;2023-12-23;Recebida;2023-12
COMP00264;2023-12-02;FOR015;PROD009;46;21.45;64.75;1051.45;2023-12-17;Recebida;2023-12
COMP00265;2023-12-01;FOR003;PROD010;45;51.77;51.77;2381.42;2023-12-08;Recebida;2023-12
COMP00266;2023-12-04;FOR015;PROD011;22;64.62;45.0;1466.64;2023-12-19;Recebida;2023-12
COMP00267;2023-12-03;FOR007;PROD012;22;92.11;45.0;2071.42;2023-12-08;Recebida;2023-12
COMP00268;2023-12-02;FOR018;PROD013;10;100.14;45.0;1046.4;2023-12-07;Recebida;2023-12
COMP00269;2023-12-02;FOR006;PROD014;23;46.03;45.0;1103.69;2023-12-07;Recebida;2023-12
COMP00270;2023-12-04;FOR004;PROD015;15;70.36;45.0;1100.4;2023-12-24;Recebida;2023-12
COMP00271;2023-12-01;FOR008;PROD016;10;63.91;45.0;684.1;2023-12-16;Recebida;2023-12
COMP00272;2023-12-05;FOR001;PROD018;27;25.04;48.04;724.12;2023-12-20;Recebida;2023-12
COMP00273;2023-12-01;FOR010;PROD019;32;34.65;45.0;1153.8;2023-12-16;Recebida;2023-12
COMP00274;2023-12-02;FOR004;PROD020;12;85.18;45.0;1067.16;2023-12-22;Recebida;2023-12
COMP00275;2023-12-03;FOR004;PROD021;32;69.15;45.0;2257.8;2023-12-23;Recebida;2023-12
COMP00276;2023-12-05;FOR015;PROD022;18;133.18;45.0;2442.24;2023-12-20;Recebida;2023-12
COMP00277;2023-12-02;FOR015;PROD023;26;64.16;45.0;1713.16;2023-12-17;Recebida;2023-12
COMP00278;2023-12-03;FOR018;PROD024;17;79.64;45.0;1398.88;2023-12-08;Recebida;2023-12
COMP00279;2023-12-02;FOR012;PROD025;10;65.73;45.0;702.3;2023-12-09;Recebida;2023-12
COMP00280;2023-12-01;FOR016;PROD026;15;86.91;45.0;1348.65;2023-12-21;Recebida;2023-12
COMP00281;2023-12-02;FOR002;PROD027;32;63.2;45.0;2067.4;2023-12-09;Recebida;2023-12
COMP00282;2023-12-02;FOR015;PROD028;38;54.52;45.0;2116.76;2023-12-17;Recebida;2023-12
COMP00283;2023-12-03;FOR014;PROD029;23;70.46;45.0;1665.58;2023-12-13;Recebida;2023-12
COMP00284;2023-12-01;FOR001;PROD030;35;108.54;50.55;3849.45;2023-12-16;Recebida;2023-12
COMP00285;2023-12-02;FOR016;PROD031;13;117.85;45.0;1577.05;2023-12-22;Recebida;2023-12
COMP00286;2023-12-01;FOR004;PROD032;15;48.9;45.0;778.5;2023-12-21;Recebida;2023-12
COMP00287;2023-12-01;FOR016;PROD033;12;84.53;45.0;1059.36;2023-12-21;Recebida;2023-12
COMP00288;2023-12-05;FOR002;PROD034;14;53.39;45.0;792.46;2023-12-12;Recebida;2023-12
COMP00289;2023-12-02;FOR004;PROD036;27;33.93;45.0;961.11;2023-12-22;Recebida;2023-12
COMP00290;2023-12-04;FOR006;PROD037;39;46.76;52.16;1875.8;2023-12-09;Recebida;2023-12
COMP00291;2023-12-03;FOR016;PROD038;14;67.54;45.0;990.56;2023-12-23;Recebida;2023-12
COMP00292;2023-12-05;FOR011;PROD039;24;97.15;45.0;2376.6;2023-12-17;Recebida;2023-12
COMP00293;2023-12-02;FOR017;PROD041;12;72.51;45.0;915.12;2023-12-17;Recebida;2023-12
COMP00294;2023-12-03;FOR009;PROD042;17;74.42;45.0;1310.14;2023-12-13;Recebida;2023-12
COMP00295;2023-12-01;FOR002;PROD043;15;83.66;45.0;1299.9;2023-12-08;Recebida;2023-12
COMP00296;2023-12-04;FOR001;PROD044;10;56.42;45.0;609.2;2023-12-19;Recebida;2023-12
COMP00297;2023-12-04;FOR017;PROD045;46;27.18;75.14;1325.42;2023-12-19;Recebida;2023-12
COMP00298;2023-12-05;FOR001;PROD046;44;50.73;54.29;2286.41;2023-12-20;Recebida;2023-12
COMP00299;2023-12-03;FOR009;PROD047;23;65.56;45.0;1552.88;2023-12-13;Recebida;2023-12
COMP00300;2023-12-01;FOR015;PROD048;28;64.66;45.0;1855.48;2023-12-16;Recebida;2023-12
COMP00301;2023-12-05;FOR010;PROD050;17;73.61;45.0;1296.37;2023-12-20;Recebida;2023-12
COMP00302;2023-12-02;FOR008;PROD051;21;73.13;45.0;1580.73;2023-12-17;Recebida;2023-12
COMP00303;2023-12-01;FOR007;PROD052;14;74.09;45.0;1082.26;2023-12-06;Recebida;2023-12
COMP00304;2023-12-02;FOR002;PROD053;18;68.13;45.0;1271.34;2023-12-09;Recebida;2023-12
COMP00305;2023-12-04;FOR011;PROD054;42;27.29;45.68;1191.86;2023-12-16;Recebida;2023-12
COMP00306;2023-12-04;FOR015;PROD055;39;35.11;62.05;1431.34;2023-12-19;Recebida;2023-12
COMP00307;2023-12-02;FOR005;PROD056;23;65.33;45.0;1547.59;2023-12-22;Recebida;2023-12
COMP00308;2023-12-03;FOR017;PROD057;25;99.96;45.0;2544.0;2023-12-18;Recebida;2023-12
COMP00309;2023-12-03;FOR014;PROD058;20;142.95;45.0;2904.0;2023-12-13;Recebida;2023-12
COMP00310;2023-12-04;FOR016;PROD059;30;51.94;45.0;1603.2;2023-12-24;Recebida;2023-12
COMP00311;2023-12-04;FOR003;PROD060;29;83.54;46.81;2469.47;2023-12-11;Recebida;2023-12
COMP00312;2023-12-05;FOR007;PROD061;21;54.69;45.0;1193.49;2023-12-10;Recebida;2023-12
COMP00313;2023-12-05;FOR004;PROD062;14;68.47;45.0;1003.58;2023-12-25;Recebida;2023-12
COMP00314;2023-12-01;FOR005;PROD063;41;56.91;56.92;2390.23;2023-12-21;Recebida;2023-12
COMP00315;2023-12-01;FOR002;PROD064;53;41.19;68.78;2251.85;2023-12-08;Recebida;2023-12
COMP00316;2023-12-02;FOR010;PROD065;18;77.5;45.0;1440.0;2023-12-17;Recebida;2023-12
COMP00317;2023-12-04;FOR018;PROD066;40;68.25;66.79;2796.79;2023-12-09;Recebida;2023-12
COMP00318;2023-12-05;FOR014;PROD068;19;74.09;45.0;1452.71;2023-12-15;Recebida;2023-12
COMP00319;2023-12-03;FOR011;PROD069;26;83.38;45.0;2212.88;2023-12-15;Recebida;2023-12
COMP00320;2023-12-04;FOR012;PROD070;10;89.32;45.0;938.2;2023-12-11;Recebida;2023-12
COMP00321;2023-12-01;FOR015;PROD071;12;62.33;45.0;792.96;2023-12-16;Recebida;2023-12
COMP00322;2023-12-01;FOR014;PROD072;23;23.57;45.0;587.11;2023-12-11;Recebida;2023-12
COMP00323;2023-12-01;FOR005;PROD073;43;44.16;61.7;1960.58;2023-12-21;Recebida;2023-12
COMP00324;2023-12-03;FOR017;PROD074;15;65.05;45.0;1020.75;2023-12-18;Recebida;2023-12
COMP00325;2023-12-01;FOR011;PROD075;27;75.51;45.0;2083.77;2023-12-13;Recebida;2023-12
COMP00326;2023-12-01;FOR002;PROD076;11;142.99;45.0;1617.89;2023-12-08;Recebida;2023-12
COMP00327;2023-12-01;FOR018;PROD077;17;68.53;45.0;1210.01;2023-12-06;Recebida;2023-12
COMP00328;2023-12-04;FOR011;PROD078;19;74.93;45.0;1468.67;2023-12-16;Recebida;2023-12
COMP00329;2023-12-02;FOR014;PROD079;15;64.99;45.0;1019.85;2023-12-12;Recebida;2023-12
COMP00330;2024-01-01;FOR017;PROD001;29;30.04;51.92;923.08;2024-01-16;Recebida;2024-01
COMP00331;2024-01-05;FOR009;PROD002;15;60.15;45.0;947.25;2024-01-15;Recebida;2024-01
COMP00332;2024-01-01;FOR017;PROD003;22;86.4;45.0;1945.8;2024-01-16;Recebida;2024-01
COMP00333;2024-01-02;FOR009;PROD004;12;141.04;45.0;1737.48;2024-01-12;Recebida;2024-01
COMP00334;2024-01-04;FOR009;PROD005;18;49.73;45.0;940.14;2024-01-14;Recebida;2024-01
COMP00335;2024-01-05;FOR009;PROD006;26;65.11;45.0;1737.86;2024-01-15;Recebida;2024-01
COMP00336;2024-01-03;FOR006;PROD007;18;69.55;45.0;1296.9;2024-01-08;Recebida;2024-01
COMP00337;2024-01-02;FOR015;PROD009;20;22.09;45.0;486.8;2024-01-17;Recebida;2024-01
COMP00338;2024-01-01;FOR003;PROD010;43;55.16;46.22;2418.1;2024-01-08;Recebida;2024-01
COMP00339;2024-01-04;FOR015;PROD011;20;69.55;45.0;1436.0;2024-01-19;Recebida;2024-01
COMP00340;2024-01-05;FOR007;PROD012;32;97.72;45.0;3172.04;2024-01-10;Recebida;2024-01
COMP00341;2024-01-04;FOR006;PROD014;20;48.24;45.0;1009.8;2024-01-09;Recebida;2024-01
COMP00342;2024-01-01;FOR004;PROD015;22;73.92;45.0;1671.24;2024-01-21;Recebida;2024-01
COMP00343;2024-01-04;FOR008;PROD016;10;66.19;45.0;706.9;2024-01-19;Recebida;2024-01
COMP00344;2024-01-04;FOR014;PROD017;17;69.42;45.0;1225.14;2024-01-14;Recebida;2024-01
COMP00345;2024-01-03;FOR001;PROD018;10;26.14;45.0;306.4;2024-01-18;Recebida;2024-01
COMP00346;2024-01-05;FOR010;PROD019;23;35.63;45.0;864.49;2024-01-20;Recebida;2024-01
COMP00347;2024-01-05;FOR004;PROD020;12;89.92;45.0;1124.04;2024-01-25;Recebida;2024-01
COMP00348;2024-01-02;FOR004;PROD021;25;72.75;45.0;1863.75;2024-01-22;Recebida;2024-01
COMP00349;2024-01-02;FOR015;PROD022;10;140.47;45.0;1449.7;2024-01-17;Recebida;2024-01
COMP00350;2024-01-04;FOR015;PROD023;15;66.22;45.0;1038.3;2024-01-19;Recebida;2024-01
COMP00351;2024-01-03;FOR018;PROD024;22;84.24;45.0;1898.28;2024-01-08;Recebida;2024-01
COMP00352;2024-01-02;FOR012;PROD025;22;68.1;45.0;1543.2;2024-01-09;Recebida;2024-01
COMP00353;2024-01-02;FOR016;PROD026;12;92.51;45.0;1155.12;2024-01-22;Recebida;2024-01
COMP00354;2024-01-03;FOR002;PROD027;14;68.7;45.0;1006.8;2024-01-10;Recebida;2024-01
COMP00355;2024-01-03;FOR015;PROD028;36;57.91;45.0;2129.76;2024-01-18;Recebida;2024-01
COMP00356;2024-01-01;FOR014;PROD029;13;74.68;45.0;1015.84;2024-01-11;Recebida;2024-01
COMP00357;2024-01-01;FOR001;PROD030;25;113.89;45.0;2892.25;2024-01-16;Recebida;2024-01
COMP00358;2024-01-04;FOR016;PROD031;10;121.3;45.0;1258.0;2024-01-24;Recebida;2024-01
COMP00359;2024-01-04;FOR004;PROD032;20;51.14;45.0;1067.8;2024-01-24;Recebida;2024-01
COMP00360;2024-01-03;FOR016;PROD033;10;88.91;45.0;934.1;2024-01-23;Recebida;2024-01
COMP00361;2024-01-03;FOR002;PROD034;20;57.23;45.0;1189.6;2024-01-10;Recebida;2024-01
COMP00362;2024-01-03;FOR008;PROD035;13;76.05;45.0;1033.65;2024-01-18;Recebida;2024-01
COMP00363;2024-01-02;FOR006;PROD037;29;50.27;45.0;1502.83;2024-01-07;Recebida;2024-01
COMP00364;2024-01-04;FOR016;PROD038;12;71.53;45.0;903.36;2024-01-24;Recebida;2024-01
COMP00365;2024-01-01;FOR011;PROD039;16;104.39;45.0;1715.24;2024-01-13;Recebida;2024-01
COMP00366;2024-01-05;FOR002;PROD040;10;113.85;45.0;1183.5;2024-01-12;Recebida;2024-01
COMP00367;2024-01-04;FOR017;PROD041;21;78.46;45.0;1692.66;2024-01-19;Recebida;2024-01
COMP00368;2024-01-02;FOR009;PROD042;17;78.84;45.0;1385.28;2024-01-12;Recebida;2024-01
COMP00369;2024-01-01;FOR002;PROD043;12;87.21;45.0;1091.52;2024-01-08;Recebida;2024-01
COMP00370;2024-01-02;FOR001;PROD044;14;58.94;45.0;870.16;2024-01-17;Recebida;2024-01
COMP00371;2024-01-05;FOR017;PROD045;10;28.96;45.0;334.6;2024-01-20;Recebida;2024-01
COMP00372;2024-01-02;FOR001;PROD046;32;54.38;45.0;1785.16;2024-01-17;Recebida;2024-01
COMP00373;2024-01-04;FOR009;PROD047;12;68.98;45.0;872.76;2024-01-14;Recebida;2024-01
COMP00374;2024-01-03;FOR015;PROD048;21;67.96;45.0;1472.16;2024-01-18;Recebida;2024-01
COMP00375;2024-01-02;FOR012;PROD049;11;114.05;45.0;1299.55;2024-01-09;Recebida;2024-01
COMP00376;2024-01-03;FOR010;PROD050;16;76.56;45.0;1269.96;2024-01-18;Recebida;2024-01
COMP00377;2024-01-02;FOR008;PROD051;21;75.65;45.0;1633.65;2024-01-17;Recebida;2024-01
COMP00378;2024-01-03;FOR007;PROD052;27;76.39;45.0;2107.53;2024-01-08;Recebida;2024-01
COMP00379;2024-01-02;FOR002;PROD053;17;73.34;45.0;1291.78;2024-01-09;Recebida;2024-01
COMP00380;2024-01-05;FOR015;PROD055;17;36.88;45.0;671.96;2024-01-20;Recebida;2024-01
COMP00381;2024-01-05;FOR005;PROD056;27;68.29;45.0;1888.83;2024-01-25;Recebida;2024-01
COMP00382;2024-01-04;FOR017;PROD057;20;105.31;45.0;2151.2;2024-01-19;Recebida;2024-01
COMP00383;2024-01-05;FOR016;PROD059;19;55.31;45.0;1095.89;2024-01-25;Recebida;2024-01
COMP00384;2024-01-04;FOR003;PROD060;13;87.56;45.0;1183.28;2024-01-11;Recebida;2024-01
COMP00385;2024-01-01;FOR007;PROD061;13;58.51;45.0;805.63;2024-01-06;Recebida;2024-01
COMP00386;2024-01-01;FOR004;PROD062;19;70.99;45.0;1393.81;2024-01-21;Recebida;2024-01
COMP00387;2024-01-03;FOR005;PROD063;10;59.28;45.0;637.8;2024-01-23;Recebida;2024-01
COMP00388;2024-01-04;FOR002;PROD064;37;44.25;45.0;1682.25;2024-01-11;Recebida;2024-01
COMP00389;2024-01-01;FOR010;PROD065;21;81.57;45.0;1757.97;2024-01-16;Recebida;2024-01
COMP00390;2024-01-01;FOR018;PROD066;29;73.25;45.0;2169.25;2024-01-06;Recebida;2024-01
COMP00391;2024-01-05;FOR015;PROD067;10;123.73;45.0;1282.3;2024-01-20;Recebida;2024-01
COMP00392;2024-01-01;FOR014;PROD068;19;79.53;45.0;1556.07;2024-01-11;Recebida;2024-01
COMP00393;2024-01-02;FOR011;PROD069;24;86.19;45.0;2113.56;2024-01-14;Recebida;2024-01
COMP00394;2024-01-02;FOR012;PROD070;11;92.15;45.0;1058.65;2024-01-09;Recebida;2024-01
COMP00395;2024-01-01;FOR015;PROD071;10;66.27;45.0;707.7;2024-01-16;Recebida;2024-01
COMP00396;2024-01-01;FOR005;PROD073;31;46.35;47.43;1484.28;2024-01-21;Recebida;2024-01
COMP00397;2024-01-04;FOR017;PROD074;20;68.2;45.0;1409.0;2024-01-19;Recebida;2024-01
COMP00398;2024-01-03;FOR011;PROD075;32;80.13;47.85;2612.01;2024-01-15;Recebida;2024-01
COMP00399;2024-01-04;FOR018;PROD077;18;72.18;45.0;1344.24;2024-01-09;Recebida;2024-01
COMP00400;2024-01-03;FOR011;PROD078;11;78.6;45.0;909.6;2024-01-15;Recebida;2024-01
COMP00401;2024-01-05;FOR014;PROD079;21;66.69;45.0;1445.49;2024-01-15;Recebida;2024-01
COMP00402;2024-01-01;FOR001;PROD080;12;51.01;45.0;657.12;2024-01-16;Recebida;2024-01
COMP00403;2024-02-05;FOR017;PROD001;26;29.91;45.0;822.66;2024-02-20;Recebida;2024-02
COMP00404;2024-02-03;FOR009;PROD002;12;59.69;45.0;761.28;2024-02-13;Recebida;2024-02
COMP00405;2024-02-05;FOR017;PROD003;24;86.37;45.0;2117.88;2024-02-20;Recebida;2024-02
COMP00406;2024-02-02;FOR009;PROD004;10;140.61;45.0;1451.1;2024-02-12;Recebida;2024-02
COMP00407;2024-02-04;FOR009;PROD005;30;50.38;45.0;1556.4;2024-02-14;Recebida;2024-02
COMP00408;2024-02-03;FOR009;PROD006;10;64.01;45.0;685.1;2024-02-13;Recebida;2024-02
COMP00409;2024-02-03;FOR006;PROD007;18;68.21;45.0;1272.78;2024-02-08;Recebida;2024-02
COMP00410;2024-02-02;FOR004;PROD008;10;79.28;45.0;837.8;2024-02-22;Recebida;2024-02
COMP00411;2024-02-01;FOR015;PROD009;20;22.08;45.0;486.6;2024-02-16;Recebida;2024-02
COMP00412;2024-02-05;FOR003;PROD010;29;54.86;45.0;1635.94;2024-02-12;Recebida;2024-02
COMP00413;2024-02-05;FOR015;PROD011;14;69.33;45.0;1015.62;2024-02-20;Recebida;2024-02
COMP00414;2024-02-04;FOR007;PROD012;17;97.79;45.0;1707.43;2024-02-09;Recebida;2024-02
COMP00415;2024-02-03;FOR018;PROD013;15;108.38;45.0;1670.7;2024-02-08;Recebida;2024-02
COMP00416;2024-02-03;FOR006;PROD014;17;49.65;45.0;889.05;2024-02-08;Recebida;2024-02
COMP00417;2024-02-03;FOR004;PROD015;14;73.97;45.0;1080.58;2024-02-23;Recebida;2024-02
COMP00418;2024-02-01;FOR008;PROD016;10;66.41;45.0;709.1;2024-02-16;Recebida;2024-02
COMP00419;2024-02-02;FOR001;PROD018;15;26.49;45.0;442.35;2024-02-17;Recebida;2024-02
COMP00420;2024-02-02;FOR010;PROD019;27;36.83;45.0;1039.41;2024-02-17;Recebida;2024-02
COMP00421;2024-02-01;FOR004;PROD020;13;91.66;45.0;1236.58;2024-02-21;Recebida;2024-02
COMP00422;2024-02-04;FOR004;PROD021;20;73.08;45.0;1506.6;2024-02-24;Recebida;2024-02
COMP00423;2024-02-01;FOR015;PROD022;10;139.1;45.0;1436.0;2024-02-16;Recebida;2024-02
COMP00424;2024-02-01;FOR015;PROD023;16;66.99;45.0;1116.84;2024-02-16;Recebida;2024-02
COMP00425;2024-02-01;FOR018;PROD024;14;84.58;45.0;1229.12;2024-02-06;Recebida;2024-02
COMP00426;2024-02-05;FOR012;PROD025;22;68.85;45.0;1559.7;2024-02-12;Recebida;2024-02
COMP00427;2024-02-02;FOR016;PROD026;13;91.48;45.0;1234.24;2024-02-22;Recebida;2024-02
COMP00428;2024-02-04;FOR002;PROD027;10;68.25;45.0;727.5;2024-02-11;Recebida;2024-02
COMP00429;2024-02-01;FOR015;PROD028;23;58.67;45.0;1394.41;2024-02-16;Recebida;2024-02
COMP00430;2024-02-03;FOR014;PROD029;11;74.13;45.0;860.43;2024-02-13;Recebida;2024-02
COMP00431;2024-02-05;FOR001;PROD030;29;114.33;49.09;3364.66;2024-02-20;Recebida;2024-02
COMP00432;2024-02-03;FOR004;PROD032;13;51.82;45.0;718.66;2024-02-23;Recebida;2024-02
COMP00433;2024-02-05;FOR016;PROD033;14;86.52;45.0;1256.28;2024-02-25;Recebida;2024-02
COMP00434;2024-02-01;FOR002;PROD034;13;56.83;45.0;783.79;2024-02-08;Recebida;2024-02
COMP00435;2024-02-03;FOR008;PROD035;10;77.37;45.0;818.7;2024-02-18;Recebida;2024-02
COMP00436;2024-02-03;FOR004;PROD036;10;36.14;45.0;406.4;2024-02-23;Recebida;2024-02
COMP00437;2024-02-03;FOR006;PROD037;30;49.83;45.0;1539.9;2024-02-08;Recebida;2024-02
COMP00438;2024-02-02;FOR016;PROD038;22;70.16;45.0;1588.52;2024-02-22;Recebida;2024-02
COMP00439;2024-02-04;FOR011;PROD039;16;105.14;45.0;1727.24;2024-02-16;Recebida;2024-02
COMP00440;2024-02-02;FOR017;PROD041;11;78.4;45.0;907.4;2024-02-17;Recebida;2024-02
COMP00441;2024-02-05;FOR009;PROD042;25;79.71;45.0;2037.75;2024-02-15;Recebida;2024-02
COMP00442;2024-02-02;FOR002;PROD043;12;87.95;45.0;1100.4;2024-02-09;Recebida;2024-02
COMP00443;2024-02-03;FOR001;PROD044;10;60.17;45.0;646.7;2024-02-18;Recebida;2024-02
COMP00444;2024-02-03;FOR017;PROD045;19;29.09;45.0;597.71;2024-02-18;Recebida;2024-02
COMP00445;2024-02-05;FOR001;PROD046;31;53.97;45.0;1718.07;2024-02-20;Recebida;2024-02
COMP00446;2024-02-05;FOR009;PROD047;16;68.07;45.0;1134.12;2024-02-15;Recebida;2024-02
COMP00447;2024-02-01;FOR015;PROD048;21;68.43;45.0;1482.03;2024-02-16;Recebida;2024-02
COMP00448;2024-02-01;FOR010;PROD050;19;75.24;45.0;1474.56;2024-02-16;Recebida;2024-02
COMP00449;2024-02-03;FOR008;PROD051;10;77.11;45.0;816.1;2024-02-18;Recebida;2024-02
COMP00450;2024-02-01;FOR007;PROD052;15;77.6;45.0;1209.0;2024-02-06;Recebida;2024-02
COMP00451;2024-02-03;FOR002;PROD053;11;71.82;45.0;835.02;2024-02-10;Recebida;2024-02
COMP00452;2024-02-03;FOR011;PROD054;20;28.68;45.0;618.6;2024-02-15;Recebida;2024-02
COMP00453;2024-02-04;FOR015;PROD055;33;37.32;49.91;1281.47;2024-02-19;Recebida;2024-02
COMP00454;2024-02-02;FOR005;PROD056;19;68.0;45.0;1337.0;2024-02-22;Recebida;2024-02
COMP00455;2024-02-01;FOR017;PROD057;25;106.44;45.0;2706.0;2024-02-16;Recebida;2024-02
COMP00456;2024-02-05;FOR014;PROD058;14;147.68;45.0;2112.52;2024-02-15;Recebida;2024-02
COMP00457;2024-02-03;FOR016;PROD059;18;54.65;45.0;1028.7;2024-02-23;Recebida;2024-02
COMP00458;2024-02-04;FOR003;PROD060;16;86.58;45.0;1430.28;2024-02-11;Recebida;2024-02
COMP00459;2024-02-04;FOR007;PROD061;13;57.98;45.0;798.74;2024-02-09;Recebida;2024-02
COMP00460;2024-02-03;FOR004;PROD062;15;70.35;45.0;1100.25;2024-02-23;Recebida;2024-02
COMP00461;2024-02-02;FOR005;PROD063;10;59.95;45.0;644.5;2024-02-22;Recebida;2024-02
COMP00462;2024-02-03;FOR002;PROD064;36;43.81;45.0;1622.16;2024-02-10;Recebida;2024-02
COMP00463;2024-02-04;FOR010;PROD065;21;81.15;45.0;1749.15;2024-02-19;Recebida;2024-02
COMP00464;2024-02-04;FOR018;PROD066;26;73.11;45.0;1945.86;2024-02-09;Recebida;2024-02
COMP00465;2024-02-02;FOR014;PROD068;20;78.17;45.0;1608.4;2024-02-12;Recebida;2024-02
COMP00466;2024-02-04;FOR011;PROD069;18;86.95;45.0;1610.1;2024-02-16;Recebida;2024-02
COMP00467;2024-02-04;FOR012;PROD070;10;91.48;45.0;959.8;2024-02-11;Recebida;2024-02
COMP00468;2024-02-02;FOR015;PROD071;10;65.62;45.0;701.2;2024-02-17;Recebida;2024-02
COMP00469;2024-02-03;FOR014;PROD072;10;25.23;45.0;297.3;2024-02-13;Recebida;2024-02
COMP00470;2024-02-01;FOR005;PROD073;32;45.48;45.0;1500.36;2024-02-21;Recebida;2024-02
COMP00471;2024-02-01;FOR017;PROD074;21;67.42;45.0;1460.82;2024-02-16;Recebida;2024-02
COMP00472;2024-02-04;FOR011;PROD075;24;80.05;45.0;1966.2;2024-02-16;Recebida;2024-02
COMP00473;2024-02-02;FOR002;PROD076;10;154.46;45.0;1589.6;2024-02-09;Recebida;2024-02
COMP00474;2024-02-04;FOR011;PROD078;16;79.03;45.0;1309.48;2024-02-16;Recebida;2024-02
COMP00475;2024-02-05;FOR014;PROD079;13;66.96;45.0;915.48;2024-02-15;Recebida;2024-02
COMP00476;2024-02-01;FOR001;PROD080;11;51.13;45.0;607.43;2024-02-16;Recebida;2024-02
COMP00477;2024-03-04;FOR017;PROD001;19;29.98;45.0;614.62;2024-03-19;Recebida;2024-03
COMP00478;2024-03-01;FOR009;PROD002;10;58.75;45.0;632.5;2024-03-11;Recebida;2024-03
COMP00479;2024-03-03;FOR017;PROD003;14;88.85;45.0;1288.9;2024-03-18;Recebida;2024-03
COMP00480;2024-03-02;FOR009;PROD004;10;138.34;45.0;1428.4;2024-03-12;Recebida;2024-03
COMP00481;2024-03-03;FOR009;PROD005;11;49.07;45.0;584.77;2024-03-13;Recebida;2024-03
COMP00482;2024-03-05;FOR009;PROD006;12;63.6;45.0;808.2;2024-03-15;Recebida;2024-03
COMP00483;2024-03-03;FOR006;PROD007;14;67.98;45.0;996.72;2024-03-08;Recebida;2024-03
COMP00484;2024-03-03;FOR004;PROD008;11;80.17;45.0;926.87;2024-03-23;Recebida;2024-03
COMP00485;2024-03-03;FOR015;PROD009;21;22.28;45.0;512.88;2024-03-18;Recebida;2024-03
COMP00486;2024-03-04;FOR003;PROD010;24;55.24;45.0;1370.76;2024-03-11;Recebida;2024-03
COMP00487;2024-03-01;FOR015;PROD011;10;70.16;45.0;746.6;2024-03-16;Recebida;2024-03
COMP00488;2024-03-05;FOR007;PROD012;10;97.28;45.0;1017.8;2024-03-10;Recebida;2024-03
COMP00489;2024-03-05;FOR018;PROD013;10;108.06;45.0;1125.6;2024-03-10;Recebida;2024-03
COMP00490;2024-03-04;FOR006;PROD014;19;48.34;45.0;963.46;2024-03-09;Recebida;2024-03
COMP00491;2024-03-01;FOR004;PROD015;10;74.65;45.0;791.5;2024-03-21;Recebida;2024-03
COMP00492;2024-03-03;FOR008;PROD016;12;65.67;45.0;833.04;2024-03-18;Recebida;2024-03
COMP00493;2024-03-01;FOR014;PROD017;16;69.17;45.0;1151.72;2024-03-11;Recebida;2024-03
COMP00494;2024-03-02;FOR001;PROD018;15;25.83;45.0;432.45;2024-03-17;Recebida;2024-03
COMP00495;2024-03-04;FOR010;PROD019;14;36.8;45.0;560.2;2024-03-19;Recebida;2024-03
COMP00496;2024-03-01;FOR004;PROD020;14;90.01;45.0;1305.14;2024-03-21;Recebida;2024-03
COMP00497;2024-03-03;FOR004;PROD021;19;72.43;45.0;1421.17;2024-03-23;Recebida;2024-03
COMP00498;2024-03-05;FOR015;PROD022;10;138.93;45.0;1434.3;2024-03-20;Recebida;2024-03
COMP00499;2024-03-02;FOR015;PROD023;10;66.36;45.0;708.6;2024-03-17;Recebida;2024-03
COMP00500;2024-03-03;FOR018;PROD024;14;84.83;45.0;1232.62;2024-03-08;Recebida;2024-03
COMP00501;2024-03-03;FOR012;PROD025;15;68.02;45.0;1065.3;2024-03-10;Recebida;2024-03
COMP00502;2024-03-05;FOR016;PROD026;12;91.19;45.0;1139.28;2024-03-25;Recebida;2024-03
COMP00503;2024-03-03;FOR002;PROD027;13;68.45;45.0;934.85;2024-03-10;Recebida;2024-03
COMP00504;2024-03-02;FOR015;PROD028;15;56.9;45.0;898.5;2024-03-17;Recebida;2024-03
COMP00505;2024-03-03;FOR014;PROD029;13;74.98;45.0;1019.74;2024-03-13;Recebida;2024-03
COMP00506;2024-03-04;FOR001;PROD030;17;114.21;45.0;1986.57;2024-03-19;Recebida;2024-03
COMP00507;2024-03-04;FOR016;PROD031;18;123.73;45.0;2272.14;2024-03-24;Recebida;2024-03
COMP00508;2024-03-02;FOR004;PROD032;10;51.98;45.0;564.8;2024-03-22;Recebida;2024-03
COMP00509;2024-03-05;FOR002;PROD034;18;57.28;45.0;1076.04;2024-03-12;Recebida;2024-03
COMP00510;2024-03-02;FOR004;PROD036;13;36.48;45.0;519.24;2024-03-22;Recebida;2024-03
COMP00511;2024-03-02;FOR006;PROD037;17;49.37;45.0;884.29;2024-03-07;Recebida;2024-03
COMP00512;2024-03-04;FOR016;PROD038;14;72.36;45.0;1058.04;2024-03-24;Recebida;2024-03
COMP00513;2024-03-03;FOR011;PROD039;13;103.26;45.0;1387.38;2024-03-15;Recebida;2024-03
COMP00514;2024-03-04;FOR002;PROD040;11;115.62;45.0;1316.82;2024-03-11;Recebida;2024-03
COMP00515;2024-03-05;FOR017;PROD041;10;77.09;45.0;815.9;2024-03-20;Recebida;2024-03
COMP00516;2024-03-02;FOR009;PROD042;10;80.43;45.0;849.3;2024-03-12;Recebida;2024-03
COMP00517;2024-03-03;FOR002;PROD043;15;87.37;45.0;1355.55;2024-03-10;Recebida;2024-03
COMP00518;2024-03-04;FOR001;PROD044;10;59.3;45.0;638.0;2024-03-19;Recebida;2024-03
COMP00519;2024-03-05;FOR017;PROD045;21;29.11;45.0;656.31;2024-03-20;Recebida;2024-03
COMP00520;2024-03-04;FOR001;PROD046;18;54.06;45.0;1018.08;2024-03-19;Recebida;2024-03
COMP00521;2024-03-01;FOR009;PROD047;19;68.33;45.0;1343.27;2024-03-11;Recebida;2024-03
COMP00522;2024-03-02;FOR015;PROD048;14;67.66;45.0;992.24;2024-03-17;Recebida;2024-03
COMP00523;2024-03-05;FOR012;PROD049;13;112.63;45.0;1509.19;2024-03-12;Recebida;2024-03
COMP00524;2024-03-02;FOR010;PROD050;10;76.08;45.0;805.8;2024-03-17;Recebida;2024-03
COMP00525;2024-03-01;FOR008;PROD051;14;76.92;45.0;1121.88;2024-03-16;Recebida;2024-03
COMP00526;2024-03-01;FOR007;PROD052;18;77.33;45.0;1436.94;2024-03-06;Recebida;2024-03
COMP00527;2024-03-02;FOR002;PROD053;16;72.15;45.0;1199.4;2024-03-09;Recebida;2024-03
COMP00528;2024-03-01;FOR011;PROD054;20;28.74;45.0;619.8;2024-03-13;Recebida;2024-03
COMP00529;2024-03-05;FOR015;PROD055;22;37.05;45.0;860.1;2024-03-20;Recebida;2024-03
COMP00530;2024-03-02;FOR005;PROD056;21;69.15;45.0;1497.15;2024-03-22;Recebida;2024-03
COMP00531;2024-03-01;FOR017;PROD057;16;106.15;45.0;1743.4;2024-03-16;Recebida;2024-03
COMP00532;2024-03-01;FOR014;PROD058;10;148.7;45.0;1532.0;2024-03-11;Recebida;2024-03
COMP00533;2024-03-02;FOR016;PROD059;17;55.21;45.0;983.57;2024-03-22;Recebida;2024-03
COMP00534;2024-03-04;FOR003;PROD060;12;86.47;45.0;1082.64;2024-03-11;Recebida;2024-03
COMP00535;2024-03-01;FOR007;PROD061;13;57.25;45.0;789.25;2024-03-06;Recebida;2024-03
COMP00536;2024-03-04;FOR004;PROD062;12;71.72;45.0;905.64;2024-03-24;Recebida;2024-03
COMP00537;2024-03-02;FOR005;PROD063;21;59.8;45.0;1300.8;2024-03-22;Recebida;2024-03
COMP00538;2024-03-04;FOR002;PROD064;26;42.85;45.0;1159.1;2024-03-11;Recebida;2024-03
COMP00539;2024-03-01;FOR010;PROD065;27;82.24;45.0;2265.48;2024-03-16;Recebida;2024-03
COMP00540;2024-03-01;FOR018;PROD066;19;71.67;45.0;1406.73;2024-03-06;Recebida;2024-03
COMP00541;2024-03-01;FOR014;PROD068;12;77.97;45.0;980.64;2024-03-11;Recebida;2024-03
COMP00542;2024-03-05;FOR011;PROD069;13;87.11;45.0;1177.43;2024-03-17;Recebida;2024-03
COMP00543;2024-03-05;FOR012;PROD070;10;92.65;45.0;971.5;2024-03-12;Recebida;2024-03
COMP00544;2024-03-02;FOR015;PROD071;11;65.53;45.0;765.83;2024-03-17;Recebida;2024-03
COMP00545;2024-03-02;FOR014;PROD072;10;25.46;45.0;299.6;2024-03-12;Recebida;2024-03
COMP00546;2024-03-05;FOR005;PROD073;25;46.58;45.0;1209.5;2024-03-25;Recebida;2024-03
COMP00547;2024-03-05;FOR017;PROD074;19;66.76;45.0;1313.44;2024-03-20;Recebida;2024-03
COMP00548;2024-03-05;FOR011;PROD075;21;79.11;45.0;1706.31;2024-03-17;Recebida;2024-03
COMP00549;2024-03-03;FOR018;PROD077;18;72.41;45.0;1348.38;2024-03-08;Recebida;2024-03
COMP00550;2024-03-03;FOR011;PROD078;10;77.64;45.0;821.4;2024-03-15;Recebida;2024-03
COMP00551;2024-03-05;FOR014;PROD079;15;66.45;45.0;1041.75;2024-03-15;Recebida;2024-03
COMP00552;2024-04-03;FOR017;PROD001;17;30.95;45.0;571.15;2024-04-18;Recebida;2024-04
COMP00553;2024-04-05;FOR009;PROD002;10;59.99;45.0;644.9;2024-04-15;Recebida;2024-04
COMP00554;2024-04-03;FOR017;PROD003;11;89.3;45.0;1027.3;2024-04-18;Recebida;2024-04
COMP00555;2024-04-04;FOR009;PROD004;23;139.04;45.0;3242.92;2024-04-14;Recebida;2024-04
COMP00556;2024-04-04;FOR009;PROD005;16;49.29;45.0;833.64;2024-04-14;Recebida;2024-04
COMP00557;2024-04-01;FOR009;PROD006;10;65.62;45.0;701.2;2024-04-11;Recebida;2024-04
COMP00558;2024-04-05;FOR006;PROD007;18;70.19;45.0;1308.42;2024-04-10;Recebida;2024-04
COMP00559;2024-04-04;FOR004;PROD008;13;79.48;45.0;1078.24;2024-04-24;Recebida;2024-04
COMP00560;2024-04-05;FOR015;PROD009;21;22.58;45.0;519.18;2024-04-20;Recebida;2024-04
COMP00561;2024-04-04;FOR003;PROD010;29;55.24;45.0;1646.96;2024-04-11;Recebida;2024-04
COMP00562;2024-04-03;FOR015;PROD011;20;69.5;45.0;1435.0;2024-04-18;Recebida;2024-04
COMP00563;2024-04-03;FOR007;PROD012;10;98.9;45.0;1034.0;2024-04-08;Recebida;2024-04
COMP00564;2024-04-05;FOR018;PROD013;11;108.36;45.0;1236.96;2024-04-10;Recebida;2024-04
COMP00565;2024-04-01;FOR006;PROD014;13;48.58;45.0;676.54;2024-04-06;Recebida;2024-04
COMP00566;2024-04-02;FOR004;PROD015;10;75.25;45.0;797.5;2024-04-22;Recebida;2024-04
COMP00567;2024-04-03;FOR008;PROD016;10;66.84;45.0;713.4;2024-04-18;Recebida;2024-04
COMP00568;2024-04-05;FOR014;PROD017;10;68.91;45.0;734.1;2024-04-15;Recebida;2024-04
COMP00569;2024-04-01;FOR001;PROD018;16;26.44;45.0;468.04;2024-04-16;Recebida;2024-04
COMP00570;2024-04-05;FOR010;PROD019;22;36.09;45.0;838.98;2024-04-20;Recebida;2024-04
COMP00571;2024-04-01;FOR004;PROD020;10;91.48;45.0;959.8;2024-04-21;Recebida;2024-04
COMP00572;2024-04-05;FOR004;PROD021;12;71.54;45.0;903.48;2024-04-25;Recebida;2024-04
COMP00573;2024-04-02;FOR015;PROD022;15;138.35;45.0;2120.25;2024-04-17;Recebida;2024-04
COMP00574;2024-04-01;FOR015;PROD023;10;66.03;45.0;705.3;2024-04-16;Recebida;2024-04
COMP00575;2024-04-04;FOR018;PROD024;10;84.4;45.0;889.0;2024-04-09;Recebida;2024-04
COMP00576;2024-04-04;FOR012;PROD025;20;68.82;45.0;1421.4;2024-04-11;Recebida;2024-04
COMP00577;2024-04-03;FOR016;PROD026;24;91.7;45.0;2245.8;2024-04-23;Recebida;2024-04
COMP00578;2024-04-01;FOR002;PROD027;10;68.76;45.0;732.6;2024-04-08;Recebida;2024-04
COMP00579;2024-04-03;FOR015;PROD028;16;57.76;45.0;969.16;2024-04-18;Recebida;2024-04
COMP00580;2024-04-05;FOR014;PROD029;20;73.42;45.0;1513.4;2024-04-15;Recebida;2024-04
COMP00581;2024-04-04;FOR001;PROD030;19;114.98;45.0;2229.62;2024-04-19;Recebida;2024-04
COMP00582;2024-04-01;FOR016;PROD031;10;124.39;45.0;1288.9;2024-04-21;Recebida;2024-04
COMP00583;2024-04-05;FOR016;PROD033;10;87.83;45.0;923.3;2024-04-25;Recebida;2024-04
COMP00584;2024-04-03;FOR002;PROD034;13;57.4;45.0;791.2;2024-04-10;Recebida;2024-04
COMP00585;2024-04-04;FOR008;PROD035;11;77.7;45.0;899.7;2024-04-19;Recebida;2024-04
COMP00586;2024-04-03;FOR004;PROD036;14;36.66;45.0;558.24;2024-04-23;Recebida;2024-04
COMP00587;2024-04-03;FOR006;PROD037;16;50.63;45.0;855.08;2024-04-08;Recebida;2024-04
COMP00588;2024-04-05;FOR016;PROD038;10;69.97;45.0;744.7;2024-04-25;Recebida;2024-04
COMP00589;2024-04-05;FOR011;PROD039;13;101.98;45.0;1370.74;2024-04-17;Recebida;2024-04
COMP00590;2024-04-01;FOR017;PROD041;13;77.97;45.0;1058.61;2024-04-16;Recebida;2024-04
COMP00591;2024-04-02;FOR009;PROD042;12;78.56;45.0;987.72;2024-04-12;Recebida;2024-04
COMP00592;2024-04-02;FOR002;PROD043;11;88.8;45.0;1021.8;2024-04-09;Recebida;2024-04
COMP00593;2024-04-03;FOR001;PROD044;16;59.41;45.0;995.56;2024-04-18;Recebida;2024-04
COMP00594;2024-04-02;FOR017;PROD045;32;29.0;47.86;975.86;2024-04-17;Recebida;2024-04
COMP00595;2024-04-05;FOR001;PROD046;28;53.72;45.0;1549.16;2024-04-20;Recebida;2024-04
COMP00596;2024-04-01;FOR009;PROD047;14;69.24;45.0;1014.36;2024-04-11;Recebida;2024-04
COMP00597;2024-04-03;FOR015;PROD048;11;66.69;45.0;778.59;2024-04-18;Recebida;2024-04
COMP00598;2024-04-04;FOR010;PROD050;10;76.54;45.0;810.4;2024-04-19;Recebida;2024-04
COMP00599;2024-04-03;FOR008;PROD051;13;75.61;45.0;1027.93;2024-04-18;Recebida;2024-04
COMP00600;2024-04-01;FOR007;PROD052;10;77.34;45.0;818.4;2024-04-06;Recebida;2024-04
COMP00601;2024-04-02;FOR002;PROD053;17;71.76;45.0;1264.92;2024-04-09;Recebida;2024-04
COMP00602;2024-04-01;FOR011;PROD054;26;28.5;45.84;786.84;2024-04-13;Recebida;2024-04
COMP00603;2024-04-02;FOR015;PROD055;10;37.57;45.0;420.7;2024-04-17;Recebida;2024-04
COMP00604;2024-04-01;FOR005;PROD056;20;68.18;45.0;1408.6;2024-04-21;Recebida;2024-04
COMP00605;2024-04-05;FOR017;PROD057;13;103.79;45.0;1394.27;2024-04-20;Recebida;2024-04
COMP00606;2024-04-03;FOR014;PROD058;10;148.3;45.0;1528.0;2024-04-13;Recebida;2024-04
COMP00607;2024-04-05;FOR016;PROD059;19;53.84;45.0;1067.96;2024-04-25;Recebida;2024-04
COMP00608;2024-04-02;FOR003;PROD060;10;87.27;45.0;917.7;2024-04-09;Recebida;2024-04
COMP00609;2024-04-02;FOR007;PROD061;14;58.05;45.0;857.7;2024-04-07;Recebida;2024-04
COMP00610;2024-04-01;FOR004;PROD062;23;70.22;45.0;1660.06;2024-04-21;Recebida;2024-04
COMP00611;2024-04-01;FOR005;PROD063;19;60.78;45.0;1199.82;2024-04-21;Recebida;2024-04
COMP00612;2024-04-03;FOR002;PROD064;33;44.26;50.08;1510.66;2024-04-10;Recebida;2024-04
COMP00613;2024-04-02;FOR010;PROD065;16;81.74;45.0;1352.84;2024-04-17;Recebida;2024-04
COMP00614;2024-04-05;FOR018;PROD066;20;72.19;45.0;1488.8;2024-04-10;Recebida;2024-04
COMP00615;2024-04-02;FOR015;PROD067;13;124.3;45.0;1660.9;2024-04-17;Recebida;2024-04
COMP00616;2024-04-05;FOR014;PROD068;10;78.28;45.0;827.8;2024-04-15;Recebida;2024-04
COMP00617;2024-04-03;FOR011;PROD069;15;87.61;45.0;1359.15;2024-04-15;Recebida;2024-04
COMP00618;2024-04-05;FOR015;PROD071;12;67.22;45.0;851.64;2024-04-20;Recebida;2024-04
COMP00619;2024-04-03;FOR014;PROD072;10;25.33;45.0;298.3;2024-04-13;Recebida;2024-04
COMP00620;2024-04-03;FOR005;PROD073;23;46.31;45.0;1110.13;2024-04-23;Recebida;2024-04
COMP00621;2024-04-04;FOR017;PROD074;12;67.61;45.0;856.32;2024-04-19;Recebida;2024-04
COMP00622;2024-04-01;FOR011;PROD075;15;79.11;45.0;1231.65;2024-04-13;Recebida;2024-04
COMP00623;2024-04-04;FOR002;PROD076;11;152.31;45.0;1720.41;2024-04-11;Recebida;2024-04
COMP00624;2024-04-03;FOR011;PROD078;12;78.58;45.0;987.96;2024-04-15;Recebida;2024-04
COMP00625;2024-04-04;FOR014;PROD079;15;68.47;45.0;1072.05;2024-04-14;Recebida;2024-04
COMP00626;2024-04-02;FOR001;PROD080;14;51.42;45.0;764.88;2024-04-17;Recebida;2024-04
COMP00627;2024-05-03;FOR017;PROD001;12;30.52;45.0;411.24;2024-05-18;Recebida;2024-05
COMP00628;2024-05-03;FOR009;PROD002;12;60.67;45.0;773.04;2024-05-13;Recebida;2024-05
COMP00629;2024-05-03;FOR017;PROD003;15;88.51;45.0;1372.65;2024-05-18;Recebida;2024-05
COMP00630;2024-05-04;FOR009;PROD004;28;138.19;45.0;3914.32;2024-05-14;Recebida;2024-05
COMP00631;2024-05-04;FOR009;PROD005;10;50.36;45.0;548.6;2024-05-14;Recebida;2024-05
COMP00632;2024-05-01;FOR009;PROD006;10;64.79;45.0;692.9;2024-05-11;Recebida;2024-05
COMP00633;2024-05-04;FOR006;PROD007;10;69.8;45.0;743.0;2024-05-09;Recebida;2024-05
COMP00634;2024-05-03;FOR004;PROD008;18;79.71;45.0;1479.78;2024-05-23;Recebida;2024-05
COMP00635;2024-05-01;FOR015;PROD009;29;22.53;45.0;698.37;2024-05-16;Recebida;2024-05
COMP00636;2024-05-05;FOR003;PROD010;20;55.14;45.0;1147.8;2024-05-12;Recebida;2024-05
COMP00637;2024-05-02;FOR015;PROD011;12;70.05;45.0;885.6;2024-05-17;Recebida;2024-05
COMP00638;2024-05-05;FOR018;PROD013;16;105.91;45.0;1739.56;2024-05-10;Recebida;2024-05
COMP00639;2024-05-04;FOR008;PROD016;10;65.91;45.0;704.1;2024-05-19;Recebida;2024-05
COMP00640;2024-05-04;FOR014;PROD017;19;70.63;45.0;1386.97;2024-05-14;Recebida;2024-05
COMP00641;2024-05-01;FOR001;PROD018;23;26.25;45.0;648.75;2024-05-16;Recebida;2024-05
COMP00642;2024-05-03;FOR010;PROD019;13;36.5;45.0;519.5;2024-05-18;Recebida;2024-05
COMP00643;2024-05-04;FOR004;PROD020;20;91.7;45.0;1879.0;2024-05-24;Recebida;2024-05
COMP00644;2024-05-02;FOR004;PROD021;10;72.06;45.0;765.6;2024-05-22;Recebida;2024-05
COMP00645;2024-05-01;FOR015;PROD022;21;138.89;45.0;2961.69;2024-05-16;Recebida;2024-05
COMP00646;2024-05-03;FOR015;PROD023;10;65.76;45.0;702.6;2024-05-18;Recebida;2024-05
COMP00647;2024-05-05;FOR018;PROD024;10;84.45;45.0;889.5;2024-05-10;Recebida;2024-05
COMP00648;2024-05-01;FOR012;PROD025;17;68.11;45.0;1202.87;2024-05-08;Recebida;2024-05
COMP00649;2024-05-01;FOR016;PROD026;17;91.02;45.0;1592.34;2024-05-21;Recebida;2024-05
COMP00650;2024-05-01;FOR002;PROD027;18;67.14;45.0;1253.52;2024-05-08;Recebida;2024-05
COMP00651;2024-05-03;FOR015;PROD028;21;57.02;45.0;1242.42;2024-05-18;Recebida;2024-05
COMP00652;2024-05-04;FOR014;PROD029;13;72.8;45.0;991.4;2024-05-14;Recebida;2024-05
COMP00653;2024-05-04;FOR001;PROD030;12;114.51;45.0;1419.12;2024-05-19;Recebida;2024-05
COMP00654;2024-05-03;FOR016;PROD031;19;122.38;45.0;2370.22;2024-05-23;Recebida;2024-05
COMP00655;2024-05-05;FOR004;PROD032;10;51.99;45.0;564.9;2024-05-25;Recebida;2024-05
COMP00656;2024-05-05;FOR016;PROD033;10;88.63;45.0;931.3;2024-05-25;Recebida;2024-05
COMP00657;2024-05-03;FOR002;PROD034;10;57.6;45.0;621.0;2024-05-10;Recebida;2024-05
COMP00658;2024-05-04;FOR008;PROD035;22;77.42;45.0;1748.24;2024-05-19;Recebida;2024-05
COMP00659;2024-05-02;FOR004;PROD036;10;36.79;45.0;412.9;2024-05-22;Recebida;2024-05
COMP00660;2024-05-05;FOR006;PROD037;17;49.52;45.0;886.84;2024-05-10;Recebida;2024-05
COMP00661;2024-05-05;FOR016;PROD038;14;71.89;45.0;1051.46;2024-05-25;Recebida;2024-05
COMP00662;2024-05-03;FOR011;PROD039;10;101.9;45.0;1064.0;2024-05-15;Recebida;2024-05
COMP00663;2024-05-02;FOR002;PROD040;17;116.12;45.0;2019.04;2024-05-09;Recebida;2024-05
COMP00664;2024-05-04;FOR017;PROD041;13;77.81;45.0;1056.53;2024-05-19;Recebida;2024-05
COMP00665;2024-05-03;FOR009;PROD042;14;80.15;45.0;1167.1;2024-05-13;Recebida;2024-05
COMP00666;2024-05-01;FOR002;PROD043;10;89.71;45.0;942.1;2024-05-08;Recebida;2024-05
COMP00667;2024-05-01;FOR001;PROD044;26;58.79;46.3;1574.84;2024-05-16;Recebida;2024-05
COMP00668;2024-05-01;FOR017;PROD045;27;28.9;45.0;825.3;2024-05-16;Recebida;2024-05
COMP00669;2024-05-02;FOR001;PROD046;17;53.8;45.0;959.6;2024-05-17;Recebida;2024-05
COMP00670;2024-05-02;FOR009;PROD047;12;67.86;45.0;859.32;2024-05-12;Recebida;2024-05
COMP00671;2024-05-03;FOR015;PROD048;15;68.15;45.0;1067.25;2024-05-18;Recebida;2024-05
COMP00672;2024-05-02;FOR012;PROD049;19;112.41;45.0;2180.79;2024-05-09;Recebida;2024-05
COMP00673;2024-05-01;FOR008;PROD051;10;77.11;45.0;816.1;2024-05-16;Recebida;2024-05
COMP00674;2024-05-02;FOR007;PROD052;17;77.61;45.0;1364.37;2024-05-07;Recebida;2024-05
COMP00675;2024-05-05;FOR002;PROD053;24;73.0;45.0;1797.0;2024-05-12;Recebida;2024-05
COMP00676;2024-05-02;FOR011;PROD054;22;29.06;45.0;684.32;2024-05-14;Recebida;2024-05
COMP00677;2024-05-04;FOR015;PROD055;19;37.97;45.0;766.43;2024-05-19;Recebida;2024-05
COMP00678;2024-05-02;FOR005;PROD056;21;67.42;45.0;1460.82;2024-05-22;Recebida;2024-05
COMP00679;2024-05-05;FOR017;PROD057;10;105.81;45.0;1103.1;2024-05-20;Recebida;2024-05
COMP00680;2024-05-01;FOR014;PROD058;15;148.93;45.0;2278.95;2024-05-11;Recebida;2024-05
COMP00681;2024-05-05;FOR016;PROD059;10;55.47;45.0;599.7;2024-05-25;Recebida;2024-05
COMP00682;2024-05-02;FOR003;PROD060;10;87.58;45.0;920.8;2024-05-09;Recebida;2024-05
COMP00683;2024-05-04;FOR007;PROD061;10;57.47;45.0;619.7;2024-05-09;Recebida;2024-05
COMP00684;2024-05-03;FOR004;PROD062;31;70.79;49.22;2243.71;2024-05-23;Recebida;2024-05
COMP00685;2024-05-03;FOR005;PROD063;15;61.22;45.0;963.3;2024-05-23;Recebida;2024-05
COMP00686;2024-05-01;FOR002;PROD064;18;43.55;45.0;828.9;2024-05-08;Recebida;2024-05
COMP00687;2024-05-05;FOR010;PROD065;21;81.53;45.0;1757.13;2024-05-20;Recebida;2024-05
COMP00688;2024-05-04;FOR018;PROD066;10;73.66;45.0;781.6;2024-05-09;Recebida;2024-05
COMP00689;2024-05-05;FOR015;PROD067;10;124.21;45.0;1287.1;2024-05-20;Recebida;2024-05
COMP00690;2024-05-01;FOR014;PROD068;10;79.54;45.0;840.4;2024-05-11;Recebida;2024-05
COMP00691;2024-05-02;FOR011;PROD069;14;87.15;45.0;1265.1;2024-05-14;Recebida;2024-05
COMP00692;2024-05-02;FOR012;PROD070;17;91.92;45.0;1607.64;2024-05-09;Recebida;2024-05
COMP00693;2024-05-02;FOR015;PROD071;17;67.46;45.0;1191.82;2024-05-17;Recebida;2024-05
COMP00694;2024-05-05;FOR014;PROD072;13;25.22;45.0;372.86;2024-05-15;Recebida;2024-05
COMP00695;2024-05-04;FOR005;PROD073;16;46.44;45.0;788.04;2024-05-24;Recebida;2024-05
COMP00696;2024-05-05;FOR017;PROD074;14;67.35;45.0;987.9;2024-05-20;Recebida;2024-05
COMP00697;2024-05-01;FOR011;PROD075;11;79.8;45.0;922.8;2024-05-13;Recebida;2024-05
COMP00698;2024-05-03;FOR002;PROD076;14;154.94;45.0;2214.16;2024-05-10;Recebida;2024-05
COMP00699;2024-05-01;FOR018;PROD077;14;71.66;45.0;1048.24;2024-05-06;Recebida;2024-05
COMP00700;2024-05-02;FOR011;PROD078;14;77.58;45.0;1131.12;2024-05-14;Recebida;2024-05
COMP00701;2024-05-01;FOR014;PROD079;12;66.75;45.0;846.0;2024-05-11;Recebida;2024-05
COMP00702;2024-05-04;FOR001;PROD080;11;50.79;45.0;603.69;2024-05-19;Recebida;2024-05
COMP00703;2024-06-01;FOR017;PROD001;16;30.54;45.0;533.64;2024-06-16;Recebida;2024-06
COMP00704;2024-06-03;FOR009;PROD002;16;60.37;45.0;1010.92;2024-06-13;Recebida;2024-06
COMP00705;2024-06-02;FOR017;PROD003;12;87.45;45.0;1094.4;2024-06-17;Recebida;2024-06
COMP00706;2024-06-01;FOR009;PROD004;27;137.28;45.0;3751.56;2024-06-11;Recebida;2024-06
COMP00707;2024-06-01;FOR009;PROD005;10;49.7;45.0;542.0;2024-06-11;Recebida;2024-06
COMP00708;2024-06-03;FOR009;PROD006;11;65.02;45.0;760.22;2024-06-13;Recebida;2024-06
COMP00709;2024-06-04;FOR006;PROD007;13;69.1;45.0;943.3;2024-06-09;Recebida;2024-06
COMP00710;2024-06-02;FOR004;PROD008;22;80.17;45.0;1808.74;2024-06-22;Recebida;2024-06
COMP00711;2024-06-02;FOR015;PROD009;24;22.38;45.0;582.12;2024-06-17;Recebida;2024-06
COMP00712;2024-06-02;FOR003;PROD010;17;54.39;45.0;969.63;2024-06-09;Recebida;2024-06
COMP00713;2024-06-01;FOR015;PROD011;16;69.42;45.0;1155.72;2024-06-16;Recebida;2024-06
COMP00714;2024-06-03;FOR007;PROD012;13;97.0;45.0;1306.0;2024-06-08;Recebida;2024-06
COMP00715;2024-06-01;FOR018;PROD013;20;108.34;45.0;2211.8;2024-06-06;Recebida;2024-06
COMP00716;2024-06-04;FOR006;PROD014;17;49.64;45.0;888.88;2024-06-09;Recebida;2024-06
COMP00717;2024-06-01;FOR004;PROD015;10;76.11;45.0;806.1;2024-06-21;Recebida;2024-06
COMP00718;2024-06-01;FOR008;PROD016;10;66.39;45.0;708.9;2024-06-16;Recebida;2024-06
COMP00719;2024-06-02;FOR014;PROD017;22;70.86;45.0;1603.92;2024-06-12;Recebida;2024-06
COMP00720;2024-06-05;FOR001;PROD018;26;25.97;45.0;720.22;2024-06-20;Recebida;2024-06
COMP00721;2024-06-01;FOR010;PROD019;10;36.84;45.0;413.4;2024-06-16;Recebida;2024-06
COMP00722;2024-06-02;FOR004;PROD020;10;88.58;45.0;930.8;2024-06-22;Recebida;2024-06
COMP00723;2024-06-02;FOR004;PROD021;12;72.88;45.0;919.56;2024-06-22;Recebida;2024-06
COMP00724;2024-06-02;FOR015;PROD022;15;138.76;45.0;2126.4;2024-06-17;Recebida;2024-06
COMP00725;2024-06-04;FOR018;PROD024;10;83.6;45.0;881.0;2024-06-09;Recebida;2024-06
COMP00726;2024-06-02;FOR012;PROD025;22;68.12;45.0;1543.64;2024-06-09;Recebida;2024-06
COMP00727;2024-06-01;FOR016;PROD026;18;90.77;45.0;1678.86;2024-06-21;Recebida;2024-06
COMP00728;2024-06-05;FOR002;PROD027;10;67.48;45.0;719.8;2024-06-12;Recebida;2024-06
COMP00729;2024-06-02;FOR015;PROD028;10;57.42;45.0;619.2;2024-06-17;Recebida;2024-06
COMP00730;2024-06-04;FOR014;PROD029;15;74.38;45.0;1160.7;2024-06-14;Recebida;2024-06
COMP00731;2024-06-01;FOR001;PROD030;20;116.94;45.0;2383.8;2024-06-16;Recebida;2024-06
COMP00732;2024-06-02;FOR016;PROD031;27;122.02;46.51;3341.05;2024-06-22;Recebida;2024-06
COMP00733;2024-06-03;FOR004;PROD032;14;51.72;45.0;769.08;2024-06-23;Recebida;2024-06
COMP00734;2024-06-01;FOR002;PROD034;16;57.63;45.0;967.08;2024-06-08;Recebida;2024-06
COMP00735;2024-06-02;FOR008;PROD035;13;78.01;45.0;1059.13;2024-06-17;Recebida;2024-06
COMP00736;2024-06-02;FOR004;PROD036;15;36.43;45.0;591.45;2024-06-22;Recebida;2024-06
COMP00737;2024-06-04;FOR006;PROD037;19;49.73;45.0;989.87;2024-06-09;Recebida;2024-06
COMP00738;2024-06-04;FOR016;PROD038;21;69.93;45.0;1513.53;2024-06-24;Recebida;2024-06
COMP00739;2024-06-04;FOR011;PROD039;10;102.67;45.0;1071.7;2024-06-16;Recebida;2024-06
COMP00740;2024-06-01;FOR002;PROD040;12;116.41;45.0;1441.92;2024-06-08;Recebida;2024-06
COMP00741;2024-06-02;FOR017;PROD041;12;78.16;45.0;982.92;2024-06-17;Recebida;2024-06
COMP00742;2024-06-04;FOR009;PROD042;10;79.97;45.0;844.7;2024-06-14;Recebida;2024-06
COMP00743;2024-06-04;FOR002;PROD043;16;88.35;45.0;1458.6;2024-06-11;Recebida;2024-06
COMP00744;2024-06-01;FOR001;PROD044;26;60.22;45.0;1610.72;2024-06-16;Recebida;2024-06
COMP00745;2024-06-03;FOR017;PROD045;36;29.18;61.6;1112.08;2024-06-18;Recebida;2024-06
COMP00746;2024-06-01;FOR001;PROD046;10;54.36;45.0;588.6;2024-06-16;Recebida;2024-06
COMP00747;2024-06-03;FOR009;PROD047;21;67.76;45.0;1467.96;2024-06-13;Recebida;2024-06
COMP00748;2024-06-04;FOR015;PROD048;14;66.66;45.0;978.24;2024-06-19;Recebida;2024-06
COMP00749;2024-06-01;FOR012;PROD049;10;114.82;45.0;1193.2;2024-06-08;Recebida;2024-06
COMP00750;2024-06-02;FOR010;PROD050;16;75.47;45.0;1252.52;2024-06-17;Recebida;2024-06
COMP00751;2024-06-03;FOR008;PROD051;12;76.28;45.0;960.36;2024-06-18;Recebida;2024-06
COMP00752;2024-06-04;FOR007;PROD052;11;76.03;45.0;881.33;2024-06-09;Recebida;2024-06
COMP00753;2024-06-01;FOR002;PROD053;37;71.56;58.01;2705.73;2024-06-08;Recebida;2024-06
COMP00754;2024-06-01;FOR011;PROD054;29;28.44;47.04;871.8;2024-06-13;Recebida;2024-06
COMP00755;2024-06-01;FOR015;PROD055;14;37.34;45.0;567.76;2024-06-16;Recebida;2024-06
COMP00756;2024-06-04;FOR005;PROD056;21;67.84;45.0;1469.64;2024-06-24;Recebida;2024-06
COMP00757;2024-06-03;FOR017;PROD057;14;103.96;45.0;1500.44;2024-06-18;Recebida;2024-06
COMP00758;2024-06-02;FOR014;PROD058;20;147.02;45.0;2985.4;2024-06-12;Recebida;2024-06
COMP00759;2024-06-03;FOR016;PROD059;17;54.79;45.0;976.43;2024-06-23;Recebida;2024-06
COMP00760;2024-06-04;FOR003;PROD060;10;88.16;45.0;926.6;2024-06-11;Recebida;2024-06
COMP00761;2024-06-05;FOR007;PROD061;10;57.42;45.0;619.2;2024-06-10;Recebida;2024-06
COMP00762;2024-06-04;FOR004;PROD062;37;70.9;60.15;2683.45;2024-06-24;Recebida;2024-06
COMP00763;2024-06-05;FOR005;PROD063;21;59.36;45.0;1291.56;2024-06-25;Recebida;2024-06
COMP00764;2024-06-05;FOR002;PROD064;19;43.56;45.0;872.64;2024-06-12;Recebida;2024-06
COMP00765;2024-06-04;FOR010;PROD065;26;83.44;45.0;2214.44;2024-06-19;Recebida;2024-06
COMP00766;2024-06-01;FOR018;PROD066;17;72.42;45.0;1276.14;2024-06-06;Recebida;2024-06
COMP00767;2024-06-04;FOR014;PROD068;10;77.31;45.0;818.1;2024-06-14;Recebida;2024-06
COMP00768;2024-06-04;FOR011;PROD069;10;87.3;45.0;918.0;2024-06-16;Recebida;2024-06
COMP00769;2024-06-03;FOR012;PROD070;10;94.06;45.0;985.6;2024-06-10;Recebida;2024-06
COMP00770;2024-06-04;FOR015;PROD071;25;65.48;45.0;1682.0;2024-06-19;Recebida;2024-06
COMP00771;2024-06-05;FOR014;PROD072;14;25.5;45.0;402.0;2024-06-15;Recebida;2024-06
COMP00772;2024-06-03;FOR005;PROD073;18;45.61;45.0;865.98;2024-06-23;Recebida;2024-06
COMP00773;2024-06-03;FOR017;PROD074;19;68.47;45.0;1345.93;2024-06-18;Recebida;2024-06
COMP00774;2024-06-03;FOR011;PROD075;17;80.53;45.0;1414.01;2024-06-15;Recebida;2024-06
COMP00775;2024-06-03;FOR002;PROD076;11;151.94;45.0;1716.34;2024-06-10;Recebida;2024-06
COMP00776;2024-06-02;FOR014;PROD079;16;67.81;45.0;1129.96;2024-06-12;Recebida;2024-06
COMP00777;2024-06-03;FOR001;PROD080;18;51.13;45.0;965.34;2024-06-18;Recebida;2024-06
COMP00778;2024-07-01;FOR017;PROD001;11;29.93;45.0;374.23;2024-07-16;Recebida;2024-07
COMP00779;2024-07-03;FOR009;PROD002;10;60.23;45.0;647.3;2024-07-13;Recebida;2024-07
COMP00780;2024-07-04;FOR017;PROD003;10;87.26;45.0;917.6;2024-07-19;Recebida;2024-07
COMP00781;2024-07-05;FOR009;PROD004;32;139.65;45.0;4513.8;2024-07-15;Recebida;2024-07
COMP00782;2024-07-04;FOR009;PROD005;15;49.79;45.0;791.85;2024-07-14;Recebida;2024-07
COMP00783;2024-07-03;FOR009;PROD006;10;65.29;45.0;697.9;2024-07-13;Recebida;2024-07
COMP00784;2024-07-02;FOR006;PROD007;17;68.78;45.0;1214.26;2024-07-07;Recebida;2024-07
COMP00785;2024-07-02;FOR004;PROD008;16;80.86;45.0;1338.76;2024-07-22;Recebida;2024-07
COMP00786;2024-07-04;FOR015;PROD009;24;22.65;45.0;588.6;2024-07-19;Recebida;2024-07
COMP00787;2024-07-01;FOR003;PROD010;25;55.89;45.0;1442.25;2024-07-08;Recebida;2024-07
COMP00788;2024-07-02;FOR015;PROD011;22;69.84;45.0;1581.48;2024-07-17;Recebida;2024-07
COMP00789;2024-07-04;FOR007;PROD012;11;97.15;45.0;1113.65;2024-07-09;Recebida;2024-07
COMP00790;2024-07-03;FOR018;PROD013;21;105.87;45.0;2268.27;2024-07-08;Recebida;2024-07
COMP00791;2024-07-01;FOR006;PROD014;13;48.17;45.0;671.21;2024-07-06;Recebida;2024-07
COMP00792;2024-07-03;FOR004;PROD015;11;74.47;45.0;864.17;2024-07-23;Recebida;2024-07
COMP00793;2024-07-03;FOR008;PROD016;10;67.24;45.0;717.4;2024-07-18;Recebida;2024-07
COMP00794;2024-07-04;FOR014;PROD017;13;70.24;45.0;958.12;2024-07-14;Recebida;2024-07
COMP00795;2024-07-01;FOR001;PROD018;15;26.46;45.0;441.9;2024-07-16;Recebida;2024-07
COMP00796;2024-07-05;FOR010;PROD019;10;36.84;45.0;413.4;2024-07-20;Recebida;2024-07
COMP00797;2024-07-05;FOR004;PROD020;18;89.84;45.0;1662.12;2024-07-25;Recebida;2024-07
COMP00798;2024-07-01;FOR004;PROD021;15;71.74;45.0;1121.1;2024-07-21;Recebida;2024-07
COMP00799;2024-07-01;FOR015;PROD022;29;138.59;49.89;4069.0;2024-07-16;Recebida;2024-07
COMP00800;2024-07-05;FOR015;PROD023;15;66.25;45.0;1038.75;2024-07-20;Recebida;2024-07
COMP00801;2024-07-01;FOR018;PROD024;12;85.59;45.0;1072.08;2024-07-06;Recebida;2024-07
COMP00802;2024-07-02;FOR012;PROD025;17;70.18;45.0;1238.06;2024-07-09;Recebida;2024-07
COMP00803;2024-07-03;FOR016;PROD026;26;92.39;45.51;2447.65;2024-07-23;Recebida;2024-07
COMP00804;2024-07-04;FOR002;PROD027;14;68.89;45.0;1009.46;2024-07-11;Recebida;2024-07
COMP00805;2024-07-04;FOR015;PROD028;16;58.82;45.0;986.12;2024-07-19;Recebida;2024-07
COMP00806;2024-07-02;FOR014;PROD029;17;72.92;45.0;1284.64;2024-07-12;Recebida;2024-07
COMP00807;2024-07-01;FOR001;PROD030;17;114.98;45.0;1999.66;2024-07-16;Recebida;2024-07
COMP00808;2024-07-01;FOR016;PROD031;13;123.72;45.0;1653.36;2024-07-21;Recebida;2024-07
COMP00809;2024-07-02;FOR016;PROD033;10;86.63;45.0;911.3;2024-07-22;Recebida;2024-07
COMP00810;2024-07-05;FOR002;PROD034;12;56.88;45.0;727.56;2024-07-12;Recebida;2024-07
COMP00811;2024-07-04;FOR008;PROD035;11;77.82;45.0;901.02;2024-07-19;Recebida;2024-07
COMP00812;2024-07-04;FOR004;PROD036;14;35.77;45.0;545.78;2024-07-24;Recebida;2024-07
COMP00813;2024-07-03;FOR006;PROD037;16;50.32;45.0;850.12;2024-07-08;Recebida;2024-07
COMP00814;2024-07-04;FOR016;PROD038;14;70.49;45.0;1031.86;2024-07-24;Recebida;2024-07
COMP00815;2024-07-03;FOR011;PROD039;10;102.39;45.0;1068.9;2024-07-15;Recebida;2024-07
COMP00816;2024-07-01;FOR002;PROD040;14;116.02;45.0;1669.28;2024-07-08;Recebida;2024-07
COMP00817;2024-07-03;FOR017;PROD041;10;78.09;45.0;825.9;2024-07-18;Recebida;2024-07
COMP00818;2024-07-03;FOR009;PROD042;10;77.89;45.0;823.9;2024-07-13;Recebida;2024-07
COMP00819;2024-07-03;FOR002;PROD043;10;89.39;45.0;938.9;2024-07-10;Recebida;2024-07
COMP00820;2024-07-05;FOR001;PROD044;35;58.68;45.0;2098.8;2024-07-20;Recebida;2024-07
COMP00821;2024-07-04;FOR017;PROD045;16;28.51;45.0;501.16;2024-07-19;Recebida;2024-07
COMP00822;2024-07-02;FOR001;PROD046;17;54.37;45.0;969.29;2024-07-17;Recebida;2024-07
COMP00823;2024-07-03;FOR009;PROD047;13;67.59;45.0;923.67;2024-07-13;Recebida;2024-07
COMP00824;2024-07-05;FOR015;PROD048;10;68.59;45.0;730.9;2024-07-20;Recebida;2024-07
COMP00825;2024-07-05;FOR012;PROD049;10;115.26;45.0;1197.6;2024-07-12;Recebida;2024-07
COMP00826;2024-07-01;FOR010;PROD050;10;75.98;45.0;804.8;2024-07-16;Recebida;2024-07
COMP00827;2024-07-01;FOR008;PROD051;10;76.6;45.0;811.0;2024-07-16;Recebida;2024-07
COMP00828;2024-07-05;FOR007;PROD052;25;77.93;45.0;1993.25;2024-07-10;Recebida;2024-07
COMP00829;2024-07-02;FOR002;PROD053;26;72.64;45.0;1933.64;2024-07-09;Recebida;2024-07
COMP00830;2024-07-03;FOR011;PROD054;28;29.18;48.28;865.32;2024-07-15;Recebida;2024-07
COMP00831;2024-07-04;FOR015;PROD055;20;37.68;45.0;798.6;2024-07-19;Recebida;2024-07
COMP00832;2024-07-04;FOR005;PROD056;24;67.88;45.0;1674.12;2024-07-24;Recebida;2024-07
COMP00833;2024-07-02;FOR017;PROD057;11;107.06;45.0;1222.66;2024-07-17;Recebida;2024-07
COMP00834;2024-07-01;FOR014;PROD058;18;149.92;45.0;2743.56;2024-07-11;Recebida;2024-07
COMP00835;2024-07-04;FOR016;PROD059;11;54.92;45.0;649.12;2024-07-24;Recebida;2024-07
COMP00836;2024-07-01;FOR003;PROD060;14;88.25;45.0;1280.5;2024-07-08;Recebida;2024-07
COMP00837;2024-07-02;FOR007;PROD061;13;57.36;45.0;790.68;2024-07-07;Recebida;2024-07
COMP00838;2024-07-02;FOR004;PROD062;32;70.96;50.66;2321.38;2024-07-22;Recebida;2024-07
COMP00839;2024-07-03;FOR005;PROD063;10;59.42;45.0;639.2;2024-07-23;Recebida;2024-07
COMP00840;2024-07-03;FOR002;PROD064;19;43.86;45.0;878.34;2024-07-10;Recebida;2024-07
COMP00841;2024-07-03;FOR010;PROD065;18;81.7;45.0;1515.6;2024-07-18;Recebida;2024-07
COMP00842;2024-07-02;FOR018;PROD066;18;73.14;45.0;1361.52;2024-07-07;Recebida;2024-07
COMP00843;2024-07-05;FOR015;PROD067;16;123.13;45.0;2015.08;2024-07-20;Recebida;2024-07
COMP00844;2024-07-01;FOR014;PROD068;10;79.46;45.0;839.6;2024-07-11;Recebida;2024-07
COMP00845;2024-07-01;FOR011;PROD069;15;88.35;45.0;1370.25;2024-07-13;Recebida;2024-07
COMP00846;2024-07-01;FOR015;PROD071;20;67.63;45.0;1397.6;2024-07-16;Recebida;2024-07
COMP00847;2024-07-02;FOR005;PROD073;26;45.39;45.0;1225.14;2024-07-22;Recebida;2024-07
COMP00848;2024-07-03;FOR017;PROD074;17;67.6;45.0;1194.2;2024-07-18;Recebida;2024-07
COMP00849;2024-07-01;FOR011;PROD075;13;79.43;45.0;1077.59;2024-07-13;Recebida;2024-07
COMP00850;2024-07-03;FOR002;PROD076;12;154.81;45.0;1902.72;2024-07-10;Recebida;2024-07
COMP00851;2024-07-02;FOR018;PROD077;16;72.3;45.0;1201.8;2024-07-07;Recebida;2024-07
COMP00852;2024-07-01;FOR011;PROD078;10;77.49;45.0;819.9;2024-07-13;Recebida;2024-07
COMP00853;2024-07-03;FOR014;PROD079;15;67.41;45.0;1056.15;2024-07-13;Recebida;2024-07
COMP00854;2024-07-01;FOR001;PROD080;13;51.65;45.0;716.45;2024-07-16;Recebida;2024-07
COMP00855;2024-08-01;FOR017;PROD001;22;30.2;45.0;709.4;2024-08-16;Recebida;2024-08
COMP00856;2024-08-05;FOR009;PROD002;10;59.61;45.0;641.1;2024-08-15;Recebida;2024-08
COMP00857;2024-08-03;FOR017;PROD003;11;86.45;45.0;995.95;2024-08-18;Recebida;2024-08
COMP00858;2024-08-02;FOR009;PROD004;10;139.98;45.0;1444.8;2024-08-12;Recebida;2024-08
COMP00859;2024-08-01;FOR009;PROD005;10;49.49;45.0;539.9;2024-08-11;Recebida;2024-08
COMP00860;2024-08-03;FOR009;PROD006;10;63.79;45.0;682.9;2024-08-13;Recebida;2024-08
COMP00861;2024-08-04;FOR006;PROD007;13;69.67;45.0;950.71;2024-08-09;Recebida;2024-08
COMP00862;2024-08-01;FOR004;PROD008;16;80.01;45.0;1325.16;2024-08-21;Recebida;2024-08
COMP00863;2024-08-05;FOR015;PROD009;16;22.52;45.0;405.32;2024-08-20;Recebida;2024-08
COMP00864;2024-08-01;FOR003;PROD010;22;56.03;45.0;1277.66;2024-08-08;Recebida;2024-08
COMP00865;2024-08-05;FOR015;PROD011;19;68.4;45.0;1344.6;2024-08-20;Recebida;2024-08
COMP00866;2024-08-03;FOR007;PROD012;10;97.12;45.0;1016.2;2024-08-08;Recebida;2024-08
COMP00867;2024-08-01;FOR018;PROD013;10;108.28;45.0;1127.8;2024-08-06;Recebida;2024-08
COMP00868;2024-08-01;FOR006;PROD014;10;48.19;45.0;526.9;2024-08-06;Recebida;2024-08
COMP00869;2024-08-04;FOR004;PROD015;10;73.97;45.0;784.7;2024-08-24;Recebida;2024-08
COMP00870;2024-08-01;FOR008;PROD016;10;67.53;45.0;720.3;2024-08-16;Recebida;2024-08
COMP00871;2024-08-04;FOR014;PROD017;14;69.3;45.0;1015.2;2024-08-14;Recebida;2024-08
COMP00872;2024-08-05;FOR001;PROD018;17;25.89;45.0;485.13;2024-08-20;Recebida;2024-08
COMP00873;2024-08-04;FOR010;PROD019;19;35.79;45.0;725.01;2024-08-19;Recebida;2024-08
COMP00874;2024-08-02;FOR004;PROD020;12;89.65;45.0;1120.8;2024-08-22;Recebida;2024-08
COMP00875;2024-08-01;FOR004;PROD021;11;73.44;45.0;852.84;2024-08-21;Recebida;2024-08
COMP00876;2024-08-04;FOR015;PROD022;12;139.65;45.0;1720.8;2024-08-19;Recebida;2024-08
COMP00877;2024-08-05;FOR015;PROD023;10;67.5;45.0;720.0;2024-08-20;Recebida;2024-08
COMP00878;2024-08-03;FOR018;PROD024;10;85.04;45.0;895.4;2024-08-08;Recebida;2024-08
COMP00879;2024-08-04;FOR012;PROD025;11;70.02;45.0;815.22;2024-08-11;Recebida;2024-08
COMP00880;2024-08-03;FOR016;PROD026;15;90.63;45.0;1404.45;2024-08-23;Recebida;2024-08
COMP00881;2024-08-01;FOR002;PROD027;10;68.6;45.0;731.0;2024-08-08;Recebida;2024-08
COMP00882;2024-08-02;FOR015;PROD028;21;57.86;45.0;1260.06;2024-08-17;Recebida;2024-08
COMP00883;2024-08-05;FOR014;PROD029;21;74.21;45.0;1603.41;2024-08-15;Recebida;2024-08
COMP00884;2024-08-02;FOR001;PROD030;13;113.4;45.0;1519.2;2024-08-17;Recebida;2024-08
COMP00885;2024-08-01;FOR016;PROD031;19;124.71;45.0;2414.49;2024-08-21;Recebida;2024-08
COMP00886;2024-08-01;FOR004;PROD032;16;51.97;45.0;876.52;2024-08-21;Recebida;2024-08
COMP00887;2024-08-05;FOR016;PROD033;10;86.62;45.0;911.2;2024-08-25;Recebida;2024-08
COMP00888;2024-08-05;FOR002;PROD034;12;56.04;45.0;717.48;2024-08-12;Recebida;2024-08
COMP00889;2024-08-01;FOR008;PROD035;10;76.86;45.0;813.6;2024-08-16;Recebida;2024-08
COMP00890;2024-08-04;FOR004;PROD036;12;36.72;45.0;485.64;2024-08-24;Recebida;2024-08
COMP00891;2024-08-02;FOR006;PROD037;18;49.07;45.0;928.26;2024-08-07;Recebida;2024-08
COMP00892;2024-08-02;FOR016;PROD038;23;70.84;45.0;1674.32;2024-08-22;Recebida;2024-08
COMP00893;2024-08-05;FOR011;PROD039;10;105.18;45.0;1096.8;2024-08-17;Recebida;2024-08
COMP00894;2024-08-02;FOR017;PROD041;13;76.85;45.0;1044.05;2024-08-17;Recebida;2024-08
COMP00895;2024-08-02;FOR009;PROD042;12;78.34;45.0;985.08;2024-08-12;Recebida;2024-08
COMP00896;2024-08-04;FOR002;PROD043;10;88.07;45.0;925.7;2024-08-11;Recebida;2024-08
COMP00897;2024-08-04;FOR001;PROD044;10;59.62;45.0;641.2;2024-08-19;Recebida;2024-08
COMP00898;2024-08-05;FOR017;PROD045;32;28.33;55.11;961.67;2024-08-20;Recebida;2024-08
COMP00899;2024-08-01;FOR001;PROD046;25;54.33;45.0;1403.25;2024-08-16;Recebida;2024-08
COMP00900;2024-08-05;FOR009;PROD047;10;68.31;45.0;728.1;2024-08-15;Recebida;2024-08
COMP00901;2024-08-03;FOR015;PROD048;12;67.86;45.0;859.32;2024-08-18;Recebida;2024-08
COMP00902;2024-08-05;FOR012;PROD049;12;112.53;45.0;1395.36;2024-08-12;Recebida;2024-08
COMP00903;2024-08-01;FOR008;PROD051;10;75.06;45.0;795.6;2024-08-16;Recebida;2024-08
COMP00904;2024-08-04;FOR007;PROD052;12;77.62;45.0;976.44;2024-08-09;Recebida;2024-08
COMP00905;2024-08-04;FOR002;PROD053;15;71.43;45.0;1116.45;2024-08-11;Recebida;2024-08
COMP00906;2024-08-03;FOR011;PROD054;13;28.64;45.0;417.32;2024-08-15;Recebida;2024-08
COMP00907;2024-08-02;FOR015;PROD055;17;37.81;45.0;687.77;2024-08-17;Recebida;2024-08
COMP00908;2024-08-02;FOR005;PROD056;23;68.62;45.0;1623.26;2024-08-22;Recebida;2024-08
COMP00909;2024-08-05;FOR017;PROD057;10;107.16;45.0;1116.6;2024-08-20;Recebida;2024-08
COMP00910;2024-08-03;FOR014;PROD058;10;148.49;45.0;1529.9;2024-08-13;Recebida;2024-08
COMP00911;2024-08-05;FOR016;PROD059;12;54.54;45.0;699.48;2024-08-25;Recebida;2024-08
COMP00912;2024-08-01;FOR003;PROD060;10;88.37;45.0;928.7;2024-08-08;Recebida;2024-08
COMP00913;2024-08-04;FOR007;PROD061;17;57.18;45.0;1017.06;2024-08-09;Recebida;2024-08
COMP00914;2024-08-02;FOR004;PROD062;22;71.12;45.0;1609.64;2024-08-22;Recebida;2024-08
COMP00915;2024-08-03;FOR005;PROD063;20;60.97;45.0;1264.4;2024-08-23;Recebida;2024-08
COMP00916;2024-08-05;FOR002;PROD064;26;43.07;45.0;1164.82;2024-08-12;Recebida;2024-08
COMP00917;2024-08-01;FOR010;PROD065;26;81.23;45.0;2156.98;2024-08-16;Recebida;2024-08
COMP00918;2024-08-04;FOR018;PROD066;22;73.06;45.0;1652.32;2024-08-09;Recebida;2024-08
COMP00919;2024-08-05;FOR015;PROD067;10;122.55;45.0;1270.5;2024-08-20;Recebida;2024-08
COMP00920;2024-08-01;FOR014;PROD068;10;77.27;45.0;817.7;2024-08-11;Recebida;2024-08
COMP00921;2024-08-05;FOR011;PROD069;10;88.74;45.0;932.4;2024-08-17;Recebida;2024-08
COMP00922;2024-08-01;FOR012;PROD070;14;91.56;45.0;1326.84;2024-08-08;Recebida;2024-08
COMP00923;2024-08-05;FOR015;PROD071;10;65.88;45.0;703.8;2024-08-20;Recebida;2024-08
COMP00924;2024-08-01;FOR014;PROD072;20;25.44;45.0;553.8;2024-08-11;Recebida;2024-08
COMP00925;2024-08-05;FOR005;PROD073;19;46.16;45.0;922.04;2024-08-25;Recebida;2024-08
COMP00926;2024-08-03;FOR017;PROD074;23;67.12;45.0;1588.76;2024-08-18;Recebida;2024-08
COMP00927;2024-08-01;FOR011;PROD075;11;79.17;45.0;915.87;2024-08-13;Recebida;2024-08
COMP00928;2024-08-01;FOR002;PROD076;12;152.21;45.0;1871.52;2024-08-08;Recebida;2024-08
COMP00929;2024-08-02;FOR018;PROD077;10;73.89;45.0;783.9;2024-08-07;Recebida;2024-08
COMP00930;2024-08-04;FOR011;PROD078;12;79.1;45.0;994.2;2024-08-16;Recebida;2024-08
COMP00931;2024-08-03;FOR014;PROD079;20;67.61;45.0;1397.2;2024-08-13;Recebida;2024-08
COMP00932;2024-08-01;FOR001;PROD080;16;50.68;45.0;855.88;2024-08-16;Recebida;2024-08
COMP00933;2024-09-04;FOR017;PROD001;18;30.43;45.0;592.74;2024-09-19;Recebida;2024-09
COMP00934;2024-09-02;FOR009;PROD002;10;60.1;45.0;646.0;2024-09-12;Recebida;2024-09
COMP00935;2024-09-01;FOR017;PROD003;15;87.59;45.0;1358.85;2024-09-16;Recebida;2024-09
COMP00936;2024-09-03;FOR009;PROD004;12;139.37;45.0;1717.44;2024-09-13;Recebida;2024-09
COMP00937;2024-09-05;FOR009;PROD005;15;49.65;45.0;789.75;2024-09-15;Recebida;2024-09
COMP00938;2024-09-04;FOR009;PROD006;14;64.34;45.0;945.76;2024-09-14;Recebida;2024-09
COMP00939;2024-09-01;FOR006;PROD007;14;69.95;45.0;1024.3;2024-09-06;Recebida;2024-09
COMP00940;2024-09-04;FOR015;PROD009;27;22.63;45.0;656.01;2024-09-19;Recebida;2024-09
COMP00941;2024-09-04;FOR003;PROD010;19;55.14;45.0;1092.66;2024-09-11;Recebida;2024-09
COMP00942;2024-09-03;FOR015;PROD011;14;68.5;45.0;1004.0;2024-09-18;Recebida;2024-09
COMP00943;2024-09-01;FOR007;PROD012;15;97.63;45.0;1509.45;2024-09-06;Recebida;2024-09
COMP00944;2024-09-01;FOR018;PROD013;10;105.63;45.0;1101.3;2024-09-06;Recebida;2024-09
COMP00945;2024-09-04;FOR006;PROD014;16;47.96;45.0;812.36;2024-09-09;Recebida;2024-09
COMP00946;2024-09-01;FOR004;PROD015;13;75.44;45.0;1025.72;2024-09-21;Recebida;2024-09
COMP00947;2024-09-03;FOR008;PROD016;11;65.97;45.0;770.67;2024-09-18;Recebida;2024-09
COMP00948;2024-09-02;FOR014;PROD017;10;70.04;45.0;745.4;2024-09-12;Recebida;2024-09
COMP00949;2024-09-02;FOR001;PROD018;23;26.37;45.0;651.51;2024-09-17;Recebida;2024-09
COMP00950;2024-09-01;FOR010;PROD019;16;36.83;45.0;634.28;2024-09-16;Recebida;2024-09
COMP00951;2024-09-03;FOR004;PROD020;10;88.58;45.0;930.8;2024-09-23;Recebida;2024-09
COMP00952;2024-09-05;FOR004;PROD021;18;71.02;45.0;1323.36;2024-09-25;Recebida;2024-09
COMP00953;2024-09-04;FOR015;PROD022;15;140.52;45.0;2152.8;2024-09-19;Recebida;2024-09
COMP00954;2024-09-04;FOR015;PROD023;10;67.3;45.0;718.0;2024-09-19;Recebida;2024-09
COMP00955;2024-09-02;FOR018;PROD024;13;86.27;45.0;1166.51;2024-09-07;Recebida;2024-09
COMP00956;2024-09-01;FOR012;PROD025;25;68.99;45.0;1769.75;2024-09-08;Recebida;2024-09
COMP00957;2024-09-02;FOR016;PROD026;11;93.15;45.0;1069.65;2024-09-22;Recebida;2024-09
COMP00958;2024-09-02;FOR002;PROD027;10;68.84;45.0;733.4;2024-09-09;Recebida;2024-09
COMP00959;2024-09-04;FOR015;PROD028;23;58.13;45.0;1381.99;2024-09-19;Recebida;2024-09
COMP00960;2024-09-05;FOR014;PROD029;10;73.07;45.0;775.7;2024-09-15;Recebida;2024-09
COMP00961;2024-09-02;FOR001;PROD030;19;113.82;45.0;2207.58;2024-09-17;Recebida;2024-09
COMP00962;2024-09-04;FOR016;PROD031;10;124.79;45.0;1292.9;2024-09-24;Recebida;2024-09
COMP00963;2024-09-03;FOR004;PROD032;10;51.76;45.0;562.6;2024-09-23;Recebida;2024-09
COMP00964;2024-09-05;FOR016;PROD033;12;87.25;45.0;1092.0;2024-09-25;Recebida;2024-09
COMP00965;2024-09-03;FOR002;PROD034;19;57.22;45.0;1132.18;2024-09-10;Recebida;2024-09
COMP00966;2024-09-04;FOR008;PROD035;12;78.08;45.0;981.96;2024-09-19;Recebida;2024-09
COMP00967;2024-09-01;FOR004;PROD036;11;36.21;45.0;443.31;2024-09-21;Recebida;2024-09
COMP00968;2024-09-05;FOR006;PROD037;19;49.96;45.0;994.24;2024-09-10;Recebida;2024-09
COMP00969;2024-09-01;FOR016;PROD038;18;71.27;45.0;1327.86;2024-09-21;Recebida;2024-09
COMP00970;2024-09-03;FOR011;PROD039;17;102.69;45.0;1790.73;2024-09-15;Recebida;2024-09
COMP00971;2024-09-05;FOR002;PROD040;13;116.65;45.0;1561.45;2024-09-12;Recebida;2024-09
COMP00972;2024-09-04;FOR017;PROD041;15;78.09;45.0;1216.35;2024-09-19;Recebida;2024-09
COMP00973;2024-09-01;FOR009;PROD042;23;79.42;45.0;1871.66;2024-09-11;Recebida;2024-09
COMP00974;2024-09-01;FOR002;PROD043;10;87.01;45.0;915.1;2024-09-08;Recebida;2024-09
COMP00975;2024-09-02;FOR001;PROD044;10;59.07;45.0;635.7;2024-09-17;Recebida;2024-09
COMP00976;2024-09-04;FOR017;PROD045;25;29.02;45.0;770.5;2024-09-19;Recebida;2024-09
COMP00977;2024-09-04;FOR001;PROD046;23;53.56;45.0;1276.88;2024-09-19;Recebida;2024-09
COMP00978;2024-09-04;FOR009;PROD047;26;69.7;45.0;1857.2;2024-09-14;Recebida;2024-09
COMP00979;2024-09-02;FOR015;PROD048;13;66.98;45.0;915.74;2024-09-17;Recebida;2024-09
COMP00980;2024-09-03;FOR010;PROD050;15;75.82;45.0;1182.3;2024-09-18;Recebida;2024-09
COMP00981;2024-09-04;FOR008;PROD051;13;75.22;45.0;1022.86;2024-09-19;Recebida;2024-09
COMP00982;2024-09-02;FOR007;PROD052;20;78.16;45.0;1608.2;2024-09-07;Recebida;2024-09
COMP00983;2024-09-05;FOR002;PROD053;16;71.82;45.0;1194.12;2024-09-12;Recebida;2024-09
COMP00984;2024-09-04;FOR011;PROD054;26;28.55;45.0;787.3;2024-09-16;Recebida;2024-09
COMP00985;2024-09-03;FOR015;PROD055;28;36.76;45.0;1074.28;2024-09-18;Recebida;2024-09
COMP00986;2024-09-02;FOR005;PROD056;22;69.1;45.0;1565.2;2024-09-22;Recebida;2024-09
COMP00987;2024-09-01;FOR017;PROD057;20;106.61;45.0;2177.2;2024-09-16;Recebida;2024-09
COMP00988;2024-09-03;FOR014;PROD058;10;146.56;45.0;1510.6;2024-09-13;Recebida;2024-09
COMP00989;2024-09-03;FOR016;PROD059;22;54.6;45.0;1246.2;2024-09-23;Recebida;2024-09
COMP00990;2024-09-03;FOR003;PROD060;13;86.18;45.0;1165.34;2024-09-10;Recebida;2024-09
COMP00991;2024-09-01;FOR007;PROD061;15;58.27;45.0;919.05;2024-09-06;Recebida;2024-09
COMP00992;2024-09-04;FOR004;PROD062;11;71.34;45.0;829.74;2024-09-24;Recebida;2024-09
COMP00993;2024-09-05;FOR005;PROD063;15;59.71;45.0;940.65;2024-09-25;Recebida;2024-09
COMP00994;2024-09-04;FOR002;PROD064;32;43.09;45.0;1423.88;2024-09-11;Recebida;2024-09
COMP00995;2024-09-04;FOR010;PROD065;20;83.62;45.0;1717.4;2024-09-19;Recebida;2024-09
COMP00996;2024-09-03;FOR018;PROD066;16;71.55;45.0;1189.8;2024-09-08;Recebida;2024-09
COMP00997;2024-09-01;FOR014;PROD068;19;78.59;45.0;1538.21;2024-09-11;Recebida;2024-09
COMP00998;2024-09-01;FOR011;PROD069;11;87.61;45.0;1008.71;2024-09-13;Recebida;2024-09
COMP00999;2024-09-05;FOR012;PROD070;11;92.48;45.0;1062.28;2024-09-12;Recebida;2024-09
COMP01000;2024-09-01;FOR015;PROD071;17;67.7;45.0;1195.9;2024-09-16;Recebida;2024-09
COMP01001;2024-09-03;FOR014;PROD072;10;25.16;45.0;296.6;2024-09-13;Recebida;2024-09
COMP01002;2024-09-02;FOR005;PROD073;23;45.61;45.0;1094.03;2024-09-22;Recebida;2024-09
COMP01003;2024-09-02;FOR017;PROD074;18;68.1;45.0;1270.8;2024-09-17;Recebida;2024-09
COMP01004;2024-09-04;FOR011;PROD075;27;80.98;45.0;2231.46;2024-09-16;Recebida;2024-09
COMP01005;2024-09-04;FOR018;PROD077;10;72.49;45.0;769.9;2024-09-09;Recebida;2024-09
COMP01006;2024-09-04;FOR011;PROD078;11;77.7;45.0;899.7;2024-09-16;Recebida;2024-09
COMP01007;2024-09-02;FOR014;PROD079;15;68.06;45.0;1065.9;2024-09-12;Recebida;2024-09
COMP01008;2024-09-01;FOR001;PROD080;10;50.93;45.0;554.3;2024-09-16;Recebida;2024-09
COMP01009;2024-10-02;FOR017;PROD001;23;30.53;45.0;747.19;2024-10-17;Recebida;2024-10
COMP01010;2024-10-03;FOR009;PROD002;12;59.22;45.0;755.64;2024-10-13;Recebida;2024-10
COMP01011;2024-10-05;FOR017;PROD003;17;87.92;45.0;1539.64;2024-10-20;Recebida;2024-10
COMP01012;2024-10-04;FOR009;PROD004;18;137.49;45.0;2519.82;2024-10-14;Recebida;2024-10
COMP01013;2024-10-02;FOR009;PROD005;20;50.28;45.0;1050.6;2024-10-12;Recebida;2024-10
COMP01014;2024-10-03;FOR009;PROD006;10;63.94;45.0;684.4;2024-10-13;Recebida;2024-10
COMP01015;2024-10-03;FOR006;PROD007;14;68.46;45.0;1003.44;2024-10-08;Recebida;2024-10
COMP01016;2024-10-02;FOR004;PROD008;10;81.57;45.0;860.7;2024-10-22;Recebida;2024-10
COMP01017;2024-10-02;FOR015;PROD009;21;22.56;45.0;518.76;2024-10-17;Recebida;2024-10
COMP01018;2024-10-01;FOR003;PROD010;44;55.5;57.33;2499.33;2024-10-08;Recebida;2024-10
COMP01019;2024-10-01;FOR015;PROD011;17;68.72;45.0;1213.24;2024-10-16;Recebida;2024-10
COMP01020;2024-10-01;FOR007;PROD012;20;98.16;45.0;2008.2;2024-10-06;Recebida;2024-10
COMP01021;2024-10-05;FOR018;PROD013;14;106.2;45.0;1531.8;2024-10-10;Recebida;2024-10
COMP01022;2024-10-02;FOR006;PROD014;19;48.76;45.0;971.44;2024-10-07;Recebida;2024-10
COMP01023;2024-10-02;FOR004;PROD015;16;75.37;45.0;1250.92;2024-10-22;Recebida;2024-10
COMP01024;2024-10-03;FOR008;PROD016;16;66.37;45.0;1106.92;2024-10-18;Recebida;2024-10
COMP01025;2024-10-01;FOR001;PROD018;19;25.82;45.0;535.58;2024-10-16;Recebida;2024-10
COMP01026;2024-10-03;FOR010;PROD019;21;36.11;45.0;803.31;2024-10-18;Recebida;2024-10
COMP01027;2024-10-01;FOR004;PROD020;13;90.25;45.0;1218.25;2024-10-21;Recebida;2024-10
COMP01028;2024-10-03;FOR004;PROD021;26;71.6;45.95;1907.55;2024-10-23;Recebida;2024-10
COMP01029;2024-10-05;FOR015;PROD023;15;66.91;45.0;1048.65;2024-10-20;Recebida;2024-10
COMP01030;2024-10-05;FOR018;PROD024;23;85.37;45.0;2008.51;2024-10-10;Recebida;2024-10
COMP01031;2024-10-02;FOR012;PROD025;20;68.46;45.0;1414.2;2024-10-09;Recebida;2024-10
COMP01032;2024-10-02;FOR016;PROD026;19;91.87;45.0;1790.53;2024-10-22;Recebida;2024-10
COMP01033;2024-10-03;FOR002;PROD027;16;68.5;45.0;1141.0;2024-10-10;Recebida;2024-10
COMP01034;2024-10-01;FOR015;PROD028;28;57.07;45.01;1642.97;2024-10-16;Recebida;2024-10
COMP01035;2024-10-03;FOR014;PROD029;12;72.68;45.0;917.16;2024-10-13;Recebida;2024-10
COMP01036;2024-10-02;FOR001;PROD030;27;113.56;45.0;3111.12;2024-10-17;Recebida;2024-10
COMP01037;2024-10-05;FOR016;PROD031;10;123.25;45.0;1277.5;2024-10-25;Recebida;2024-10
COMP01038;2024-10-03;FOR004;PROD032;13;51.4;45.0;713.2;2024-10-23;Recebida;2024-10
COMP01039;2024-10-01;FOR016;PROD033;12;88.77;45.0;1110.24;2024-10-21;Recebida;2024-10
COMP01040;2024-10-04;FOR002;PROD034;11;56.25;45.0;663.75;2024-10-11;Recebida;2024-10
COMP01041;2024-10-02;FOR008;PROD035;10;76.83;45.0;813.3;2024-10-17;Recebida;2024-10
COMP01042;2024-10-03;FOR004;PROD036;16;36.55;45.0;629.8;2024-10-23;Recebida;2024-10
COMP01043;2024-10-03;FOR006;PROD037;25;50.61;45.0;1310.25;2024-10-08;Recebida;2024-10
COMP01044;2024-10-03;FOR016;PROD038;14;71.04;45.0;1039.56;2024-10-23;Recebida;2024-10
COMP01045;2024-10-05;FOR011;PROD039;14;102.87;45.0;1485.18;2024-10-17;Recebida;2024-10
COMP01046;2024-10-03;FOR017;PROD041;16;77.51;45.0;1285.16;2024-10-18;Recebida;2024-10
COMP01047;2024-10-04;FOR009;PROD042;19;79.88;45.0;1562.72;2024-10-14;Recebida;2024-10
COMP01048;2024-10-01;FOR002;PROD043;11;87.31;45.0;1005.41;2024-10-08;Recebida;2024-10
COMP01049;2024-10-02;FOR001;PROD044;10;60.59;45.0;650.9;2024-10-17;Recebida;2024-10
COMP01050;2024-10-02;FOR017;PROD045;32;28.66;45.0;962.12;2024-10-17;Recebida;2024-10
COMP01051;2024-10-02;FOR001;PROD046;37;54.42;50.23;2063.77;2024-10-17;Recebida;2024-10
COMP01052;2024-10-04;FOR009;PROD047;10;69.31;45.0;738.1;2024-10-14;Recebida;2024-10
COMP01053;2024-10-02;FOR015;PROD048;16;67.0;45.0;1117.0;2024-10-17;Recebida;2024-10
COMP01054;2024-10-03;FOR012;PROD049;10;112.29;45.0;1167.9;2024-10-10;Recebida;2024-10
COMP01055;2024-10-03;FOR010;PROD050;19;75.16;45.0;1473.04;2024-10-18;Recebida;2024-10
COMP01056;2024-10-04;FOR008;PROD051;15;75.11;45.0;1171.65;2024-10-19;Recebida;2024-10
COMP01057;2024-10-02;FOR007;PROD052;16;76.41;45.0;1267.56;2024-10-07;Recebida;2024-10
COMP01058;2024-10-03;FOR002;PROD053;12;73.26;45.0;924.12;2024-10-10;Recebida;2024-10
COMP01059;2024-10-02;FOR011;PROD054;25;28.72;45.0;763.0;2024-10-14;Recebida;2024-10
COMP01060;2024-10-01;FOR015;PROD055;27;36.85;46.97;1041.92;2024-10-16;Recebida;2024-10
COMP01061;2024-10-04;FOR005;PROD056;20;67.39;45.0;1392.8;2024-10-24;Recebida;2024-10
COMP01062;2024-10-05;FOR017;PROD057;15;106.04;45.0;1635.6;2024-10-20;Recebida;2024-10
COMP01063;2024-10-01;FOR014;PROD058;11;147.54;45.0;1667.94;2024-10-11;Recebida;2024-10
COMP01064;2024-10-05;FOR016;PROD059;19;54.35;45.0;1077.65;2024-10-25;Recebida;2024-10
COMP01065;2024-10-02;FOR003;PROD060;10;87.39;45.0;918.9;2024-10-09;Recebida;2024-10
COMP01066;2024-10-04;FOR007;PROD061;10;57.39;45.0;618.9;2024-10-09;Recebida;2024-10
COMP01067;2024-10-04;FOR004;PROD062;17;71.27;45.0;1256.59;2024-10-24;Recebida;2024-10
COMP01068;2024-10-05;FOR005;PROD063;16;60.91;45.0;1019.56;2024-10-25;Recebida;2024-10
COMP01069;2024-10-02;FOR002;PROD064;29;43.39;45.0;1303.31;2024-10-09;Recebida;2024-10
COMP01070;2024-10-01;FOR010;PROD065;31;81.94;45.0;2585.14;2024-10-16;Recebida;2024-10
COMP01071;2024-10-03;FOR018;PROD066;28;73.21;45.0;2094.88;2024-10-08;Recebida;2024-10
COMP01072;2024-10-01;FOR014;PROD068;15;77.25;45.0;1203.75;2024-10-11;Recebida;2024-10
COMP01073;2024-10-04;FOR011;PROD069;17;87.14;45.0;1526.38;2024-10-16;Recebida;2024-10
COMP01074;2024-10-01;FOR015;PROD071;10;66.38;45.0;708.8;2024-10-16;Recebida;2024-10
COMP01075;2024-10-01;FOR014;PROD072;10;24.92;45.0;294.2;2024-10-11;Recebida;2024-10
COMP01076;2024-10-01;FOR005;PROD073;22;46.56;45.0;1069.32;2024-10-21;Recebida;2024-10
COMP01077;2024-10-03;FOR017;PROD074;18;67.62;45.0;1262.16;2024-10-18;Recebida;2024-10
COMP01078;2024-10-03;FOR011;PROD075;21;80.42;45.0;1733.82;2024-10-15;Recebida;2024-10
COMP01079;2024-10-01;FOR002;PROD076;10;153.76;45.0;1582.6;2024-10-08;Recebida;2024-10
COMP01080;2024-10-04;FOR018;PROD077;10;72.07;45.0;765.7;2024-10-09;Recebida;2024-10
COMP01081;2024-10-05;FOR011;PROD078;12;77.04;45.0;969.48;2024-10-17;Recebida;2024-10
COMP01082;2024-10-04;FOR014;PROD079;10;67.67;45.0;721.7;2024-10-14;Recebida;2024-10
COMP01083;2024-11-01;FOR017;PROD001;26;30.11;45.0;827.86;2024-11-16;Recebida;2024-11
COMP01084;2024-11-03;FOR009;PROD002;10;60.14;45.0;646.4;2024-11-13;Recebida;2024-11
COMP01085;2024-11-01;FOR017;PROD003;21;86.61;45.0;1863.81;2024-11-16;Recebida;2024-11
COMP01086;2024-11-04;FOR009;PROD004;16;138.38;45.0;2259.08;2024-11-14;Recebida;2024-11
COMP01087;2024-11-03;FOR009;PROD005;30;48.82;45.0;1509.6;2024-11-13;Recebida;2024-11
COMP01088;2024-11-04;FOR009;PROD006;22;63.85;45.0;1449.7;2024-11-14;Recebida;2024-11
COMP01089;2024-11-03;FOR006;PROD007;11;69.86;45.0;813.46;2024-11-08;Recebida;2024-11
COMP01090;2024-11-03;FOR004;PROD008;10;79.3;45.0;838.0;2024-11-23;Recebida;2024-11
COMP01091;2024-11-05;FOR015;PROD009;47;22.65;46.78;1111.33;2024-11-20;Recebida;2024-11
COMP01092;2024-11-05;FOR003;PROD010;40;55.72;50.24;2279.04;2024-11-12;Recebida;2024-11
COMP01093;2024-11-05;FOR015;PROD011;10;69.98;45.0;744.8;2024-11-20;Recebida;2024-11
COMP01094;2024-11-04;FOR007;PROD012;21;97.95;45.0;2101.95;2024-11-09;Recebida;2024-11
COMP01095;2024-11-03;FOR018;PROD013;10;105.68;45.0;1101.8;2024-11-08;Recebida;2024-11
COMP01096;2024-11-04;FOR006;PROD014;17;48.21;45.0;864.57;2024-11-09;Recebida;2024-11
COMP01097;2024-11-03;FOR004;PROD015;18;74.79;45.0;1391.22;2024-11-23;Recebida;2024-11
COMP01098;2024-11-05;FOR008;PROD016;10;67.54;45.0;720.4;2024-11-20;Recebida;2024-11
COMP01099;2024-11-04;FOR014;PROD017;13;69.89;45.0;953.57;2024-11-14;Recebida;2024-11
COMP01100;2024-11-05;FOR001;PROD018;39;25.65;51.98;1052.33;2024-11-20;Recebida;2024-11
COMP01101;2024-11-02;FOR010;PROD019;38;36.19;65.25;1440.47;2024-11-17;Recebida;2024-11
COMP01102;2024-11-01;FOR004;PROD020;12;89.28;45.0;1116.36;2024-11-21;Recebida;2024-11
COMP01103;2024-11-04;FOR004;PROD021;19;72.87;45.0;1429.53;2024-11-24;Recebida;2024-11
COMP01104;2024-11-01;FOR015;PROD022;14;137.93;45.0;1976.02;2024-11-16;Recebida;2024-11
COMP01105;2024-11-03;FOR015;PROD023;20;65.9;45.0;1363.0;2024-11-18;Recebida;2024-11
COMP01106;2024-11-03;FOR018;PROD024;13;86.47;45.0;1169.11;2024-11-08;Recebida;2024-11
COMP01107;2024-11-05;FOR012;PROD025;14;69.29;45.0;1015.06;2024-11-12;Recebida;2024-11
COMP01108;2024-11-03;FOR016;PROD026;10;90.81;45.0;953.1;2024-11-23;Recebida;2024-11
COMP01109;2024-11-04;FOR002;PROD027;21;67.19;45.0;1455.99;2024-11-11;Recebida;2024-11
COMP01110;2024-11-01;FOR015;PROD028;29;57.92;45.0;1724.68;2024-11-16;Recebida;2024-11
COMP01111;2024-11-02;FOR014;PROD029;17;74.25;45.0;1307.25;2024-11-12;Recebida;2024-11
COMP01112;2024-11-03;FOR001;PROD030;28;114.76;45.0;3258.28;2024-11-18;Recebida;2024-11
COMP01113;2024-11-05;FOR016;PROD031;10;125.04;45.0;1295.4;2024-11-25;Recebida;2024-11
COMP01114;2024-11-01;FOR004;PROD032;10;51.71;45.0;562.1;2024-11-21;Recebida;2024-11
COMP01115;2024-11-02;FOR016;PROD033;10;88.05;45.0;925.5;2024-11-22;Recebida;2024-11
COMP01116;2024-11-01;FOR002;PROD034;13;57.59;45.0;793.67;2024-11-08;Recebida;2024-11
COMP01117;2024-11-04;FOR008;PROD035;12;76.33;45.0;960.96;2024-11-19;Recebida;2024-11
COMP01118;2024-11-04;FOR004;PROD036;22;36.29;45.0;843.38;2024-11-24;Recebida;2024-11
COMP01119;2024-11-05;FOR006;PROD037;25;50.06;45.0;1296.5;2024-11-10;Recebida;2024-11
COMP01120;2024-11-05;FOR016;PROD038;20;71.86;45.0;1482.2;2024-11-25;Recebida;2024-11
COMP01121;2024-11-01;FOR011;PROD039;19;103.01;45.0;2002.19;2024-11-13;Recebida;2024-11
COMP01122;2024-11-02;FOR002;PROD040;10;114.41;45.0;1189.1;2024-11-09;Recebida;2024-11
COMP01123;2024-11-01;FOR017;PROD041;16;78.28;45.0;1297.48;2024-11-16;Recebida;2024-11
COMP01124;2024-11-03;FOR009;PROD042;22;79.9;45.0;1802.8;2024-11-13;Recebida;2024-11
COMP01125;2024-11-05;FOR002;PROD043;10;88.83;45.0;933.3;2024-11-12;Recebida;2024-11
COMP01126;2024-11-02;FOR001;PROD044;18;59.84;45.0;1122.12;2024-11-17;Recebida;2024-11
COMP01127;2024-11-01;FOR017;PROD045;45;28.76;61.35;1355.55;2024-11-16;Recebida;2024-11
COMP01128;2024-11-03;FOR001;PROD046;35;53.61;56.83;1933.18;2024-11-18;Recebida;2024-11
COMP01129;2024-11-01;FOR009;PROD047;15;69.36;45.0;1085.4;2024-11-11;Recebida;2024-11
COMP01130;2024-11-03;FOR015;PROD048;26;66.55;45.0;1775.3;2024-11-18;Recebida;2024-11
COMP01131;2024-11-03;FOR010;PROD050;20;77.74;45.0;1599.8;2024-11-18;Recebida;2024-11
COMP01132;2024-11-05;FOR008;PROD051;17;75.35;45.0;1325.95;2024-11-20;Recebida;2024-11
COMP01133;2024-11-05;FOR007;PROD052;19;77.45;45.0;1516.55;2024-11-10;Recebida;2024-11
COMP01134;2024-11-01;FOR002;PROD053;12;73.27;45.0;924.24;2024-11-08;Recebida;2024-11
COMP01135;2024-11-03;FOR011;PROD054;45;28.64;79.99;1368.79;2024-11-15;Recebida;2024-11
COMP01136;2024-11-03;FOR015;PROD055;28;37.4;48.46;1095.66;2024-11-18;Recebida;2024-11
COMP01137;2024-11-03;FOR005;PROD056;19;67.7;45.0;1331.3;2024-11-23;Recebida;2024-11
COMP01138;2024-11-05;FOR017;PROD057;22;105.19;45.0;2359.18;2024-11-20;Recebida;2024-11
COMP01139;2024-11-04;FOR014;PROD058;11;148.5;45.0;1678.5;2024-11-14;Recebida;2024-11
COMP01140;2024-11-05;FOR016;PROD059;18;54.02;45.0;1017.36;2024-11-25;Recebida;2024-11
COMP01141;2024-11-02;FOR003;PROD060;22;88.45;45.0;1990.9;2024-11-09;Recebida;2024-11
COMP01142;2024-11-03;FOR007;PROD061;12;57.38;45.0;733.56;2024-11-08;Recebida;2024-11
COMP01143;2024-11-04;FOR004;PROD062;19;70.47;45.0;1383.93;2024-11-24;Recebida;2024-11
COMP01144;2024-11-01;FOR005;PROD063;34;60.55;51.74;2110.44;2024-11-21;Recebida;2024-11
COMP01145;2024-11-05;FOR002;PROD064;42;43.29;58.13;1876.31;2024-11-12;Recebida;2024-11
COMP01146;2024-11-04;FOR010;PROD065;23;82.22;45.0;1936.06;2024-11-19;Recebida;2024-11
COMP01147;2024-11-04;FOR018;PROD066;40;73.04;45.0;2966.6;2024-11-09;Recebida;2024-11
COMP01148;2024-11-01;FOR015;PROD067;10;124.27;45.0;1287.7;2024-11-16;Recebida;2024-11
COMP01149;2024-11-02;FOR014;PROD068;19;77.48;45.0;1517.12;2024-11-12;Recebida;2024-11
COMP01150;2024-11-03;FOR011;PROD069;22;88.73;45.0;1997.06;2024-11-15;Recebida;2024-11
COMP01151;2024-11-04;FOR012;PROD070;13;94.05;45.0;1267.65;2024-11-11;Recebida;2024-11
COMP01152;2024-11-01;FOR015;PROD071;13;65.83;45.0;900.79;2024-11-16;Recebida;2024-11
COMP01153;2024-11-03;FOR014;PROD072;14;25.38;45.0;400.32;2024-11-13;Recebida;2024-11
COMP01154;2024-11-05;FOR005;PROD073;40;46.45;45.0;1903.0;2024-11-25;Recebida;2024-11
COMP01155;2024-11-03;FOR017;PROD074;14;67.1;45.0;984.4;2024-11-18;Recebida;2024-11
COMP01156;2024-11-03;FOR011;PROD075;28;80.95;45.0;2311.6;2024-11-15;Recebida;2024-11
COMP01157;2024-11-04;FOR018;PROD077;17;72.35;45.0;1274.95;2024-11-09;Recebida;2024-11
COMP01158;2024-11-02;FOR011;PROD078;23;78.93;45.0;1860.39;2024-11-14;Recebida;2024-11
COMP01159;2024-11-01;FOR014;PROD079;18;67.4;45.0;1258.2;2024-11-11;Recebida;2024-11
COMP01160;2024-11-02;FOR001;PROD080;14;50.45;45.0;751.3;2024-11-17;Recebida;2024-11
COMP01161;2024-12-03;FOR017;PROD001;24;30.17;45.0;769.08;2024-12-18;Recebida;2024-12
COMP01162;2024-12-01;FOR009;PROD002;10;59.57;45.0;640.7;2024-12-11;Recebida;2024-12
COMP01163;2024-12-01;FOR017;PROD003;27;88.6;45.0;2437.2;2024-12-16;Recebida;2024-12
COMP01164;2024-12-02;FOR009;PROD004;13;140.87;45.0;1876.31;2024-12-12;Recebida;2024-12
COMP01165;2024-12-02;FOR009;PROD005;26;49.18;45.0;1323.68;2024-12-12;Recebida;2024-12
COMP01166;2024-12-05;FOR009;PROD006;21;65.23;45.0;1414.83;2024-12-15;Recebida;2024-12
COMP01167;2024-12-04;FOR006;PROD007;21;67.87;45.0;1470.27;2024-12-09;Recebida;2024-12
COMP01168;2024-12-02;FOR004;PROD008;10;81.02;45.0;855.2;2024-12-22;Recebida;2024-12
COMP01169;2024-12-04;FOR015;PROD009;41;22.3;63.29;977.59;2024-12-19;Recebida;2024-12
COMP01170;2024-12-02;FOR003;PROD010;48;55.66;73.97;2745.65;2024-12-09;Recebida;2024-12
COMP01171;2024-12-03;FOR015;PROD011;12;69.8;45.0;882.6;2024-12-18;Recebida;2024-12
COMP01172;2024-12-01;FOR007;PROD012;20;96.7;45.0;1979.0;2024-12-06;Recebida;2024-12
COMP01173;2024-12-04;FOR018;PROD013;10;108.6;45.0;1131.0;2024-12-09;Recebida;2024-12
COMP01174;2024-12-03;FOR006;PROD014;37;48.01;47.4;1823.77;2024-12-08;Recebida;2024-12
COMP01175;2024-12-03;FOR004;PROD015;18;75.18;45.0;1398.24;2024-12-23;Recebida;2024-12
COMP01176;2024-12-03;FOR008;PROD016;10;66.05;45.0;705.5;2024-12-18;Recebida;2024-12
COMP01177;2024-12-05;FOR014;PROD017;18;70.71;45.0;1317.78;2024-12-15;Recebida;2024-12
COMP01178;2024-12-04;FOR001;PROD018;43;26.48;55.57;1194.21;2024-12-19;Recebida;2024-12
COMP01179;2024-12-03;FOR010;PROD019;40;36.58;45.0;1508.2;2024-12-18;Recebida;2024-12
COMP01180;2024-12-05;FOR004;PROD020;13;89.4;45.0;1207.2;2024-12-25;Recebida;2024-12
COMP01181;2024-12-03;FOR004;PROD021;36;72.82;58.29;2679.81;2024-12-23;Recebida;2024-12
COMP01182;2024-12-02;FOR015;PROD022;12;137.82;45.0;1698.84;2024-12-17;Recebida;2024-12
COMP01183;2024-12-01;FOR015;PROD023;21;67.22;45.0;1456.62;2024-12-16;Recebida;2024-12
COMP01184;2024-12-01;FOR018;PROD024;31;84.53;45.0;2665.43;2024-12-06;Recebida;2024-12
COMP01185;2024-12-04;FOR012;PROD025;33;69.36;45.0;2333.88;2024-12-11;Recebida;2024-12
COMP01186;2024-12-02;FOR016;PROD026;10;90.16;45.0;946.6;2024-12-22;Recebida;2024-12
COMP01187;2024-12-04;FOR002;PROD027;23;66.78;45.0;1580.94;2024-12-11;Recebida;2024-12
COMP01188;2024-12-01;FOR015;PROD028;50;58.78;74.54;3013.54;2024-12-16;Recebida;2024-12
COMP01189;2024-12-02;FOR014;PROD029;11;73.48;45.0;853.28;2024-12-12;Recebida;2024-12
COMP01190;2024-12-05;FOR001;PROD030;35;116.62;45.0;4126.7;2024-12-20;Recebida;2024-12
COMP01191;2024-12-01;FOR016;PROD031;10;123.77;45.0;1282.7;2024-12-21;Recebida;2024-12
COMP01192;2024-12-04;FOR004;PROD032;17;50.78;45.0;908.26;2024-12-24;Recebida;2024-12
COMP01193;2024-12-03;FOR016;PROD033;15;88.69;45.0;1375.35;2024-12-23;Recebida;2024-12
COMP01194;2024-12-04;FOR002;PROD034;12;57.21;45.0;731.52;2024-12-11;Recebida;2024-12
COMP01195;2024-12-01;FOR008;PROD035;11;77.82;45.0;901.02;2024-12-16;Recebida;2024-12
COMP01196;2024-12-04;FOR004;PROD036;37;35.87;45.0;1372.19;2024-12-24;Recebida;2024-12
COMP01197;2024-12-02;FOR006;PROD037;38;50.14;63.04;1968.36;2024-12-07;Recebida;2024-12
COMP01198;2024-12-01;FOR016;PROD038;11;71.23;45.0;828.53;2024-12-21;Recebida;2024-12
COMP01199;2024-12-01;FOR011;PROD039;24;105.07;45.0;2566.68;2024-12-13;Recebida;2024-12
COMP01200;2024-12-01;FOR017;PROD041;36;78.2;45.0;2860.2;2024-12-16;Recebida;2024-12
COMP01201;2024-12-01;FOR009;PROD042;33;78.92;46.39;2650.75;2024-12-11;Recebida;2024-12
COMP01202;2024-12-01;FOR002;PROD043;18;89.01;45.0;1647.18;2024-12-08;Recebida;2024-12
COMP01203;2024-12-01;FOR001;PROD044;10;59.25;45.0;637.5;2024-12-16;Recebida;2024-12
COMP01204;2024-12-04;FOR017;PROD045;69;29.05;86.32;2090.77;2024-12-19;Recebida;2024-12
COMP01205;2024-12-05;FOR001;PROD046;47;52.83;81.44;2564.45;2024-12-20;Recebida;2024-12
COMP01206;2024-12-01;FOR009;PROD047;20;68.17;45.0;1408.4;2024-12-11;Recebida;2024-12
COMP01207;2024-12-03;FOR015;PROD048;27;68.26;45.0;1888.02;2024-12-18;Recebida;2024-12
COMP01208;2024-12-02;FOR012;PROD049;15;115.56;45.0;1778.4;2024-12-09;Recebida;2024-12
COMP01209;2024-12-05;FOR010;PROD050;15;76.33;45.0;1189.95;2024-12-20;Recebida;2024-12
COMP01210;2024-12-01;FOR008;PROD051;21;75.7;45.0;1634.7;2024-12-16;Recebida;2024-12
COMP01211;2024-12-04;FOR007;PROD052;26;76.39;45.0;2031.14;2024-12-09;Recebida;2024-12
COMP01212;2024-12-03;FOR002;PROD053;14;71.98;45.0;1052.72;2024-12-10;Recebida;2024-12
COMP01213;2024-12-05;FOR011;PROD054;53;28.48;54.64;1564.08;2024-12-17;Recebida;2024-12
COMP01214;2024-12-01;FOR015;PROD055;33;36.96;53.94;1273.62;2024-12-16;Recebida;2024-12
COMP01215;2024-12-03;FOR005;PROD056;18;68.1;45.0;1270.8;2024-12-23;Recebida;2024-12
COMP01216;2024-12-05;FOR017;PROD057;35;106.76;48.25;3784.85;2024-12-20;Recebida;2024-12
COMP01217;2024-12-04;FOR014;PROD058;14;147.08;45.0;2104.12;2024-12-14;Recebida;2024-12
COMP01218;2024-12-02;FOR016;PROD059;30;54.43;45.0;1677.9;2024-12-22;Recebida;2024-12
COMP01219;2024-12-05;FOR003;PROD060;26;86.6;45.0;2296.6;2024-12-12;Recebida;2024-12
COMP01220;2024-12-05;FOR007;PROD061;20;58.07;45.0;1206.4;2024-12-10;Recebida;2024-12
COMP01221;2024-12-02;FOR004;PROD062;23;71.31;45.0;1685.13;2024-12-22;Recebida;2024-12
COMP01222;2024-12-03;FOR005;PROD063;32;60.6;45.0;1984.2;2024-12-23;Recebida;2024-12
COMP01223;2024-12-05;FOR002;PROD064;35;43.01;45.0;1550.35;2024-12-12;Recebida;2024-12
COMP01224;2024-12-02;FOR010;PROD065;33;82.22;45.0;2758.26;2024-12-17;Recebida;2024-12
COMP01225;2024-12-04;FOR018;PROD066;40;71.29;70.39;2921.99;2024-12-09;Recebida;2024-12
COMP01226;2024-12-01;FOR014;PROD068;26;78.35;45.0;2082.1;2024-12-11;Recebida;2024-12
COMP01227;2024-12-05;FOR011;PROD069;26;88.51;45.0;2346.26;2024-12-17;Recebida;2024-12
COMP01228;2024-12-03;FOR012;PROD070;10;93.97;45.0;984.7;2024-12-10;Recebida;2024-12
COMP01229;2024-12-03;FOR015;PROD071;10;65.73;45.0;702.3;2024-12-18;Recebida;2024-12
COMP01230;2024-12-02;FOR014;PROD072;22;25.64;45.0;609.08;2024-12-12;Recebida;2024-12
COMP01231;2024-12-03;FOR005;PROD073;40;45.84;45.0;1878.6;2024-12-23;Recebida;2024-12
COMP01232;2024-12-04;FOR017;PROD074;33;68.16;56.67;2305.95;2024-12-19;Recebida;2024-12
COMP01233;2024-12-03;FOR011;PROD075;35;79.96;57.35;2855.95;2024-12-15;Recebida;2024-12
COMP01234;2024-12-05;FOR002;PROD076;11;153.45;45.0;1732.95;2024-12-12;Recebida;2024-12
COMP01235;2024-12-03;FOR018;PROD077;10;73.57;45.0;780.7;2024-12-08;Recebida;2024-12
COMP01236;2024-12-05;FOR011;PROD078;16;77.48;45.0;1284.68;2024-12-17;Recebida;2024-12
COMP01237;2024-12-01;FOR014;PROD079;14;66.6;45.0;977.4;2024-12-11;Recebida;2024-12
COMP01238;2025-01-03;FOR017;PROD001;27;32.57;45.0;924.39;2025-01-18;Recebida;2025-01
COMP01239;2025-01-02;FOR009;PROD002;12;63.42;45.0;806.04;2025-01-12;Recebida;2025-01
COMP01240;2025-01-01;FOR017;PROD003;23;93.62;45.0;2198.26;2025-01-16;Recebida;2025-01
COMP01241;2025-01-05;FOR009;PROD004;10;145.18;45.0;1496.8;2025-01-15;Recebida;2025-01
COMP01242;2025-01-03;FOR009;PROD005;20;53.09;45.0;1106.8;2025-01-13;Recebida;2025-01
COMP01243;2025-01-03;FOR009;PROD006;22;66.93;45.0;1517.46;2025-01-13;Recebida;2025-01
COMP01244;2025-01-01;FOR006;PROD007;15;72.89;45.0;1138.35;2025-01-06;Recebida;2025-01
COMP01245;2025-01-03;FOR015;PROD009;16;23.88;45.0;427.08;2025-01-18;Recebida;2025-01
COMP01246;2025-01-02;FOR003;PROD010;41;57.64;62.17;2425.41;2025-01-09;Recebida;2025-01
COMP01247;2025-01-01;FOR015;PROD011;18;74.02;45.0;1377.36;2025-01-16;Recebida;2025-01
COMP01248;2025-01-02;FOR007;PROD012;14;101.06;45.0;1459.84;2025-01-07;Recebida;2025-01
COMP01249;2025-01-03;FOR018;PROD013;13;112.4;45.0;1506.2;2025-01-08;Recebida;2025-01
COMP01250;2025-01-05;FOR006;PROD014;20;51.92;45.0;1083.4;2025-01-10;Recebida;2025-01
COMP01251;2025-01-02;FOR004;PROD015;27;80.07;47.41;2209.3;2025-01-22;Recebida;2025-01
COMP01252;2025-01-03;FOR008;PROD016;10;68.87;45.0;733.7;2025-01-18;Recebida;2025-01
COMP01253;2025-01-02;FOR010;PROD019;22;38.11;45.0;883.42;2025-01-17;Recebida;2025-01
COMP01254;2025-01-01;FOR004;PROD020;14;94.57;45.0;1368.98;2025-01-21;Recebida;2025-01
COMP01255;2025-01-03;FOR004;PROD021;21;76.93;45.0;1660.53;2025-01-23;Recebida;2025-01
COMP01256;2025-01-04;FOR015;PROD022;17;147.38;45.0;2550.46;2025-01-19;Recebida;2025-01
COMP01257;2025-01-05;FOR015;PROD023;19;70.41;45.0;1382.79;2025-01-20;Recebida;2025-01
COMP01258;2025-01-03;FOR018;PROD024;22;88.94;45.0;2001.68;2025-01-08;Recebida;2025-01
COMP01259;2025-01-02;FOR012;PROD025;17;73.73;45.0;1298.41;2025-01-09;Recebida;2025-01
COMP01260;2025-01-01;FOR016;PROD026;11;96.84;45.0;1110.24;2025-01-21;Recebida;2025-01
COMP01261;2025-01-04;FOR002;PROD027;15;72.24;45.0;1128.6;2025-01-11;Recebida;2025-01
COMP01262;2025-01-01;FOR015;PROD028;33;60.86;45.0;2053.38;2025-01-16;Recebida;2025-01
COMP01263;2025-01-04;FOR014;PROD029;19;77.93;45.0;1525.67;2025-01-14;Recebida;2025-01
COMP01264;2025-01-01;FOR001;PROD030;29;121.38;45.0;3565.02;2025-01-16;Recebida;2025-01
COMP01265;2025-01-03;FOR016;PROD031;17;130.23;45.0;2258.91;2025-01-23;Recebida;2025-01
COMP01266;2025-01-02;FOR004;PROD032;18;53.83;45.0;1013.94;2025-01-22;Recebida;2025-01
COMP01267;2025-01-04;FOR016;PROD033;14;92.85;45.0;1344.9;2025-01-24;Recebida;2025-01
COMP01268;2025-01-05;FOR002;PROD034;12;60.11;45.0;766.32;2025-01-12;Recebida;2025-01
COMP01269;2025-01-01;FOR006;PROD037;25;52.37;45.0;1354.25;2025-01-06;Recebida;2025-01
COMP01270;2025-01-02;FOR016;PROD038;18;73.79;45.0;1373.22;2025-01-22;Recebida;2025-01
COMP01271;2025-01-04;FOR011;PROD039;24;109.48;45.0;2672.52;2025-01-16;Recebida;2025-01
COMP01272;2025-01-05;FOR002;PROD040;10;120.8;45.0;1253.0;2025-01-12;Recebida;2025-01
COMP01273;2025-01-04;FOR017;PROD041;17;82.63;45.0;1449.71;2025-01-19;Recebida;2025-01
COMP01274;2025-01-05;FOR009;PROD042;29;83.19;45.0;2457.51;2025-01-15;Recebida;2025-01
COMP01275;2025-01-03;FOR002;PROD043;19;94.32;45.0;1837.08;2025-01-10;Recebida;2025-01
COMP01276;2025-01-04;FOR001;PROD044;17;63.19;45.0;1119.23;2025-01-19;Recebida;2025-01
COMP01277;2025-01-05;FOR001;PROD046;34;56.83;45.0;1977.22;2025-01-20;Recebida;2025-01
COMP01278;2025-01-05;FOR009;PROD047;10;72.1;45.0;766.0;2025-01-15;Recebida;2025-01
COMP01279;2025-01-04;FOR015;PROD048;15;69.76;45.0;1091.4;2025-01-19;Recebida;2025-01
COMP01280;2025-01-03;FOR010;PROD050;18;81.83;45.0;1517.94;2025-01-18;Recebida;2025-01
COMP01281;2025-01-03;FOR008;PROD051;15;81.31;45.0;1264.65;2025-01-18;Recebida;2025-01
COMP01282;2025-01-02;FOR007;PROD052;14;81.27;45.0;1182.78;2025-01-07;Recebida;2025-01
COMP01283;2025-01-05;FOR002;PROD053;16;77.08;45.0;1278.28;2025-01-12;Recebida;2025-01
COMP01284;2025-01-03;FOR011;PROD054;13;30.57;45.0;442.41;2025-01-15;Recebida;2025-01
COMP01285;2025-01-02;FOR015;PROD055;32;39.99;45.0;1324.68;2025-01-17;Recebida;2025-01
COMP01286;2025-01-03;FOR005;PROD056;23;71.62;45.0;1692.26;2025-01-23;Recebida;2025-01
COMP01287;2025-01-04;FOR017;PROD057;20;112.56;45.0;2296.2;2025-01-19;Recebida;2025-01
COMP01288;2025-01-05;FOR016;PROD059;26;57.63;45.0;1543.38;2025-01-25;Recebida;2025-01
COMP01289;2025-01-03;FOR003;PROD060;19;92.37;45.0;1800.03;2025-01-10;Recebida;2025-01
COMP01290;2025-01-05;FOR007;PROD061;22;60.33;45.0;1372.26;2025-01-10;Recebida;2025-01
COMP01291;2025-01-03;FOR004;PROD062;13;75.28;45.0;1023.64;2025-01-23;Recebida;2025-01
COMP01292;2025-01-02;FOR005;PROD063;10;62.54;45.0;670.4;2025-01-22;Recebida;2025-01
COMP01293;2025-01-02;FOR002;PROD064;40;46.33;45.0;1898.2;2025-01-09;Recebida;2025-01
COMP01294;2025-01-01;FOR010;PROD065;27;87.85;45.0;2416.95;2025-01-16;Recebida;2025-01
COMP01295;2025-01-05;FOR018;PROD066;27;75.62;45.0;2086.74;2025-01-10;Recebida;2025-01
COMP01296;2025-01-01;FOR015;PROD067;10;129.2;45.0;1337.0;2025-01-16;Recebida;2025-01
COMP01297;2025-01-01;FOR014;PROD068;17;83.69;45.0;1467.73;2025-01-11;Recebida;2025-01
COMP01298;2025-01-03;FOR011;PROD069;19;92.8;45.0;1808.2;2025-01-15;Recebida;2025-01
COMP01299;2025-01-03;FOR012;PROD070;11;96.56;45.0;1107.16;2025-01-10;Recebida;2025-01
COMP01300;2025-01-04;FOR015;PROD071;10;71.05;45.0;755.5;2025-01-19;Recebida;2025-01
COMP01301;2025-01-02;FOR005;PROD073;33;47.57;45.0;1614.81;2025-01-22;Recebida;2025-01
COMP01302;2025-01-03;FOR017;PROD074;23;71.47;45.0;1688.81;2025-01-18;Recebida;2025-01
COMP01303;2025-01-04;FOR011;PROD075;18;83.38;45.0;1545.84;2025-01-16;Recebida;2025-01
COMP01304;2025-01-01;FOR002;PROD076;10;161.55;45.0;1660.5;2025-01-08;Recebida;2025-01
COMP01305;2025-01-01;FOR018;PROD077;17;77.04;45.0;1354.68;2025-01-06;Recebida;2025-01
COMP01306;2025-01-05;FOR011;PROD078;18;82.32;45.0;1526.76;2025-01-17;Recebida;2025-01
COMP01307;2025-01-05;FOR014;PROD079;15;71.42;45.0;1116.3;2025-01-15;Recebida;2025-01
COMP01308;2025-01-04;FOR001;PROD080;13;52.83;45.0;731.79;2025-01-19;Recebida;2025-01
COMP01309;2025-02-01;FOR017;PROD001;22;32.5;45.0;760.0;2025-02-16;Recebida;2025-02
COMP01310;2025-02-04;FOR009;PROD002;16;62.82;45.0;1050.12;2025-02-14;Recebida;2025-02
COMP01311;2025-02-03;FOR017;PROD003;18;93.1;45.0;1720.8;2025-02-18;Recebida;2025-02
COMP01312;2025-02-02;FOR009;PROD004;19;146.76;45.0;2833.44;2025-02-12;Recebida;2025-02
COMP01313;2025-02-01;FOR009;PROD005;18;52.01;45.0;981.18;2025-02-11;Recebida;2025-02
COMP01314;2025-02-02;FOR009;PROD006;12;69.02;45.0;873.24;2025-02-12;Recebida;2025-02
COMP01315;2025-02-05;FOR006;PROD007;15;72.51;45.0;1132.65;2025-02-10;Recebida;2025-02
COMP01316;2025-02-03;FOR004;PROD008;17;83.27;45.0;1460.59;2025-02-23;Recebida;2025-02
COMP01317;2025-02-04;FOR015;PROD009;22;23.6;45.0;564.2;2025-02-19;Recebida;2025-02
COMP01318;2025-02-01;FOR003;PROD010;40;57.71;58.93;2367.33;2025-02-08;Recebida;2025-02
COMP01319;2025-02-02;FOR015;PROD011;13;73.35;45.0;998.55;2025-02-17;Recebida;2025-02
COMP01320;2025-02-03;FOR007;PROD012;29;103.64;45.99;3051.55;2025-02-08;Recebida;2025-02
COMP01321;2025-02-01;FOR018;PROD013;11;113.87;45.0;1297.57;2025-02-06;Recebida;2025-02
COMP01322;2025-02-02;FOR006;PROD014;18;51.87;45.0;978.66;2025-02-07;Recebida;2025-02
COMP01323;2025-02-01;FOR004;PROD015;10;77.91;45.0;824.1;2025-02-21;Recebida;2025-02
COMP01324;2025-02-01;FOR008;PROD016;11;70.89;45.0;824.79;2025-02-16;Recebida;2025-02
COMP01325;2025-02-05;FOR014;PROD017;16;72.19;45.0;1200.04;2025-02-15;Recebida;2025-02
COMP01326;2025-02-05;FOR001;PROD018;20;27.78;45.0;600.6;2025-02-20;Recebida;2025-02
COMP01327;2025-02-03;FOR010;PROD019;22;38.34;45.0;888.48;2025-02-18;Recebida;2025-02
COMP01328;2025-02-05;FOR004;PROD020;19;94.59;45.0;1842.21;2025-02-25;Recebida;2025-02
COMP01329;2025-02-01;FOR004;PROD021;18;77.13;45.0;1433.34;2025-02-21;Recebida;2025-02
COMP01330;2025-02-03;FOR015;PROD022;10;144.11;45.0;1486.1;2025-02-18;Recebida;2025-02
COMP01331;2025-02-02;FOR015;PROD023;14;69.85;45.0;1022.9;2025-02-17;Recebida;2025-02
COMP01332;2025-02-04;FOR018;PROD024;17;88.91;45.0;1556.47;2025-02-09;Recebida;2025-02
COMP01333;2025-02-05;FOR012;PROD025;20;73.78;45.0;1520.6;2025-02-12;Recebida;2025-02
COMP01334;2025-02-04;FOR016;PROD026;10;97.07;45.0;1015.7;2025-02-24;Recebida;2025-02
COMP01335;2025-02-05;FOR002;PROD027;14;71.33;45.0;1043.62;2025-02-12;Recebida;2025-02
COMP01336;2025-02-03;FOR015;PROD028;28;61.74;45.0;1773.72;2025-02-18;Recebida;2025-02
COMP01337;2025-02-03;FOR014;PROD029;12;76.96;45.0;968.52;2025-02-13;Recebida;2025-02
COMP01338;2025-02-05;FOR001;PROD030;27;123.03;45.0;3366.81;2025-02-20;Recebida;2025-02
COMP01339;2025-02-02;FOR016;PROD031;10;127.89;45.0;1323.9;2025-02-22;Recebida;2025-02
COMP01340;2025-02-03;FOR004;PROD032;16;53.7;45.0;904.2;2025-02-23;Recebida;2025-02
COMP01341;2025-02-05;FOR016;PROD033;15;91.99;45.0;1424.85;2025-02-25;Recebida;2025-02
COMP01342;2025-02-05;FOR002;PROD034;13;59.6;45.0;819.8;2025-02-12;Recebida;2025-02
COMP01343;2025-02-01;FOR008;PROD035;18;81.94;45.0;1519.92;2025-02-16;Recebida;2025-02
COMP01344;2025-02-04;FOR004;PROD036;14;38.66;45.0;586.24;2025-02-24;Recebida;2025-02
COMP01345;2025-02-01;FOR006;PROD037;28;52.46;45.0;1513.88;2025-02-06;Recebida;2025-02
COMP01346;2025-02-05;FOR016;PROD038;18;75.6;45.0;1405.8;2025-02-25;Recebida;2025-02
COMP01347;2025-02-03;FOR011;PROD039;16;109.57;45.0;1798.12;2025-02-15;Recebida;2025-02
COMP01348;2025-02-04;FOR017;PROD041;23;81.86;45.0;1927.78;2025-02-19;Recebida;2025-02
COMP01349;2025-02-01;FOR009;PROD042;24;82.79;45.0;2031.96;2025-02-11;Recebida;2025-02
COMP01350;2025-02-04;FOR002;PROD043;10;92.03;45.0;965.3;2025-02-11;Recebida;2025-02
COMP01351;2025-02-02;FOR001;PROD044;10;62.6;45.0;671.0;2025-02-17;Recebida;2025-02
COMP01352;2025-02-03;FOR017;PROD045;23;29.83;45.0;731.09;2025-02-18;Recebida;2025-02
COMP01353;2025-02-01;FOR001;PROD046;27;56.16;46.8;1563.12;2025-02-16;Recebida;2025-02
COMP01354;2025-02-05;FOR009;PROD047;20;71.85;45.0;1482.0;2025-02-15;Recebida;2025-02
COMP01355;2025-02-04;FOR015;PROD048;23;70.43;45.0;1664.89;2025-02-19;Recebida;2025-02
COMP01356;2025-02-02;FOR012;PROD049;13;118.77;45.0;1589.01;2025-02-09;Recebida;2025-02
COMP01357;2025-02-04;FOR010;PROD050;16;80.51;45.0;1333.16;2025-02-19;Recebida;2025-02
COMP01358;2025-02-01;FOR008;PROD051;17;80.46;45.0;1412.82;2025-02-16;Recebida;2025-02
COMP01359;2025-02-05;FOR007;PROD052;27;80.73;45.0;2224.71;2025-02-10;Recebida;2025-02
COMP01360;2025-02-04;FOR002;PROD053;10;76.37;45.0;808.7;2025-02-11;Recebida;2025-02
COMP01361;2025-02-05;FOR011;PROD054;22;30.19;45.0;709.18;2025-02-17;Recebida;2025-02
COMP01362;2025-02-05;FOR015;PROD055;28;39.8;47.74;1162.14;2025-02-20;Recebida;2025-02
COMP01363;2025-02-04;FOR005;PROD056;20;72.29;45.0;1490.8;2025-02-24;Recebida;2025-02
COMP01364;2025-02-02;FOR017;PROD057;17;109.94;45.0;1913.98;2025-02-17;Recebida;2025-02
COMP01365;2025-02-02;FOR014;PROD058;15;154.1;45.0;2356.5;2025-02-12;Recebida;2025-02
COMP01366;2025-02-01;FOR016;PROD059;15;58.09;45.0;916.35;2025-02-21;Recebida;2025-02
COMP01367;2025-02-02;FOR003;PROD060;17;90.65;45.0;1586.05;2025-02-09;Recebida;2025-02
COMP01368;2025-02-05;FOR007;PROD061;10;60.44;45.0;649.4;2025-02-10;Recebida;2025-02
COMP01369;2025-02-05;FOR004;PROD062;19;75.99;45.0;1488.81;2025-02-25;Recebida;2025-02
COMP01370;2025-02-03;FOR005;PROD063;10;63.58;45.0;680.8;2025-02-23;Recebida;2025-02
COMP01371;2025-02-03;FOR002;PROD064;28;45.04;45.0;1306.12;2025-02-10;Recebida;2025-02
COMP01372;2025-02-05;FOR010;PROD065;22;86.9;45.0;1956.8;2025-02-20;Recebida;2025-02
COMP01373;2025-02-04;FOR018;PROD066;30;75.97;45.0;2324.1;2025-02-09;Recebida;2025-02
COMP01374;2025-02-05;FOR014;PROD068;14;82.96;45.0;1206.44;2025-02-15;Recebida;2025-02
COMP01375;2025-02-05;FOR011;PROD069;21;91.88;45.0;1974.48;2025-02-17;Recebida;2025-02
COMP01376;2025-02-01;FOR015;PROD071;10;69.63;45.0;741.3;2025-02-16;Recebida;2025-02
COMP01377;2025-02-03;FOR014;PROD072;16;26.23;45.0;464.68;2025-02-13;Recebida;2025-02
COMP01378;2025-02-05;FOR005;PROD073;25;48.61;45.0;1260.25;2025-02-25;Recebida;2025-02
COMP01379;2025-02-04;FOR017;PROD074;10;70.79;45.0;752.9;2025-02-19;Recebida;2025-02
COMP01380;2025-02-03;FOR011;PROD075;25;85.77;45.0;2189.25;2025-02-15;Recebida;2025-02
COMP01381;2025-02-05;FOR018;PROD077;13;77.53;45.0;1052.89;2025-02-10;Recebida;2025-02
COMP01382;2025-02-04;FOR011;PROD078;18;83.3;45.0;1544.4;2025-02-16;Recebida;2025-02
COMP01383;2025-02-05;FOR014;PROD079;18;72.22;45.0;1344.96;2025-02-15;Recebida;2025-02
COMP01384;2025-03-05;FOR017;PROD001;20;31.48;45.0;674.6;2025-03-20;Recebida;2025-03
COMP01385;2025-03-01;FOR009;PROD002;10;62.29;45.0;667.9;2025-03-11;Recebida;2025-03
COMP01386;2025-03-05;FOR017;PROD003;10;92.62;45.0;971.2;2025-03-20;Recebida;2025-03
COMP01387;2025-03-03;FOR009;PROD004;14;147.15;45.0;2105.1;2025-03-13;Recebida;2025-03
COMP01388;2025-03-02;FOR009;PROD005;15;52.77;45.0;836.55;2025-03-12;Recebida;2025-03
COMP01389;2025-03-05;FOR009;PROD006;20;68.21;45.0;1409.2;2025-03-15;Recebida;2025-03
COMP01390;2025-03-01;FOR006;PROD007;19;71.73;45.0;1407.87;2025-03-06;Recebida;2025-03
COMP01391;2025-03-04;FOR015;PROD009;16;23.58;45.0;422.28;2025-03-19;Recebida;2025-03
COMP01392;2025-03-03;FOR003;PROD010;26;58.78;45.0;1573.28;2025-03-10;Recebida;2025-03
COMP01393;2025-03-04;FOR015;PROD011;17;73.1;45.0;1287.7;2025-03-19;Recebida;2025-03
COMP01394;2025-03-03;FOR007;PROD012;13;103.55;45.0;1391.15;2025-03-08;Recebida;2025-03
COMP01395;2025-03-04;FOR006;PROD014;12;50.66;45.0;652.92;2025-03-09;Recebida;2025-03
COMP01396;2025-03-05;FOR004;PROD015;19;77.71;45.0;1521.49;2025-03-25;Recebida;2025-03
COMP01397;2025-03-05;FOR008;PROD016;10;70.87;45.0;753.7;2025-03-20;Recebida;2025-03
COMP01398;2025-03-05;FOR014;PROD017;12;72.74;45.0;917.88;2025-03-15;Recebida;2025-03
COMP01399;2025-03-04;FOR001;PROD018;21;27.05;45.0;613.05;2025-03-19;Recebida;2025-03
COMP01400;2025-03-02;FOR010;PROD019;19;37.81;45.0;763.39;2025-03-17;Recebida;2025-03
COMP01401;2025-03-02;FOR004;PROD020;13;95.19;45.0;1282.47;2025-03-22;Recebida;2025-03
COMP01402;2025-03-05;FOR004;PROD021;16;76.26;45.0;1265.16;2025-03-25;Recebida;2025-03
COMP01403;2025-03-05;FOR015;PROD022;10;148.41;45.0;1529.1;2025-03-20;Recebida;2025-03
COMP01404;2025-03-04;FOR015;PROD023;17;70.54;45.0;1244.18;2025-03-19;Recebida;2025-03
COMP01405;2025-03-05;FOR018;PROD024;17;90.73;45.0;1587.41;2025-03-10;Recebida;2025-03
COMP01406;2025-03-05;FOR012;PROD025;17;71.59;45.0;1262.03;2025-03-12;Recebida;2025-03
COMP01407;2025-03-01;FOR016;PROD026;13;97.19;45.0;1308.47;2025-03-21;Recebida;2025-03
COMP01408;2025-03-02;FOR002;PROD027;12;71.34;45.0;901.08;2025-03-09;Recebida;2025-03
COMP01409;2025-03-01;FOR015;PROD028;17;61.22;45.0;1085.74;2025-03-16;Recebida;2025-03
COMP01410;2025-03-04;FOR014;PROD029;11;77.67;45.0;899.37;2025-03-14;Recebida;2025-03
COMP01411;2025-03-04;FOR001;PROD030;20;122.43;45.0;2493.6;2025-03-19;Recebida;2025-03
COMP01412;2025-03-04;FOR016;PROD031;11;129.32;45.0;1467.52;2025-03-24;Recebida;2025-03
COMP01413;2025-03-03;FOR004;PROD032;11;54.05;45.0;639.55;2025-03-23;Recebida;2025-03
COMP01414;2025-03-04;FOR016;PROD033;13;92.47;45.0;1247.11;2025-03-24;Recebida;2025-03
COMP01415;2025-03-04;FOR002;PROD034;21;60.37;45.0;1312.77;2025-03-11;Recebida;2025-03
COMP01416;2025-03-01;FOR004;PROD036;11;38.57;45.0;469.27;2025-03-21;Recebida;2025-03
COMP01417;2025-03-04;FOR006;PROD037;21;51.93;45.0;1135.53;2025-03-09;Recebida;2025-03
COMP01418;2025-03-03;FOR016;PROD038;21;75.89;45.0;1638.69;2025-03-23;Recebida;2025-03
COMP01419;2025-03-03;FOR011;PROD039;14;110.34;45.0;1589.76;2025-03-15;Recebida;2025-03
COMP01420;2025-03-04;FOR002;PROD040;10;120.12;45.0;1246.2;2025-03-11;Recebida;2025-03
COMP01421;2025-03-05;FOR017;PROD041;10;82.77;45.0;872.7;2025-03-20;Recebida;2025-03
COMP01422;2025-03-03;FOR009;PROD042;22;84.32;45.0;1900.04;2025-03-13;Recebida;2025-03
COMP01423;2025-03-01;FOR002;PROD043;10;92.82;45.0;973.2;2025-03-08;Recebida;2025-03
COMP01424;2025-03-03;FOR001;PROD044;12;62.2;45.0;791.4;2025-03-18;Recebida;2025-03
COMP01425;2025-03-04;FOR017;PROD045;34;30.59;45.0;1085.06;2025-03-19;Recebida;2025-03
COMP01426;2025-03-02;FOR001;PROD046;24;55.44;45.0;1375.56;2025-03-17;Recebida;2025-03
COMP01427;2025-03-05;FOR009;PROD047;10;73.33;45.0;778.3;2025-03-15;Recebida;2025-03
COMP01428;2025-03-02;FOR015;PROD048;10;71.56;45.0;760.6;2025-03-17;Recebida;2025-03
COMP01429;2025-03-01;FOR010;PROD050;15;79.88;45.0;1243.2;2025-03-16;Recebida;2025-03
COMP01430;2025-03-05;FOR008;PROD051;19;81.26;45.0;1588.94;2025-03-20;Recebida;2025-03
COMP01431;2025-03-04;FOR007;PROD052;17;82.52;45.0;1447.84;2025-03-09;Recebida;2025-03
COMP01432;2025-03-04;FOR002;PROD053;15;77.35;45.0;1205.25;2025-03-11;Recebida;2025-03
COMP01433;2025-03-04;FOR011;PROD054;26;30.8;45.0;845.8;2025-03-16;Recebida;2025-03
COMP01434;2025-03-04;FOR015;PROD055;20;39.53;45.0;835.6;2025-03-19;Recebida;2025-03
COMP01435;2025-03-03;FOR005;PROD056;22;70.66;45.0;1599.52;2025-03-23;Recebida;2025-03
COMP01436;2025-03-04;FOR017;PROD057;10;110.57;45.0;1150.7;2025-03-19;Recebida;2025-03
COMP01437;2025-03-04;FOR014;PROD058;10;157.39;45.0;1618.9;2025-03-14;Recebida;2025-03
COMP01438;2025-03-04;FOR016;PROD059;19;58.38;45.0;1154.22;2025-03-24;Recebida;2025-03
COMP01439;2025-03-01;FOR003;PROD060;13;90.93;45.0;1227.09;2025-03-08;Recebida;2025-03
COMP01440;2025-03-04;FOR007;PROD061;11;60.75;45.0;713.25;2025-03-09;Recebida;2025-03
COMP01441;2025-03-03;FOR004;PROD062;18;73.99;45.0;1376.82;2025-03-23;Recebida;2025-03
COMP01442;2025-03-04;FOR005;PROD063;21;62.39;45.0;1355.19;2025-03-24;Recebida;2025-03
COMP01443;2025-03-02;FOR002;PROD064;21;45.79;45.0;1006.59;2025-03-09;Recebida;2025-03
COMP01444;2025-03-01;FOR010;PROD065;29;86.77;46.73;2563.06;2025-03-16;Recebida;2025-03
COMP01445;2025-03-01;FOR018;PROD066;12;75.09;45.0;946.08;2025-03-06;Recebida;2025-03
COMP01446;2025-03-03;FOR015;PROD067;12;130.92;45.0;1616.04;2025-03-18;Recebida;2025-03
COMP01447;2025-03-04;FOR014;PROD068;11;81.87;45.0;945.57;2025-03-14;Recebida;2025-03
COMP01448;2025-03-01;FOR011;PROD069;10;92.95;45.0;974.5;2025-03-13;Recebida;2025-03
COMP01449;2025-03-02;FOR012;PROD070;10;96.93;45.0;1014.3;2025-03-09;Recebida;2025-03
COMP01450;2025-03-01;FOR015;PROD071;10;68.92;45.0;734.2;2025-03-16;Recebida;2025-03
COMP01451;2025-03-02;FOR014;PROD072;10;26.97;45.0;314.7;2025-03-12;Recebida;2025-03
COMP01452;2025-03-03;FOR005;PROD073;17;47.75;45.0;856.75;2025-03-23;Recebida;2025-03
COMP01453;2025-03-03;FOR017;PROD074;22;70.67;45.0;1599.74;2025-03-18;Recebida;2025-03
COMP01454;2025-03-04;FOR011;PROD075;12;84.15;45.0;1054.8;2025-03-16;Recebida;2025-03
COMP01455;2025-03-04;FOR002;PROD076;13;163.48;45.0;2170.24;2025-03-11;Recebida;2025-03
COMP01456;2025-03-01;FOR011;PROD078;10;82.76;45.0;872.6;2025-03-13;Recebida;2025-03
COMP01457;2025-03-04;FOR014;PROD079;10;71.72;45.0;762.2;2025-03-14;Recebida;2025-03
COMP01458;2025-03-05;FOR001;PROD080;11;53.41;45.0;632.51;2025-03-20;Recebida;2025-03
COMP01459;2025-04-03;FOR017;PROD001;10;31.69;45.0;361.9;2025-04-18;Recebida;2025-04
COMP01460;2025-04-05;FOR009;PROD002;14;62.94;45.0;926.16;2025-04-15;Recebida;2025-04
COMP01461;2025-04-01;FOR017;PROD003;10;92.03;45.0;965.3;2025-04-16;Recebida;2025-04
COMP01462;2025-04-05;FOR009;PROD004;18;144.78;45.0;2651.04;2025-04-15;Recebida;2025-04
COMP01463;2025-04-05;FOR009;PROD005;15;51.36;45.0;815.4;2025-04-15;Recebida;2025-04
COMP01464;2025-04-04;FOR006;PROD007;10;72.64;45.0;771.4;2025-04-09;Recebida;2025-04
COMP01465;2025-04-02;FOR004;PROD008;15;83.79;45.0;1301.85;2025-04-22;Recebida;2025-04
COMP01466;2025-04-02;FOR015;PROD009;27;23.25;45.0;672.75;2025-04-17;Recebida;2025-04
COMP01467;2025-04-03;FOR003;PROD010;30;58.74;45.0;1807.2;2025-04-10;Recebida;2025-04
COMP01468;2025-04-02;FOR015;PROD011;19;72.1;45.0;1414.9;2025-04-17;Recebida;2025-04
COMP01469;2025-04-05;FOR007;PROD012;10;103.07;45.0;1075.7;2025-04-10;Recebida;2025-04
COMP01470;2025-04-04;FOR018;PROD013;23;114.33;45.0;2674.59;2025-04-09;Recebida;2025-04
COMP01471;2025-04-01;FOR006;PROD014;16;52.21;45.0;880.36;2025-04-06;Recebida;2025-04
COMP01472;2025-04-04;FOR008;PROD016;16;69.24;45.0;1152.84;2025-04-19;Recebida;2025-04
COMP01473;2025-04-04;FOR014;PROD017;12;73.18;45.0;923.16;2025-04-14;Recebida;2025-04
COMP01474;2025-04-01;FOR001;PROD018;17;27.39;45.0;510.63;2025-04-16;Recebida;2025-04
COMP01475;2025-04-01;FOR010;PROD019;17;38.37;45.0;697.29;2025-04-16;Recebida;2025-04
COMP01476;2025-04-05;FOR004;PROD020;13;94.88;45.0;1278.44;2025-04-25;Recebida;2025-04
COMP01477;2025-04-04;FOR004;PROD021;13;75.45;45.0;1025.85;2025-04-24;Recebida;2025-04
COMP01478;2025-04-05;FOR015;PROD022;10;145.05;45.0;1495.5;2025-04-20;Recebida;2025-04
COMP01479;2025-04-01;FOR015;PROD023;12;70.96;45.0;896.52;2025-04-16;Recebida;2025-04
COMP01480;2025-04-01;FOR018;PROD024;10;88.81;45.0;933.1;2025-04-06;Recebida;2025-04
COMP01481;2025-04-01;FOR012;PROD025;21;73.81;45.0;1595.01;2025-04-08;Recebida;2025-04
COMP01482;2025-04-02;FOR016;PROD026;15;96.37;45.0;1490.55;2025-04-22;Recebida;2025-04
COMP01483;2025-04-02;FOR002;PROD027;10;71.98;45.0;764.8;2025-04-09;Recebida;2025-04
COMP01484;2025-04-03;FOR015;PROD028;15;60.54;45.0;953.1;2025-04-18;Recebida;2025-04
COMP01485;2025-04-04;FOR014;PROD029;17;78.76;45.0;1383.92;2025-04-14;Recebida;2025-04
COMP01486;2025-04-05;FOR001;PROD030;13;119.3;45.0;1595.9;2025-04-20;Recebida;2025-04
COMP01487;2025-04-05;FOR016;PROD031;11;128.59;45.0;1459.49;2025-04-25;Recebida;2025-04
COMP01488;2025-04-04;FOR002;PROD034;16;60.93;45.0;1019.88;2025-04-11;Recebida;2025-04
COMP01489;2025-04-03;FOR008;PROD035;20;80.0;45.0;1645.0;2025-04-18;Recebida;2025-04
COMP01490;2025-04-04;FOR004;PROD036;15;38.02;45.0;615.3;2025-04-24;Recebida;2025-04
COMP01491;2025-04-03;FOR006;PROD037;22;52.53;45.0;1200.66;2025-04-08;Recebida;2025-04
COMP01492;2025-04-02;FOR016;PROD038;20;75.78;45.0;1560.6;2025-04-22;Recebida;2025-04
COMP01493;2025-04-05;FOR011;PROD039;12;108.82;45.0;1350.84;2025-04-17;Recebida;2025-04
COMP01494;2025-04-05;FOR002;PROD040;11;119.56;45.0;1360.16;2025-04-12;Recebida;2025-04
COMP01495;2025-04-03;FOR017;PROD041;18;82.73;45.0;1534.14;2025-04-18;Recebida;2025-04
COMP01496;2025-04-04;FOR009;PROD042;20;82.48;45.0;1694.6;2025-04-14;Recebida;2025-04
COMP01497;2025-04-03;FOR002;PROD043;14;91.48;45.0;1325.72;2025-04-10;Recebida;2025-04
COMP01498;2025-04-04;FOR001;PROD044;21;62.8;45.0;1363.8;2025-04-19;Recebida;2025-04
COMP01499;2025-04-03;FOR017;PROD045;27;30.12;45.0;858.24;2025-04-18;Recebida;2025-04
COMP01500;2025-04-02;FOR001;PROD046;22;57.17;45.0;1302.74;2025-04-17;Recebida;2025-04
COMP01501;2025-04-04;FOR009;PROD047;20;72.41;45.0;1493.2;2025-04-14;Recebida;2025-04
COMP01502;2025-04-04;FOR015;PROD048;11;70.77;45.0;823.47;2025-04-19;Recebida;2025-04
COMP01503;2025-04-04;FOR012;PROD049;13;118.37;45.0;1583.81;2025-04-11;Recebida;2025-04
COMP01504;2025-04-02;FOR010;PROD050;10;79.41;45.0;839.1;2025-04-17;Recebida;2025-04
COMP01505;2025-04-02;FOR008;PROD051;10;78.73;45.0;832.3;2025-04-17;Recebida;2025-04
COMP01506;2025-04-05;FOR007;PROD052;20;81.11;45.0;1667.2;2025-04-10;Recebida;2025-04
COMP01507;2025-04-03;FOR002;PROD053;18;76.36;45.0;1419.48;2025-04-10;Recebida;2025-04
COMP01508;2025-04-02;FOR011;PROD054;23;30.79;45.0;753.17;2025-04-14;Recebida;2025-04
COMP01509;2025-04-05;FOR015;PROD055;22;39.81;45.0;920.82;2025-04-20;Recebida;2025-04
COMP01510;2025-04-02;FOR005;PROD056;21;71.46;45.0;1545.66;2025-04-22;Recebida;2025-04
COMP01511;2025-04-04;FOR017;PROD057;16;111.54;45.0;1829.64;2025-04-19;Recebida;2025-04
COMP01512;2025-04-05;FOR014;PROD058;10;155.65;45.0;1601.5;2025-04-15;Recebida;2025-04
COMP01513;2025-04-03;FOR016;PROD059;10;58.51;45.0;630.1;2025-04-23;Recebida;2025-04
COMP01514;2025-04-05;FOR003;PROD060;13;93.55;45.0;1261.15;2025-04-12;Recebida;2025-04
COMP01515;2025-04-02;FOR007;PROD061;11;61.97;45.0;726.67;2025-04-07;Recebida;2025-04
COMP01516;2025-04-03;FOR004;PROD062;21;74.69;45.0;1613.49;2025-04-23;Recebida;2025-04
COMP01517;2025-04-05;FOR005;PROD063;17;62.75;45.0;1111.75;2025-04-25;Recebida;2025-04
COMP01518;2025-04-04;FOR002;PROD064;17;45.22;45.0;813.74;2025-04-11;Recebida;2025-04
COMP01519;2025-04-03;FOR010;PROD065;23;85.82;45.0;2018.86;2025-04-18;Recebida;2025-04
COMP01520;2025-04-04;FOR018;PROD066;24;75.15;45.0;1848.6;2025-04-09;Recebida;2025-04
COMP01521;2025-04-05;FOR015;PROD067;10;131.25;45.0;1357.5;2025-04-20;Recebida;2025-04
COMP01522;2025-04-01;FOR014;PROD068;11;83.96;45.0;968.56;2025-04-11;Recebida;2025-04
COMP01523;2025-04-04;FOR011;PROD069;10;91.88;45.0;963.8;2025-04-16;Recebida;2025-04
COMP01524;2025-04-03;FOR015;PROD071;18;69.61;45.0;1297.98;2025-04-18;Recebida;2025-04
COMP01525;2025-04-03;FOR014;PROD072;10;27.02;45.0;315.2;2025-04-13;Recebida;2025-04
COMP01526;2025-04-04;FOR005;PROD073;23;48.19;45.0;1153.37;2025-04-24;Recebida;2025-04
COMP01527;2025-04-04;FOR017;PROD074;15;70.3;45.0;1099.5;2025-04-19;Recebida;2025-04
COMP01528;2025-04-05;FOR011;PROD075;15;83.25;45.0;1293.75;2025-04-17;Recebida;2025-04
COMP01529;2025-04-04;FOR018;PROD077;10;76.32;45.0;808.2;2025-04-09;Recebida;2025-04
COMP01530;2025-04-01;FOR011;PROD078;12;82.49;45.0;1034.88;2025-04-13;Recebida;2025-04
COMP01531;2025-04-04;FOR014;PROD079;15;70.18;45.0;1097.7;2025-04-14;Recebida;2025-04
COMP01532;2025-04-01;FOR001;PROD080;11;54.61;45.0;645.71;2025-04-16;Recebida;2025-04
COMP01533;2025-05-03;FOR017;PROD001;17;31.63;45.0;582.71;2025-05-18;Recebida;2025-05
COMP01534;2025-05-04;FOR009;PROD002;10;62.76;45.0;672.6;2025-05-14;Recebida;2025-05
COMP01535;2025-05-01;FOR017;PROD003;13;91.34;45.0;1232.42;2025-05-16;Recebida;2025-05
COMP01536;2025-05-03;FOR009;PROD004;31;148.4;53.05;4653.45;2025-05-13;Recebida;2025-05
COMP01537;2025-05-02;FOR009;PROD005;14;51.66;45.0;768.24;2025-05-12;Recebida;2025-05
COMP01538;2025-05-01;FOR009;PROD006;11;68.36;45.0;796.96;2025-05-11;Recebida;2025-05
COMP01539;2025-05-04;FOR006;PROD007;10;72.99;45.0;774.9;2025-05-09;Recebida;2025-05
COMP01540;2025-05-02;FOR004;PROD008;16;84.05;45.0;1389.8;2025-05-22;Recebida;2025-05
COMP01541;2025-05-04;FOR015;PROD009;23;23.69;45.0;589.87;2025-05-19;Recebida;2025-05
COMP01542;2025-05-03;FOR003;PROD010;15;57.57;45.0;908.55;2025-05-10;Recebida;2025-05
COMP01543;2025-05-01;FOR015;PROD011;16;73.93;45.0;1227.88;2025-05-16;Recebida;2025-05
COMP01544;2025-05-04;FOR007;PROD012;14;102.34;45.0;1477.76;2025-05-09;Recebida;2025-05
COMP01545;2025-05-02;FOR018;PROD013;12;113.01;45.0;1401.12;2025-05-07;Recebida;2025-05
COMP01546;2025-05-03;FOR006;PROD014;10;51.72;45.0;562.2;2025-05-08;Recebida;2025-05
COMP01547;2025-05-03;FOR004;PROD015;10;79.59;45.0;840.9;2025-05-23;Recebida;2025-05
COMP01548;2025-05-01;FOR008;PROD016;10;68.97;45.0;734.7;2025-05-16;Recebida;2025-05
COMP01549;2025-05-04;FOR014;PROD017;15;74.11;45.0;1156.65;2025-05-14;Recebida;2025-05
COMP01550;2025-05-01;FOR001;PROD018;27;27.8;45.0;795.6;2025-05-16;Recebida;2025-05
COMP01551;2025-05-01;FOR010;PROD019;18;37.52;45.0;720.36;2025-05-16;Recebida;2025-05
COMP01552;2025-05-03;FOR004;PROD020;10;93.64;45.0;981.4;2025-05-23;Recebida;2025-05
COMP01553;2025-05-04;FOR004;PROD021;18;75.74;45.0;1408.32;2025-05-24;Recebida;2025-05
COMP01554;2025-05-03;FOR015;PROD022;22;143.89;45.0;3210.58;2025-05-18;Recebida;2025-05
COMP01555;2025-05-05;FOR012;PROD025;14;73.54;45.0;1074.56;2025-05-12;Recebida;2025-05
COMP01556;2025-05-02;FOR016;PROD026;22;97.03;45.0;2179.66;2025-05-22;Recebida;2025-05
COMP01557;2025-05-01;FOR002;PROD027;14;71.46;45.0;1045.44;2025-05-08;Recebida;2025-05
COMP01558;2025-05-02;FOR015;PROD028;14;60.32;45.0;889.48;2025-05-17;Recebida;2025-05
COMP01559;2025-05-02;FOR014;PROD029;15;76.73;45.0;1195.95;2025-05-12;Recebida;2025-05
COMP01560;2025-05-01;FOR001;PROD030;15;122.78;45.0;1886.7;2025-05-16;Recebida;2025-05
COMP01561;2025-05-01;FOR016;PROD031;21;129.28;45.0;2759.88;2025-05-21;Recebida;2025-05
COMP01562;2025-05-05;FOR004;PROD032;12;53.31;45.0;684.72;2025-05-25;Recebida;2025-05
COMP01563;2025-05-04;FOR016;PROD033;11;91.1;45.0;1047.1;2025-05-24;Recebida;2025-05
COMP01564;2025-05-03;FOR002;PROD034;15;59.21;45.0;933.15;2025-05-10;Recebida;2025-05
COMP01565;2025-05-01;FOR008;PROD035;14;80.45;45.0;1171.3;2025-05-16;Recebida;2025-05
COMP01566;2025-05-04;FOR004;PROD036;20;37.92;45.0;803.4;2025-05-24;Recebida;2025-05
COMP01567;2025-05-02;FOR006;PROD037;10;53.04;45.0;575.4;2025-05-07;Recebida;2025-05
COMP01568;2025-05-01;FOR016;PROD038;13;76.08;45.0;1034.04;2025-05-21;Recebida;2025-05
COMP01569;2025-05-04;FOR011;PROD039;16;108.51;45.0;1781.16;2025-05-16;Recebida;2025-05
COMP01570;2025-05-02;FOR002;PROD040;10;119.78;45.0;1242.8;2025-05-09;Recebida;2025-05
COMP01571;2025-05-03;FOR017;PROD041;13;82.07;45.0;1111.91;2025-05-18;Recebida;2025-05
COMP01572;2025-05-03;FOR009;PROD042;10;82.31;45.0;868.1;2025-05-13;Recebida;2025-05
COMP01573;2025-05-03;FOR002;PROD043;10;93.96;45.0;984.6;2025-05-10;Recebida;2025-05
COMP01574;2025-05-04;FOR001;PROD044;22;62.56;45.0;1421.32;2025-05-19;Recebida;2025-05
COMP01575;2025-05-03;FOR017;PROD045;35;30.8;45.0;1123.0;2025-05-18;Recebida;2025-05
COMP01576;2025-05-01;FOR001;PROD046;10;57.14;45.0;616.4;2025-05-16;Recebida;2025-05
COMP01577;2025-05-05;FOR009;PROD047;14;71.65;45.0;1048.1;2025-05-15;Recebida;2025-05
COMP01578;2025-05-01;FOR015;PROD048;10;72.05;45.0;765.5;2025-05-16;Recebida;2025-05
COMP01579;2025-05-05;FOR012;PROD049;10;120.62;45.0;1251.2;2025-05-12;Recebida;2025-05
COMP01580;2025-05-03;FOR008;PROD051;10;80.2;45.0;847.0;2025-05-18;Recebida;2025-05
COMP01581;2025-05-02;FOR007;PROD052;14;80.31;45.0;1169.34;2025-05-07;Recebida;2025-05
COMP01582;2025-05-01;FOR002;PROD053;23;77.0;45.0;1816.0;2025-05-08;Recebida;2025-05
COMP01583;2025-05-03;FOR011;PROD054;25;30.72;45.0;813.0;2025-05-15;Recebida;2025-05
COMP01584;2025-05-03;FOR015;PROD055;10;39.66;45.0;441.6;2025-05-18;Recebida;2025-05
COMP01585;2025-05-02;FOR005;PROD056;20;72.81;45.0;1501.2;2025-05-22;Recebida;2025-05
COMP01586;2025-05-02;FOR017;PROD057;19;109.68;45.0;2128.92;2025-05-17;Recebida;2025-05
COMP01587;2025-05-04;FOR014;PROD058;12;157.86;45.0;1939.32;2025-05-14;Recebida;2025-05
COMP01588;2025-05-03;FOR016;PROD059;13;58.5;45.0;805.5;2025-05-23;Recebida;2025-05
COMP01589;2025-05-02;FOR007;PROD061;12;60.04;45.0;765.48;2025-05-07;Recebida;2025-05
COMP01590;2025-05-01;FOR004;PROD062;30;74.28;45.0;2273.4;2025-05-21;Recebida;2025-05
COMP01591;2025-05-03;FOR005;PROD063;18;62.37;45.0;1167.66;2025-05-23;Recebida;2025-05
COMP01592;2025-05-04;FOR002;PROD064;21;45.98;45.0;1010.58;2025-05-11;Recebida;2025-05
COMP01593;2025-05-04;FOR010;PROD065;25;86.22;45.0;2200.5;2025-05-19;Recebida;2025-05
COMP01594;2025-05-05;FOR018;PROD066;10;75.66;45.0;801.6;2025-05-10;Recebida;2025-05
COMP01595;2025-05-05;FOR014;PROD068;12;83.68;45.0;1049.16;2025-05-15;Recebida;2025-05
COMP01596;2025-05-04;FOR011;PROD069;10;90.62;45.0;951.2;2025-05-16;Recebida;2025-05
COMP01597;2025-05-03;FOR012;PROD070;16;95.96;45.0;1580.36;2025-05-10;Recebida;2025-05
COMP01598;2025-05-03;FOR015;PROD071;20;69.5;45.0;1435.0;2025-05-18;Recebida;2025-05
COMP01599;2025-05-02;FOR014;PROD072;13;26.56;45.0;390.28;2025-05-12;Recebida;2025-05
COMP01600;2025-05-02;FOR005;PROD073;22;49.08;45.0;1124.76;2025-05-22;Recebida;2025-05
COMP01601;2025-05-03;FOR017;PROD074;21;71.33;45.0;1542.93;2025-05-18;Recebida;2025-05
COMP01602;2025-05-01;FOR011;PROD075;17;83.4;45.0;1462.8;2025-05-13;Recebida;2025-05
COMP01603;2025-05-04;FOR002;PROD076;20;161.95;45.0;3284.0;2025-05-11;Recebida;2025-05
COMP01604;2025-05-01;FOR018;PROD077;12;76.48;45.0;962.76;2025-05-06;Recebida;2025-05
COMP01605;2025-05-01;FOR011;PROD078;10;82.39;45.0;868.9;2025-05-13;Recebida;2025-05
COMP01606;2025-05-04;FOR014;PROD079;17;70.39;45.0;1241.63;2025-05-14;Recebida;2025-05
COMP01607;2025-05-01;FOR001;PROD080;18;52.79;45.0;995.22;2025-05-16;Recebida;2025-05
COMP01608;2025-06-02;FOR017;PROD001;11;32.37;45.0;401.07;2025-06-17;Recebida;2025-06
COMP01609;2025-06-03;FOR009;PROD002;15;62.11;45.0;976.65;2025-06-13;Recebida;2025-06
COMP01610;2025-06-05;FOR017;PROD003;10;92.54;45.0;970.4;2025-06-20;Recebida;2025-06
COMP01611;2025-06-03;FOR009;PROD004;36;147.84;56.6;5378.84;2025-06-13;Recebida;2025-06
COMP01612;2025-06-03;FOR009;PROD005;15;52.76;45.0;836.4;2025-06-13;Recebida;2025-06
COMP01613;2025-06-02;FOR009;PROD006;15;66.81;45.0;1047.15;2025-06-12;Recebida;2025-06
COMP01614;2025-06-01;FOR006;PROD007;16;73.38;45.0;1219.08;2025-06-06;Recebida;2025-06
COMP01615;2025-06-02;FOR004;PROD008;20;85.73;45.0;1759.6;2025-06-22;Recebida;2025-06
COMP01616;2025-06-04;FOR015;PROD009;26;23.17;45.0;647.42;2025-06-19;Recebida;2025-06
COMP01617;2025-06-05;FOR003;PROD010;15;57.3;45.0;904.5;2025-06-12;Recebida;2025-06
COMP01618;2025-06-03;FOR015;PROD011;18;72.84;45.0;1356.12;2025-06-18;Recebida;2025-06
COMP01619;2025-06-04;FOR007;PROD012;10;102.2;45.0;1067.0;2025-06-09;Recebida;2025-06
COMP01620;2025-06-03;FOR018;PROD013;19;112.06;45.0;2174.14;2025-06-08;Recebida;2025-06
COMP01621;2025-06-03;FOR006;PROD014;10;51.7;45.0;562.0;2025-06-08;Recebida;2025-06
COMP01622;2025-06-03;FOR004;PROD015;15;78.33;45.0;1219.95;2025-06-23;Recebida;2025-06
COMP01623;2025-06-01;FOR008;PROD016;10;70.46;45.0;749.6;2025-06-16;Recebida;2025-06
COMP01624;2025-06-05;FOR014;PROD017;20;72.35;45.0;1492.0;2025-06-15;Recebida;2025-06
COMP01625;2025-06-01;FOR001;PROD018;19;27.63;45.0;569.97;2025-06-16;Recebida;2025-06
COMP01626;2025-06-02;FOR010;PROD019;19;37.81;45.0;763.39;2025-06-17;Recebida;2025-06
COMP01627;2025-06-01;FOR004;PROD020;19;94.26;45.0;1835.94;2025-06-21;Recebida;2025-06
COMP01628;2025-06-05;FOR004;PROD021;10;74.95;45.0;794.5;2025-06-25;Recebida;2025-06
COMP01629;2025-06-02;FOR015;PROD022;24;145.39;45.0;3534.36;2025-06-17;Recebida;2025-06
COMP01630;2025-06-02;FOR015;PROD023;13;69.59;45.0;949.67;2025-06-17;Recebida;2025-06
COMP01631;2025-06-02;FOR018;PROD024;14;88.43;45.0;1283.02;2025-06-07;Recebida;2025-06
COMP01632;2025-06-05;FOR012;PROD025;21;73.06;45.0;1579.26;2025-06-12;Recebida;2025-06
COMP01633;2025-06-05;FOR016;PROD026;30;95.29;45.0;2903.7;2025-06-25;Recebida;2025-06
COMP01634;2025-06-03;FOR002;PROD027;17;72.46;45.0;1276.82;2025-06-10;Recebida;2025-06
COMP01635;2025-06-03;FOR015;PROD028;17;61.59;45.0;1092.03;2025-06-18;Recebida;2025-06
COMP01636;2025-06-04;FOR014;PROD029;18;78.19;45.0;1452.42;2025-06-14;Recebida;2025-06
COMP01637;2025-06-03;FOR001;PROD030;11;122.54;45.0;1392.94;2025-06-18;Recebida;2025-06
COMP01638;2025-06-01;FOR016;PROD031;27;128.8;45.0;3522.6;2025-06-21;Recebida;2025-06
COMP01639;2025-06-02;FOR004;PROD032;10;54.73;45.0;592.3;2025-06-22;Recebida;2025-06
COMP01640;2025-06-01;FOR002;PROD034;18;60.92;45.0;1141.56;2025-06-08;Recebida;2025-06
COMP01641;2025-06-03;FOR008;PROD035;11;82.19;45.0;949.09;2025-06-18;Recebida;2025-06
COMP01642;2025-06-04;FOR004;PROD036;20;37.93;45.0;803.6;2025-06-24;Recebida;2025-06
COMP01643;2025-06-04;FOR006;PROD037;16;51.62;45.0;870.92;2025-06-09;Recebida;2025-06
COMP01644;2025-06-04;FOR016;PROD038;21;74.72;45.0;1614.12;2025-06-24;Recebida;2025-06
COMP01645;2025-06-01;FOR011;PROD039;10;109.19;45.0;1136.9;2025-06-13;Recebida;2025-06
COMP01646;2025-06-03;FOR002;PROD040;11;120.39;45.0;1369.29;2025-06-10;Recebida;2025-06
COMP01647;2025-06-03;FOR017;PROD041;10;82.65;45.0;871.5;2025-06-18;Recebida;2025-06
COMP01648;2025-06-04;FOR009;PROD042;11;83.63;45.0;964.93;2025-06-14;Recebida;2025-06
COMP01649;2025-06-04;FOR002;PROD043;10;91.92;45.0;964.2;2025-06-11;Recebida;2025-06
COMP01650;2025-06-04;FOR001;PROD044;27;62.03;46.0;1720.81;2025-06-19;Recebida;2025-06
COMP01651;2025-06-01;FOR017;PROD045;29;30.59;45.5;932.61;2025-06-16;Recebida;2025-06
COMP01652;2025-06-03;FOR001;PROD046;21;56.46;45.0;1230.66;2025-06-18;Recebida;2025-06
COMP01653;2025-06-01;FOR009;PROD047;14;72.75;45.0;1063.5;2025-06-11;Recebida;2025-06
COMP01654;2025-06-03;FOR015;PROD048;11;71.18;45.0;827.98;2025-06-18;Recebida;2025-06
COMP01655;2025-06-02;FOR012;PROD049;16;119.93;45.0;1963.88;2025-06-09;Recebida;2025-06
COMP01656;2025-06-03;FOR010;PROD050;11;79.07;45.0;914.77;2025-06-18;Recebida;2025-06
COMP01657;2025-06-01;FOR008;PROD051;10;80.24;45.0;847.4;2025-06-16;Recebida;2025-06
COMP01658;2025-06-03;FOR007;PROD052;22;82.49;45.0;1859.78;2025-06-08;Recebida;2025-06
COMP01659;2025-06-02;FOR002;PROD053;33;77.19;52.57;2599.84;2025-06-09;Recebida;2025-06
COMP01660;2025-06-03;FOR011;PROD054;26;29.93;45.0;823.18;2025-06-15;Recebida;2025-06
COMP01661;2025-06-04;FOR015;PROD055;17;38.89;45.0;706.13;2025-06-19;Recebida;2025-06
COMP01662;2025-06-05;FOR005;PROD056;31;71.29;45.0;2254.99;2025-06-25;Recebida;2025-06
COMP01663;2025-06-03;FOR017;PROD057;12;109.52;45.0;1359.24;2025-06-18;Recebida;2025-06
COMP01664;2025-06-02;FOR014;PROD058;23;158.16;45.0;3682.68;2025-06-12;Recebida;2025-06
COMP01665;2025-06-04;FOR016;PROD059;18;57.19;45.0;1074.42;2025-06-24;Recebida;2025-06
COMP01666;2025-06-03;FOR003;PROD060;10;91.47;45.0;959.7;2025-06-10;Recebida;2025-06
COMP01667;2025-06-05;FOR007;PROD061;13;61.96;45.0;850.48;2025-06-10;Recebida;2025-06
COMP01668;2025-06-05;FOR004;PROD062;34;74.8;48.52;2591.72;2025-06-25;Recebida;2025-06
COMP01669;2025-06-01;FOR005;PROD063;29;63.3;45.0;1880.7;2025-06-21;Recebida;2025-06
COMP01670;2025-06-02;FOR002;PROD064;24;45.05;45.0;1126.2;2025-06-09;Recebida;2025-06
COMP01671;2025-06-02;FOR010;PROD065;19;87.17;45.0;1701.23;2025-06-17;Recebida;2025-06
COMP01672;2025-06-04;FOR018;PROD066;18;76.16;45.0;1415.88;2025-06-09;Recebida;2025-06
COMP01673;2025-06-05;FOR015;PROD067;13;129.08;45.0;1723.04;2025-06-20;Recebida;2025-06
COMP01674;2025-06-02;FOR011;PROD069;10;90.84;45.0;953.4;2025-06-14;Recebida;2025-06
COMP01675;2025-06-03;FOR012;PROD070;10;99.05;45.0;1035.5;2025-06-10;Recebida;2025-06
COMP01676;2025-06-02;FOR015;PROD071;22;70.43;45.0;1594.46;2025-06-17;Recebida;2025-06
COMP01677;2025-06-02;FOR014;PROD072;11;26.5;45.0;336.5;2025-06-12;Recebida;2025-06
COMP01678;2025-06-04;FOR005;PROD073;13;48.57;45.0;676.41;2025-06-24;Recebida;2025-06
COMP01679;2025-06-05;FOR017;PROD074;20;72.34;45.0;1491.8;2025-06-20;Recebida;2025-06
COMP01680;2025-06-02;FOR011;PROD075;14;85.07;45.0;1235.98;2025-06-14;Recebida;2025-06
COMP01681;2025-06-02;FOR002;PROD076;10;160.89;45.0;1653.9;2025-06-09;Recebida;2025-06
COMP01682;2025-06-04;FOR011;PROD078;11;83.07;45.0;958.77;2025-06-16;Recebida;2025-06
COMP01683;2025-06-04;FOR014;PROD079;10;71.43;45.0;759.3;2025-06-14;Recebida;2025-06
COMP01684;2025-06-02;FOR001;PROD080;15;54.25;45.0;858.75;2025-06-17;Recebida;2025-06
COMP01685;2025-07-04;FOR017;PROD001;11;32.45;45.0;401.95;2025-07-19;Recebida;2025-07
COMP01686;2025-07-04;FOR009;PROD002;10;62.49;45.0;669.9;2025-07-14;Recebida;2025-07
COMP01687;2025-07-05;FOR017;PROD003;10;93.91;45.0;984.1;2025-07-20;Recebida;2025-07
COMP01688;2025-07-05;FOR009;PROD004;40;148.03;64.74;5985.94;2025-07-15;Recebida;2025-07
COMP01689;2025-07-02;FOR009;PROD005;13;51.53;45.0;714.89;2025-07-12;Recebida;2025-07
COMP01690;2025-07-04;FOR006;PROD007;19;71.46;45.0;1402.74;2025-07-09;Recebida;2025-07
COMP01691;2025-07-01;FOR004;PROD008;14;84.97;45.0;1234.58;2025-07-21;Recebida;2025-07
COMP01692;2025-07-02;FOR015;PROD009;23;23.57;45.0;587.11;2025-07-17;Recebida;2025-07
COMP01693;2025-07-05;FOR003;PROD010;27;58.26;45.0;1618.02;2025-07-12;Recebida;2025-07
COMP01694;2025-07-03;FOR015;PROD011;17;72.39;45.0;1275.63;2025-07-18;Recebida;2025-07
COMP01695;2025-07-01;FOR007;PROD012;11;103.76;45.0;1186.36;2025-07-06;Recebida;2025-07
COMP01696;2025-07-04;FOR018;PROD013;32;113.6;54.32;3689.52;2025-07-09;Recebida;2025-07
COMP01697;2025-07-02;FOR006;PROD014;19;51.19;45.0;1017.61;2025-07-07;Recebida;2025-07
COMP01698;2025-07-03;FOR008;PROD016;12;71.06;45.0;897.72;2025-07-18;Recebida;2025-07
COMP01699;2025-07-01;FOR014;PROD017;22;72.58;45.0;1641.76;2025-07-11;Recebida;2025-07
COMP01700;2025-07-04;FOR001;PROD018;25;27.81;45.0;740.25;2025-07-19;Recebida;2025-07
COMP01701;2025-07-03;FOR010;PROD019;10;37.48;45.0;419.8;2025-07-18;Recebida;2025-07
COMP01702;2025-07-01;FOR004;PROD020;14;95.29;45.0;1379.06;2025-07-21;Recebida;2025-07
COMP01703;2025-07-01;FOR004;PROD021;10;75.9;45.0;804.0;2025-07-21;Recebida;2025-07
COMP01704;2025-07-02;FOR015;PROD022;19;146.92;45.0;2836.48;2025-07-17;Recebida;2025-07
COMP01705;2025-07-03;FOR015;PROD023;11;71.04;45.0;826.44;2025-07-18;Recebida;2025-07
COMP01706;2025-07-02;FOR018;PROD024;15;88.5;45.0;1372.5;2025-07-07;Recebida;2025-07
COMP01707;2025-07-03;FOR012;PROD025;16;73.71;45.0;1224.36;2025-07-10;Recebida;2025-07
COMP01708;2025-07-04;FOR016;PROD026;26;95.67;45.0;2532.42;2025-07-24;Recebida;2025-07
COMP01709;2025-07-05;FOR015;PROD028;17;60.37;45.0;1071.29;2025-07-20;Recebida;2025-07
COMP01710;2025-07-03;FOR014;PROD029;10;78.49;45.0;829.9;2025-07-13;Recebida;2025-07
COMP01711;2025-07-03;FOR001;PROD030;15;123.12;45.0;1891.8;2025-07-18;Recebida;2025-07
COMP01712;2025-07-01;FOR016;PROD031;29;129.18;45.0;3791.22;2025-07-21;Recebida;2025-07
COMP01713;2025-07-03;FOR016;PROD033;10;91.52;45.0;960.2;2025-07-23;Recebida;2025-07
COMP01714;2025-07-04;FOR002;PROD034;10;58.98;45.0;634.8;2025-07-11;Recebida;2025-07
COMP01715;2025-07-02;FOR008;PROD035;17;82.42;45.0;1446.14;2025-07-17;Recebida;2025-07
COMP01716;2025-07-01;FOR004;PROD036;16;37.65;45.0;647.4;2025-07-21;Recebida;2025-07
COMP01717;2025-07-05;FOR006;PROD037;10;52.89;45.0;573.9;2025-07-10;Recebida;2025-07
COMP01718;2025-07-03;FOR016;PROD038;20;74.97;45.0;1544.4;2025-07-23;Recebida;2025-07
COMP01719;2025-07-02;FOR011;PROD039;10;107.62;45.0;1121.2;2025-07-14;Recebida;2025-07
COMP01720;2025-07-03;FOR002;PROD040;15;120.68;45.0;1855.2;2025-07-10;Recebida;2025-07
COMP01721;2025-07-05;FOR017;PROD041;10;82.06;45.0;865.6;2025-07-20;Recebida;2025-07
COMP01722;2025-07-05;FOR009;PROD042;10;83.27;45.0;877.7;2025-07-15;Recebida;2025-07
COMP01723;2025-07-01;FOR002;PROD043;21;94.59;45.0;2031.39;2025-07-08;Recebida;2025-07
COMP01724;2025-07-04;FOR001;PROD044;32;63.3;55.81;2081.41;2025-07-19;Recebida;2025-07
COMP01725;2025-07-02;FOR017;PROD045;28;30.26;45.0;892.28;2025-07-17;Recebida;2025-07
COMP01726;2025-07-01;FOR001;PROD046;12;57.37;45.0;733.44;2025-07-16;Recebida;2025-07
COMP01727;2025-07-01;FOR009;PROD047;18;71.46;45.0;1331.28;2025-07-11;Recebida;2025-07
COMP01728;2025-07-05;FOR015;PROD048;17;72.13;45.0;1271.21;2025-07-20;Recebida;2025-07
COMP01729;2025-07-04;FOR012;PROD049;11;121.89;45.0;1385.79;2025-07-11;Recebida;2025-07
COMP01730;2025-07-05;FOR010;PROD050;10;80.85;45.0;853.5;2025-07-20;Recebida;2025-07
COMP01731;2025-07-05;FOR008;PROD051;10;78.68;45.0;831.8;2025-07-20;Recebida;2025-07
COMP01732;2025-07-01;FOR007;PROD052;26;81.02;45.0;2151.52;2025-07-06;Recebida;2025-07
COMP01733;2025-07-02;FOR002;PROD053;31;75.12;51.58;2380.3;2025-07-09;Recebida;2025-07
COMP01734;2025-07-04;FOR011;PROD054;23;30.34;45.0;742.82;2025-07-16;Recebida;2025-07
COMP01735;2025-07-02;FOR015;PROD055;10;39.84;45.0;443.4;2025-07-17;Recebida;2025-07
COMP01736;2025-07-03;FOR005;PROD056;27;71.41;45.0;1973.07;2025-07-23;Recebida;2025-07
COMP01737;2025-07-04;FOR017;PROD057;12;109.86;45.0;1363.32;2025-07-19;Recebida;2025-07
COMP01738;2025-07-02;FOR014;PROD058;12;155.13;45.0;1906.56;2025-07-12;Recebida;2025-07
COMP01739;2025-07-01;FOR016;PROD059;11;57.85;45.0;681.35;2025-07-21;Recebida;2025-07
COMP01740;2025-07-03;FOR003;PROD060;10;90.52;45.0;950.2;2025-07-10;Recebida;2025-07
COMP01741;2025-07-01;FOR007;PROD061;20;60.43;45.0;1253.6;2025-07-06;Recebida;2025-07
COMP01742;2025-07-05;FOR004;PROD062;39;74.88;62.9;2983.22;2025-07-25;Recebida;2025-07
COMP01743;2025-07-03;FOR005;PROD063;12;64.18;45.0;815.16;2025-07-23;Recebida;2025-07
COMP01744;2025-07-02;FOR002;PROD064;18;46.57;45.0;883.26;2025-07-09;Recebida;2025-07
COMP01745;2025-07-05;FOR010;PROD065;28;86.8;45.0;2475.4;2025-07-20;Recebida;2025-07
COMP01746;2025-07-01;FOR018;PROD066;19;76.71;45.0;1502.49;2025-07-06;Recebida;2025-07
COMP01747;2025-07-01;FOR015;PROD067;10;131.79;45.0;1362.9;2025-07-16;Recebida;2025-07
COMP01748;2025-07-05;FOR014;PROD068;17;82.7;45.0;1450.9;2025-07-15;Recebida;2025-07
COMP01749;2025-07-05;FOR011;PROD069;10;92.91;45.0;974.1;2025-07-17;Recebida;2025-07
COMP01750;2025-07-01;FOR015;PROD071;22;70.82;45.0;1603.04;2025-07-16;Recebida;2025-07
COMP01751;2025-07-02;FOR014;PROD072;11;26.38;45.0;335.18;2025-07-12;Recebida;2025-07
COMP01752;2025-07-02;FOR005;PROD073;17;48.04;45.0;861.68;2025-07-22;Recebida;2025-07
COMP01753;2025-07-01;FOR017;PROD074;18;70.17;45.0;1308.06;2025-07-16;Recebida;2025-07
COMP01754;2025-07-02;FOR011;PROD075;10;86.08;45.0;905.8;2025-07-14;Recebida;2025-07
COMP01755;2025-07-01;FOR002;PROD076;11;161.06;45.0;1816.66;2025-07-08;Recebida;2025-07
COMP01756;2025-07-01;FOR018;PROD077;13;76.81;45.0;1043.53;2025-07-06;Recebida;2025-07
COMP01757;2025-07-01;FOR014;PROD079;17;71.39;45.0;1258.63;2025-07-11;Recebida;2025-07
COMP01758;2025-07-01;FOR001;PROD080;18;54.46;45.0;1025.28;2025-07-16;Recebida;2025-07
COMP01759;2025-08-01;FOR017;PROD001;21;31.68;45.0;710.28;2025-08-16;Recebida;2025-08
COMP01760;2025-08-03;FOR009;PROD002;13;62.26;45.0;854.38;2025-08-13;Recebida;2025-08
COMP01761;2025-08-05;FOR017;PROD003;10;91.4;45.0;959.0;2025-08-20;Recebida;2025-08
COMP01762;2025-08-05;FOR009;PROD004;23;145.04;45.0;3380.92;2025-08-15;Recebida;2025-08
COMP01763;2025-08-05;FOR009;PROD005;12;53.04;45.0;681.48;2025-08-15;Recebida;2025-08
COMP01764;2025-08-01;FOR009;PROD006;21;67.54;45.0;1463.34;2025-08-11;Recebida;2025-08
COMP01765;2025-08-03;FOR006;PROD007;15;73.05;45.0;1140.75;2025-08-08;Recebida;2025-08
COMP01766;2025-08-01;FOR004;PROD008;12;84.23;45.0;1055.76;2025-08-21;Recebida;2025-08
COMP01767;2025-08-01;FOR015;PROD009;18;23.25;45.0;463.5;2025-08-16;Recebida;2025-08
COMP01768;2025-08-03;FOR003;PROD010;18;58.74;45.0;1102.32;2025-08-10;Recebida;2025-08
COMP01769;2025-08-04;FOR015;PROD011;16;73.77;45.0;1225.32;2025-08-19;Recebida;2025-08
COMP01770;2025-08-05;FOR007;PROD012;11;102.63;45.0;1173.93;2025-08-10;Recebida;2025-08
COMP01771;2025-08-03;FOR018;PROD013;12;111.48;45.0;1382.76;2025-08-08;Recebida;2025-08
COMP01772;2025-08-03;FOR006;PROD014;13;52.01;45.0;721.13;2025-08-08;Recebida;2025-08
COMP01773;2025-08-01;FOR004;PROD015;19;80.18;45.0;1568.42;2025-08-21;Recebida;2025-08
COMP01774;2025-08-05;FOR008;PROD016;12;70.97;45.0;896.64;2025-08-20;Recebida;2025-08
COMP01775;2025-08-02;FOR014;PROD017;10;73.95;45.0;784.5;2025-08-12;Recebida;2025-08
COMP01776;2025-08-03;FOR001;PROD018;13;26.93;45.0;395.09;2025-08-18;Recebida;2025-08
COMP01777;2025-08-02;FOR010;PROD019;19;38.37;45.0;774.03;2025-08-17;Recebida;2025-08
COMP01778;2025-08-05;FOR004;PROD020;10;96.2;45.0;1007.0;2025-08-25;Recebida;2025-08
COMP01779;2025-08-02;FOR004;PROD021;10;75.98;45.0;804.8;2025-08-22;Recebida;2025-08
COMP01780;2025-08-03;FOR015;PROD022;15;146.14;45.0;2237.1;2025-08-18;Recebida;2025-08
COMP01781;2025-08-04;FOR015;PROD023;11;71.26;45.0;828.86;2025-08-19;Recebida;2025-08
COMP01782;2025-08-02;FOR018;PROD024;10;88.73;45.0;932.3;2025-08-07;Recebida;2025-08
COMP01783;2025-08-02;FOR012;PROD025;23;73.43;45.0;1733.89;2025-08-09;Recebida;2025-08
COMP01784;2025-08-02;FOR016;PROD026;20;97.36;45.0;1992.2;2025-08-22;Recebida;2025-08
COMP01785;2025-08-04;FOR002;PROD027;19;71.67;45.0;1406.73;2025-08-11;Recebida;2025-08
COMP01786;2025-08-03;FOR015;PROD028;15;60.31;45.0;949.65;2025-08-18;Recebida;2025-08
COMP01787;2025-08-03;FOR014;PROD029;15;78.54;45.0;1223.1;2025-08-13;Recebida;2025-08
COMP01788;2025-08-03;FOR001;PROD030;18;119.44;45.0;2194.92;2025-08-18;Recebida;2025-08
COMP01789;2025-08-05;FOR016;PROD031;13;128.87;45.0;1720.31;2025-08-25;Recebida;2025-08
COMP01790;2025-08-03;FOR004;PROD032;10;54.47;45.0;589.7;2025-08-23;Recebida;2025-08
COMP01791;2025-08-03;FOR016;PROD033;13;91.73;45.0;1237.49;2025-08-23;Recebida;2025-08
COMP01792;2025-08-01;FOR002;PROD034;13;59.93;45.0;824.09;2025-08-08;Recebida;2025-08
COMP01793;2025-08-02;FOR008;PROD035;11;82.14;45.0;948.54;2025-08-17;Recebida;2025-08
COMP01794;2025-08-04;FOR004;PROD036;10;37.98;45.0;424.8;2025-08-24;Recebida;2025-08
COMP01795;2025-08-04;FOR006;PROD037;14;52.55;45.0;780.7;2025-08-09;Recebida;2025-08
COMP01796;2025-08-02;FOR016;PROD038;14;73.91;45.0;1079.74;2025-08-22;Recebida;2025-08
COMP01797;2025-08-02;FOR011;PROD039;11;106.94;45.0;1221.34;2025-08-14;Recebida;2025-08
COMP01798;2025-08-03;FOR017;PROD041;13;81.81;45.0;1108.53;2025-08-18;Recebida;2025-08
COMP01799;2025-08-01;FOR009;PROD042;17;83.96;45.0;1472.32;2025-08-11;Recebida;2025-08
COMP01800;2025-08-01;FOR002;PROD043;11;94.44;45.0;1083.84;2025-08-08;Recebida;2025-08
COMP01801;2025-08-04;FOR001;PROD044;16;63.61;45.0;1062.76;2025-08-19;Recebida;2025-08
COMP01802;2025-08-03;FOR017;PROD045;27;30.24;45.0;861.48;2025-08-18;Recebida;2025-08
COMP01803;2025-08-03;FOR001;PROD046;26;57.37;45.0;1536.62;2025-08-18;Recebida;2025-08
COMP01804;2025-08-02;FOR009;PROD047;16;73.12;45.0;1214.92;2025-08-12;Recebida;2025-08
COMP01805;2025-08-03;FOR015;PROD048;11;71.36;45.0;829.96;2025-08-18;Recebida;2025-08
COMP01806;2025-08-05;FOR010;PROD050;10;80.84;45.0;853.4;2025-08-20;Recebida;2025-08
COMP01807;2025-08-02;FOR008;PROD051;10;78.86;45.0;833.6;2025-08-17;Recebida;2025-08
COMP01808;2025-08-02;FOR007;PROD052;10;80.26;45.0;847.6;2025-08-07;Recebida;2025-08
COMP01809;2025-08-02;FOR002;PROD053;23;76.53;45.0;1805.19;2025-08-09;Recebida;2025-08
COMP01810;2025-08-03;FOR011;PROD054;12;30.69;45.0;413.28;2025-08-15;Recebida;2025-08
COMP01811;2025-08-05;FOR015;PROD055;24;38.73;45.0;974.52;2025-08-20;Recebida;2025-08
COMP01812;2025-08-02;FOR005;PROD056;16;72.84;45.0;1210.44;2025-08-22;Recebida;2025-08
COMP01813;2025-08-03;FOR017;PROD057;17;110.79;45.0;1928.43;2025-08-18;Recebida;2025-08
COMP01814;2025-08-01;FOR014;PROD058;13;157.16;45.0;2088.08;2025-08-11;Recebida;2025-08
COMP01815;2025-08-04;FOR016;PROD059;18;56.9;45.0;1069.2;2025-08-24;Recebida;2025-08
COMP01816;2025-08-03;FOR003;PROD060;10;91.86;45.0;963.6;2025-08-10;Recebida;2025-08
COMP01817;2025-08-04;FOR007;PROD061;10;61.93;45.0;664.3;2025-08-09;Recebida;2025-08
COMP01818;2025-08-03;FOR004;PROD062;27;74.13;45.0;2046.51;2025-08-23;Recebida;2025-08
COMP01819;2025-08-04;FOR005;PROD063;13;64.22;45.0;879.86;2025-08-24;Recebida;2025-08
COMP01820;2025-08-03;FOR002;PROD064;24;45.56;45.0;1138.44;2025-08-10;Recebida;2025-08
COMP01821;2025-08-05;FOR010;PROD065;26;86.08;45.0;2283.08;2025-08-20;Recebida;2025-08
COMP01822;2025-08-04;FOR018;PROD066;15;74.98;45.0;1169.7;2025-08-09;Recebida;2025-08
COMP01823;2025-08-04;FOR015;PROD067;10;130.57;45.0;1350.7;2025-08-19;Recebida;2025-08
COMP01824;2025-08-02;FOR014;PROD068;12;84.0;45.0;1053.0;2025-08-12;Recebida;2025-08
COMP01825;2025-08-05;FOR011;PROD069;10;92.85;45.0;973.5;2025-08-17;Recebida;2025-08
COMP01826;2025-08-01;FOR012;PROD070;11;97.83;45.0;1121.13;2025-08-08;Recebida;2025-08
COMP01827;2025-08-01;FOR015;PROD071;13;70.96;45.0;967.48;2025-08-16;Recebida;2025-08
COMP01828;2025-08-01;FOR014;PROD072;10;26.82;45.0;313.2;2025-08-11;Recebida;2025-08
COMP01829;2025-08-04;FOR005;PROD073;21;48.48;45.0;1063.08;2025-08-24;Recebida;2025-08
COMP01830;2025-08-03;FOR017;PROD074;23;70.81;45.0;1673.63;2025-08-18;Recebida;2025-08
COMP01831;2025-08-02;FOR011;PROD075;17;84.96;45.0;1489.32;2025-08-14;Recebida;2025-08
COMP01832;2025-08-05;FOR002;PROD076;10;163.5;45.0;1680.0;2025-08-12;Recebida;2025-08
COMP01833;2025-08-04;FOR011;PROD078;20;81.01;45.0;1665.2;2025-08-16;Recebida;2025-08
COMP01834;2025-08-01;FOR014;PROD079;12;70.1;45.0;886.2;2025-08-11;Recebida;2025-08
COMP01835;2025-08-05;FOR001;PROD080;12;53.93;45.0;692.16;2025-08-20;Recebida;2025-08
COMP01836;2025-09-04;FOR017;PROD001;18;32.58;45.0;631.44;2025-09-19;Recebida;2025-09
COMP01837;2025-09-02;FOR009;PROD002;10;63.25;45.0;677.5;2025-09-12;Recebida;2025-09
COMP01838;2025-09-05;FOR017;PROD003;17;90.95;45.0;1591.15;2025-09-20;Recebida;2025-09
COMP01839;2025-09-05;FOR009;PROD004;12;148.38;45.0;1825.56;2025-09-15;Recebida;2025-09
COMP01840;2025-09-01;FOR009;PROD005;17;52.25;45.0;933.25;2025-09-11;Recebida;2025-09
COMP01841;2025-09-01;FOR009;PROD006;11;67.13;45.0;783.43;2025-09-11;Recebida;2025-09
COMP01842;2025-09-04;FOR006;PROD007;12;73.1;45.0;922.2;2025-09-09;Recebida;2025-09
COMP01843;2025-09-01;FOR004;PROD008;12;84.11;45.0;1054.32;2025-09-21;Recebida;2025-09
COMP01844;2025-09-02;FOR015;PROD009;31;23.63;45.0;777.53;2025-09-17;Recebida;2025-09
COMP01845;2025-09-02;FOR003;PROD010;38;57.88;46.08;2245.52;2025-09-09;Recebida;2025-09
COMP01846;2025-09-05;FOR015;PROD011;10;73.8;45.0;783.0;2025-09-20;Recebida;2025-09
COMP01847;2025-09-01;FOR007;PROD012;18;102.74;45.0;1894.32;2025-09-06;Recebida;2025-09
COMP01848;2025-09-04;FOR018;PROD013;13;112.87;45.0;1512.31;2025-09-09;Recebida;2025-09
COMP01849;2025-09-01;FOR006;PROD014;18;50.72;45.0;957.96;2025-09-06;Recebida;2025-09
COMP01850;2025-09-01;FOR004;PROD015;12;80.06;45.0;1005.72;2025-09-21;Recebida;2025-09
COMP01851;2025-09-05;FOR008;PROD016;10;69.89;45.0;743.9;2025-09-20;Recebida;2025-09
COMP01852;2025-09-04;FOR014;PROD017;10;72.38;45.0;768.8;2025-09-14;Recebida;2025-09
COMP01853;2025-09-01;FOR001;PROD018;19;26.94;45.0;556.86;2025-09-16;Recebida;2025-09
COMP01854;2025-09-04;FOR010;PROD019;20;37.75;45.0;800.0;2025-09-19;Recebida;2025-09
COMP01855;2025-09-02;FOR004;PROD020;19;95.8;45.0;1865.2;2025-09-22;Recebida;2025-09
COMP01856;2025-09-01;FOR004;PROD021;24;76.86;45.0;1889.64;2025-09-21;Recebida;2025-09
COMP01857;2025-09-02;FOR015;PROD022;10;148.61;45.0;1531.1;2025-09-17;Recebida;2025-09
COMP01858;2025-09-01;FOR015;PROD023;10;70.89;45.0;753.9;2025-09-16;Recebida;2025-09
COMP01859;2025-09-05;FOR018;PROD024;21;89.99;45.0;1934.79;2025-09-10;Recebida;2025-09
COMP01860;2025-09-02;FOR012;PROD025;21;72.35;45.0;1564.35;2025-09-09;Recebida;2025-09
COMP01861;2025-09-02;FOR016;PROD026;14;98.07;45.0;1417.98;2025-09-22;Recebida;2025-09
COMP01862;2025-09-05;FOR002;PROD027;10;70.25;45.0;747.5;2025-09-12;Recebida;2025-09
COMP01863;2025-09-03;FOR015;PROD028;30;61.4;45.0;1887.0;2025-09-18;Recebida;2025-09
COMP01864;2025-09-05;FOR014;PROD029;10;77.73;45.0;822.3;2025-09-15;Recebida;2025-09
COMP01865;2025-09-02;FOR001;PROD030;21;120.79;45.0;2581.59;2025-09-17;Recebida;2025-09
COMP01866;2025-09-05;FOR016;PROD031;17;128.73;45.0;2233.41;2025-09-25;Recebida;2025-09
COMP01867;2025-09-04;FOR004;PROD032;10;54.75;45.0;592.5;2025-09-24;Recebida;2025-09
COMP01868;2025-09-02;FOR002;PROD034;10;60.17;45.0;646.7;2025-09-09;Recebida;2025-09
COMP01869;2025-09-02;FOR008;PROD035;15;81.81;45.0;1272.15;2025-09-17;Recebida;2025-09
COMP01870;2025-09-04;FOR004;PROD036;18;37.62;45.0;722.16;2025-09-24;Recebida;2025-09
COMP01871;2025-09-05;FOR006;PROD037;24;52.02;45.0;1293.48;2025-09-10;Recebida;2025-09
COMP01872;2025-09-01;FOR016;PROD038;23;74.66;45.0;1762.18;2025-09-21;Recebida;2025-09
COMP01873;2025-09-05;FOR011;PROD039;27;107.06;45.0;2935.62;2025-09-17;Recebida;2025-09
COMP01874;2025-09-04;FOR002;PROD040;10;120.62;45.0;1251.2;2025-09-11;Recebida;2025-09
COMP01875;2025-09-01;FOR017;PROD041;16;82.1;45.0;1358.6;2025-09-16;Recebida;2025-09
COMP01876;2025-09-02;FOR009;PROD042;21;83.34;45.0;1795.14;2025-09-12;Recebida;2025-09
COMP01877;2025-09-03;FOR002;PROD043;17;94.1;45.0;1644.7;2025-09-10;Recebida;2025-09
COMP01878;2025-09-01;FOR001;PROD044;12;63.26;45.0;804.12;2025-09-16;Recebida;2025-09
COMP01879;2025-09-01;FOR017;PROD045;30;30.19;53.41;959.11;2025-09-16;Recebida;2025-09
COMP01880;2025-09-03;FOR001;PROD046;23;55.57;45.0;1323.11;2025-09-18;Recebida;2025-09
COMP01881;2025-09-02;FOR009;PROD047;17;71.81;45.0;1265.77;2025-09-12;Recebida;2025-09
COMP01882;2025-09-04;FOR015;PROD048;10;70.46;45.0;749.6;2025-09-19;Recebida;2025-09
COMP01883;2025-09-02;FOR012;PROD049;12;118.05;45.0;1461.6;2025-09-09;Recebida;2025-09
COMP01884;2025-09-02;FOR010;PROD050;12;79.99;45.0;1004.88;2025-09-17;Recebida;2025-09
COMP01885;2025-09-05;FOR008;PROD051;14;79.64;45.0;1159.96;2025-09-20;Recebida;2025-09
COMP01886;2025-09-01;FOR007;PROD052;27;81.42;45.0;2243.34;2025-09-06;Recebida;2025-09
COMP01887;2025-09-05;FOR002;PROD053;10;75.07;45.0;795.7;2025-09-12;Recebida;2025-09
COMP01888;2025-09-04;FOR011;PROD054;30;30.86;49.99;975.79;2025-09-16;Recebida;2025-09
COMP01889;2025-09-04;FOR015;PROD055;24;38.99;45.0;980.76;2025-09-19;Recebida;2025-09
COMP01890;2025-09-02;FOR005;PROD056;23;71.77;45.0;1695.71;2025-09-22;Recebida;2025-09
COMP01891;2025-09-02;FOR017;PROD057;16;111.89;45.0;1835.24;2025-09-17;Recebida;2025-09
COMP01892;2025-09-04;FOR014;PROD058;13;158.75;45.0;2108.75;2025-09-14;Recebida;2025-09
COMP01893;2025-09-04;FOR016;PROD059;14;57.14;45.0;844.96;2025-09-24;Recebida;2025-09
COMP01894;2025-09-04;FOR003;PROD060;15;91.76;45.0;1421.4;2025-09-11;Recebida;2025-09
COMP01895;2025-09-02;FOR007;PROD061;10;60.51;45.0;650.1;2025-09-07;Recebida;2025-09
COMP01896;2025-09-01;FOR004;PROD062;11;74.58;45.0;865.38;2025-09-21;Recebida;2025-09
COMP01897;2025-09-04;FOR005;PROD063;26;62.6;45.0;1672.6;2025-09-24;Recebida;2025-09
COMP01898;2025-09-02;FOR002;PROD064;25;46.51;45.0;1207.75;2025-09-09;Recebida;2025-09
COMP01899;2025-09-01;FOR010;PROD065;22;86.41;45.0;1946.02;2025-09-16;Recebida;2025-09
COMP01900;2025-09-04;FOR018;PROD066;23;77.07;45.0;1817.61;2025-09-09;Recebida;2025-09
COMP01901;2025-09-03;FOR014;PROD068;10;82.37;45.0;868.7;2025-09-13;Recebida;2025-09
COMP01902;2025-09-02;FOR011;PROD069;15;91.62;45.0;1419.3;2025-09-14;Recebida;2025-09
COMP01903;2025-09-03;FOR012;PROD070;10;99.19;45.0;1036.9;2025-09-10;Recebida;2025-09
COMP01904;2025-09-04;FOR015;PROD071;10;69.19;45.0;736.9;2025-09-19;Recebida;2025-09
COMP01905;2025-09-03;FOR014;PROD072;10;26.88;45.0;313.8;2025-09-13;Recebida;2025-09
COMP01906;2025-09-02;FOR005;PROD073;26;49.13;45.84;1323.22;2025-09-22;Recebida;2025-09
COMP01907;2025-09-03;FOR017;PROD074;12;72.28;45.0;912.36;2025-09-18;Recebida;2025-09
COMP01908;2025-09-04;FOR011;PROD075;19;84.8;45.0;1656.2;2025-09-16;Recebida;2025-09
COMP01909;2025-09-03;FOR018;PROD077;14;77.01;45.0;1123.14;2025-09-08;Recebida;2025-09
COMP01910;2025-09-04;FOR011;PROD078;17;82.24;45.0;1443.08;2025-09-16;Recebida;2025-09
COMP01911;2025-09-03;FOR014;PROD079;17;70.89;45.0;1250.13;2025-09-13;Recebida;2025-09
COMP01912;2025-10-04;FOR017;PROD001;26;32.41;45.0;887.66;2025-10-19;Recebida;2025-10
COMP01913;2025-10-01;FOR009;PROD002;10;62.04;45.0;665.4;2025-10-11;Recebida;2025-10
COMP01914;2025-10-01;FOR017;PROD003;16;92.94;45.0;1532.04;2025-10-16;Recebida;2025-10
COMP01915;2025-10-02;FOR009;PROD004;13;148.02;45.0;1969.26;2025-10-12;Recebida;2025-10
COMP01916;2025-10-03;FOR009;PROD005;14;52.65;45.0;782.1;2025-10-13;Recebida;2025-10
COMP01917;2025-10-04;FOR009;PROD006;21;67.49;45.0;1462.29;2025-10-14;Recebida;2025-10
COMP01918;2025-10-04;FOR006;PROD007;17;72.55;45.0;1278.35;2025-10-09;Recebida;2025-10
COMP01919;2025-10-05;FOR015;PROD009;15;23.74;45.0;401.1;2025-10-20;Recebida;2025-10
COMP01920;2025-10-03;FOR003;PROD010;33;57.22;57.3;1945.56;2025-10-10;Recebida;2025-10
COMP01921;2025-10-04;FOR015;PROD011;12;72.9;45.0;919.8;2025-10-19;Recebida;2025-10
COMP01922;2025-10-02;FOR007;PROD012;17;103.71;45.0;1808.07;2025-10-07;Recebida;2025-10
COMP01923;2025-10-05;FOR018;PROD013;14;112.12;45.0;1614.68;2025-10-10;Recebida;2025-10
COMP01924;2025-10-01;FOR006;PROD014;21;51.15;45.0;1119.15;2025-10-06;Recebida;2025-10
COMP01925;2025-10-04;FOR004;PROD015;17;79.22;45.0;1391.74;2025-10-24;Recebida;2025-10
COMP01926;2025-10-04;FOR008;PROD016;10;70.72;45.0;752.2;2025-10-19;Recebida;2025-10
COMP01927;2025-10-02;FOR014;PROD017;10;73.54;45.0;780.4;2025-10-12;Recebida;2025-10
COMP01928;2025-10-02;FOR001;PROD018;31;27.78;45.0;906.18;2025-10-17;Recebida;2025-10
COMP01929;2025-10-01;FOR010;PROD019;25;37.8;45.0;990.0;2025-10-16;Recebida;2025-10
COMP01930;2025-10-02;FOR004;PROD020;10;96.34;45.0;1008.4;2025-10-22;Recebida;2025-10
COMP01931;2025-10-02;FOR004;PROD021;19;75.96;45.0;1488.24;2025-10-22;Recebida;2025-10
COMP01932;2025-10-01;FOR015;PROD023;13;69.31;45.0;946.03;2025-10-16;Recebida;2025-10
COMP01933;2025-10-05;FOR018;PROD024;20;89.93;45.0;1843.6;2025-10-10;Recebida;2025-10
COMP01934;2025-10-04;FOR012;PROD025;21;73.56;45.0;1589.76;2025-10-11;Recebida;2025-10
COMP01935;2025-10-01;FOR016;PROD026;10;95.61;45.0;1001.1;2025-10-21;Recebida;2025-10
COMP01936;2025-10-05;FOR002;PROD027;19;72.15;45.0;1415.85;2025-10-12;Recebida;2025-10
COMP01937;2025-10-03;FOR015;PROD028;18;61.61;45.0;1153.98;2025-10-18;Recebida;2025-10
COMP01938;2025-10-03;FOR014;PROD029;14;76.27;45.0;1112.78;2025-10-13;Recebida;2025-10
COMP01939;2025-10-04;FOR001;PROD030;20;122.89;45.0;2502.8;2025-10-19;Recebida;2025-10
COMP01940;2025-10-01;FOR016;PROD031;10;131.43;45.0;1359.3;2025-10-21;Recebida;2025-10
COMP01941;2025-10-04;FOR004;PROD032;18;54.46;45.0;1025.28;2025-10-24;Recebida;2025-10
COMP01942;2025-10-05;FOR016;PROD033;20;93.43;45.0;1913.6;2025-10-25;Recebida;2025-10
COMP01943;2025-10-03;FOR002;PROD034;17;60.46;45.0;1072.82;2025-10-10;Recebida;2025-10
COMP01944;2025-10-03;FOR004;PROD036;22;37.9;45.0;878.8;2025-10-23;Recebida;2025-10
COMP01945;2025-10-03;FOR006;PROD037;20;52.55;45.0;1096.0;2025-10-08;Recebida;2025-10
COMP01946;2025-10-03;FOR016;PROD038;17;74.8;45.0;1316.6;2025-10-23;Recebida;2025-10
COMP01947;2025-10-05;FOR011;PROD039;15;109.45;45.0;1686.75;2025-10-17;Recebida;2025-10
COMP01948;2025-10-05;FOR017;PROD041;18;80.05;45.0;1485.9;2025-10-20;Recebida;2025-10
COMP01949;2025-10-01;FOR009;PROD042;32;83.43;52.45;2722.21;2025-10-11;Recebida;2025-10
COMP01950;2025-10-04;FOR002;PROD043;10;92.85;45.0;973.5;2025-10-11;Recebida;2025-10
COMP01951;2025-10-04;FOR001;PROD044;13;61.91;45.0;849.83;2025-10-19;Recebida;2025-10
COMP01952;2025-10-05;FOR017;PROD045;34;30.72;45.0;1089.48;2025-10-20;Recebida;2025-10
COMP01953;2025-10-05;FOR001;PROD046;36;56.68;57.25;2097.73;2025-10-20;Recebida;2025-10
COMP01954;2025-10-01;FOR009;PROD047;10;71.52;45.0;760.2;2025-10-11;Recebida;2025-10
COMP01955;2025-10-04;FOR015;PROD048;12;71.4;45.0;901.8;2025-10-19;Recebida;2025-10
COMP01956;2025-10-03;FOR010;PROD050;11;80.93;45.0;935.23;2025-10-18;Recebida;2025-10
COMP01957;2025-10-03;FOR008;PROD051;15;80.03;45.0;1245.45;2025-10-18;Recebida;2025-10
COMP01958;2025-10-03;FOR007;PROD052;10;80.64;45.0;851.4;2025-10-08;Recebida;2025-10
COMP01959;2025-10-03;FOR002;PROD053;15;75.08;45.0;1171.2;2025-10-10;Recebida;2025-10
COMP01960;2025-10-03;FOR011;PROD054;27;30.55;45.0;869.85;2025-10-15;Recebida;2025-10
COMP01961;2025-10-03;FOR015;PROD055;29;39.47;45.0;1189.63;2025-10-18;Recebida;2025-10
COMP01962;2025-10-01;FOR005;PROD056;23;71.84;45.0;1697.32;2025-10-21;Recebida;2025-10
COMP01963;2025-10-01;FOR017;PROD057;23;111.66;45.0;2613.18;2025-10-16;Recebida;2025-10
COMP01964;2025-10-03;FOR014;PROD058;13;155.14;45.0;2061.82;2025-10-13;Recebida;2025-10
COMP01965;2025-10-02;FOR016;PROD059;18;58.47;45.0;1097.46;2025-10-22;Recebida;2025-10
COMP01966;2025-10-05;FOR003;PROD060;14;92.04;45.0;1333.56;2025-10-12;Recebida;2025-10
COMP01967;2025-10-02;FOR007;PROD061;12;60.9;45.0;775.8;2025-10-07;Recebida;2025-10
COMP01968;2025-10-05;FOR004;PROD062;20;76.38;45.0;1572.6;2025-10-25;Recebida;2025-10
COMP01969;2025-10-04;FOR005;PROD063;19;62.55;45.0;1233.45;2025-10-24;Recebida;2025-10
COMP01970;2025-10-03;FOR002;PROD064;30;45.3;50.98;1409.98;2025-10-10;Recebida;2025-10
COMP01971;2025-10-05;FOR010;PROD065;26;85.89;45.0;2278.14;2025-10-20;Recebida;2025-10
COMP01972;2025-10-02;FOR018;PROD066;36;77.53;51.23;2842.31;2025-10-07;Recebida;2025-10
COMP01973;2025-10-01;FOR014;PROD068;23;81.91;45.0;1928.93;2025-10-11;Recebida;2025-10
COMP01974;2025-10-05;FOR011;PROD069;11;93.52;45.0;1073.72;2025-10-17;Recebida;2025-10
COMP01975;2025-10-03;FOR012;PROD070;10;97.78;45.0;1022.8;2025-10-10;Recebida;2025-10
COMP01976;2025-10-02;FOR015;PROD071;10;69.11;45.0;736.1;2025-10-17;Recebida;2025-10
COMP01977;2025-10-05;FOR014;PROD072;14;26.76;45.0;419.64;2025-10-15;Recebida;2025-10
COMP01978;2025-10-04;FOR005;PROD073;40;47.87;61.35;1976.15;2025-10-24;Recebida;2025-10
COMP01979;2025-10-01;FOR017;PROD074;19;71.31;45.0;1399.89;2025-10-16;Recebida;2025-10
COMP01980;2025-10-04;FOR011;PROD075;22;84.51;45.0;1904.22;2025-10-16;Recebida;2025-10
COMP01981;2025-10-03;FOR002;PROD076;10;159.61;45.0;1641.1;2025-10-10;Recebida;2025-10
COMP01982;2025-10-03;FOR018;PROD077;10;75.6;45.0;801.0;2025-10-08;Recebida;2025-10
COMP01983;2025-10-03;FOR011;PROD078;15;81.32;45.0;1264.8;2025-10-15;Recebida;2025-10
COMP01984;2025-10-03;FOR014;PROD079;13;70.28;45.0;958.64;2025-10-13;Recebida;2025-10
COMP01985;2025-10-03;FOR001;PROD080;12;53.02;45.0;681.24;2025-10-18;Recebida;2025-10
COMP01986;2025-11-02;FOR017;PROD001;28;32.37;45.0;951.36;2025-11-17;Recebida;2025-11
COMP01987;2025-11-03;FOR009;PROD002;10;63.13;45.0;676.3;2025-11-13;Recebida;2025-11
COMP01988;2025-11-04;FOR017;PROD003;25;93.61;45.0;2385.25;2025-11-19;Recebida;2025-11
COMP01989;2025-11-04;FOR009;PROD004;12;148.02;45.0;1821.24;2025-11-14;Recebida;2025-11
COMP01990;2025-11-02;FOR009;PROD005;22;52.39;45.0;1197.58;2025-11-12;Recebida;2025-11
COMP01991;2025-11-01;FOR009;PROD006;11;68.68;45.0;800.48;2025-11-11;Recebida;2025-11
COMP01992;2025-11-03;FOR006;PROD007;19;73.29;45.0;1437.51;2025-11-08;Recebida;2025-11
COMP01993;2025-11-02;FOR004;PROD008;10;83.38;45.0;878.8;2025-11-22;Recebida;2025-11
COMP01994;2025-11-04;FOR015;PROD009;50;23.35;84.41;1251.91;2025-11-19;Recebida;2025-11
COMP01995;2025-11-03;FOR003;PROD010;43;58.26;62.46;2567.64;2025-11-10;Recebida;2025-11
COMP01996;2025-11-02;FOR015;PROD011;13;72.16;45.0;983.08;2025-11-17;Recebida;2025-11
COMP01997;2025-11-04;FOR007;PROD012;15;103.75;45.0;1601.25;2025-11-09;Recebida;2025-11
COMP01998;2025-11-02;FOR018;PROD013;10;113.58;45.0;1180.8;2025-11-07;Recebida;2025-11
COMP01999;2025-11-01;FOR006;PROD014;27;52.15;45.0;1453.05;2025-11-06;Recebida;2025-11
COMP02000;2025-11-05;FOR004;PROD015;21;77.57;45.0;1673.97;2025-11-25;Recebida;2025-11
COMP02001;2025-11-01;FOR008;PROD016;16;70.49;45.0;1172.84;2025-11-16;Recebida;2025-11
COMP02002;2025-11-01;FOR014;PROD017;11;73.3;45.0;851.3;2025-11-11;Recebida;2025-11
COMP02003;2025-11-04;FOR001;PROD018;45;27.22;68.5;1293.4;2025-11-19;Recebida;2025-11
COMP02004;2025-11-01;FOR010;PROD019;29;38.61;45.0;1164.69;2025-11-16;Recebida;2025-11
COMP02005;2025-11-02;FOR004;PROD020;10;93.5;45.0;980.0;2025-11-22;Recebida;2025-11
COMP02006;2025-11-05;FOR004;PROD021;23;76.82;45.0;1811.86;2025-11-25;Recebida;2025-11
COMP02007;2025-11-03;FOR015;PROD022;14;146.87;45.0;2101.18;2025-11-18;Recebida;2025-11
COMP02008;2025-11-01;FOR015;PROD023;18;70.08;45.0;1306.44;2025-11-16;Recebida;2025-11
COMP02009;2025-11-01;FOR018;PROD024;15;87.93;45.0;1363.95;2025-11-06;Recebida;2025-11
COMP02010;2025-11-03;FOR012;PROD025;13;71.6;45.0;975.8;2025-11-10;Recebida;2025-11
COMP02011;2025-11-04;FOR016;PROD026;10;95.33;45.0;998.3;2025-11-24;Recebida;2025-11
COMP02012;2025-11-03;FOR002;PROD027;20;72.1;45.0;1487.0;2025-11-10;Recebida;2025-11
COMP02013;2025-11-04;FOR015;PROD028;33;61.24;45.0;2065.92;2025-11-19;Recebida;2025-11
COMP02014;2025-11-02;FOR014;PROD029;14;77.22;45.0;1126.08;2025-11-12;Recebida;2025-11
COMP02015;2025-11-02;FOR001;PROD030;16;122.23;45.0;2000.68;2025-11-17;Recebida;2025-11
COMP02016;2025-11-03;FOR016;PROD031;14;128.44;45.0;1843.16;2025-11-23;Recebida;2025-11
COMP02017;2025-11-04;FOR004;PROD032;10;54.51;45.0;590.1;2025-11-24;Recebida;2025-11
COMP02018;2025-11-03;FOR016;PROD033;10;91.15;45.0;956.5;2025-11-23;Recebida;2025-11
COMP02019;2025-11-02;FOR002;PROD034;14;59.43;45.0;877.02;2025-11-09;Recebida;2025-11
COMP02020;2025-11-05;FOR008;PROD035;12;79.9;45.0;1003.8;2025-11-20;Recebida;2025-11
COMP02021;2025-11-05;FOR004;PROD036;26;37.49;45.52;1020.26;2025-11-25;Recebida;2025-11
COMP02022;2025-11-05;FOR006;PROD037;24;52.18;45.0;1297.32;2025-11-10;Recebida;2025-11
COMP02023;2025-11-05;FOR016;PROD038;17;73.9;45.0;1301.3;2025-11-25;Recebida;2025-11
COMP02024;2025-11-02;FOR011;PROD039;27;110.37;45.0;3024.99;2025-11-14;Recebida;2025-11
COMP02025;2025-11-04;FOR002;PROD040;14;120.13;45.0;1726.82;2025-11-11;Recebida;2025-11
COMP02026;2025-11-04;FOR017;PROD041;22;82.74;45.0;1865.28;2025-11-19;Recebida;2025-11
COMP02027;2025-11-01;FOR009;PROD042;30;82.54;49.02;2525.22;2025-11-11;Recebida;2025-11
COMP02028;2025-11-04;FOR002;PROD043;16;91.44;45.0;1508.04;2025-11-11;Recebida;2025-11
COMP02029;2025-11-02;FOR001;PROD044;18;63.0;45.0;1179.0;2025-11-17;Recebida;2025-11
COMP02030;2025-11-03;FOR017;PROD045;63;29.96;108.11;1995.59;2025-11-18;Recebida;2025-11
COMP02031;2025-11-03;FOR001;PROD046;43;56.64;45.0;2480.52;2025-11-18;Recebida;2025-11
COMP02032;2025-11-01;FOR009;PROD047;20;70.93;45.0;1463.6;2025-11-11;Recebida;2025-11
COMP02033;2025-11-04;FOR015;PROD048;29;70.05;45.0;2076.45;2025-11-19;Recebida;2025-11
COMP02034;2025-11-03;FOR012;PROD049;10;118.95;45.0;1234.5;2025-11-10;Recebida;2025-11
COMP02035;2025-11-04;FOR010;PROD050;10;81.05;45.0;855.5;2025-11-19;Recebida;2025-11
COMP02036;2025-11-01;FOR008;PROD051;20;81.34;45.0;1671.8;2025-11-16;Recebida;2025-11
COMP02037;2025-11-05;FOR007;PROD052;17;82.3;45.0;1444.1;2025-11-10;Recebida;2025-11
COMP02038;2025-11-01;FOR002;PROD053;15;77.46;45.0;1206.9;2025-11-08;Recebida;2025-11
COMP02039;2025-11-03;FOR011;PROD054;46;30.04;47.33;1429.17;2025-11-15;Recebida;2025-11
COMP02040;2025-11-04;FOR015;PROD055;30;38.67;45.0;1205.1;2025-11-19;Recebida;2025-11
COMP02041;2025-11-03;FOR005;PROD056;28;71.96;50.06;2064.94;2025-11-23;Recebida;2025-11
COMP02042;2025-11-03;FOR017;PROD057;26;112.49;45.0;2969.74;2025-11-18;Recebida;2025-11
COMP02043;2025-11-05;FOR016;PROD059;33;57.47;48.33;1944.84;2025-11-25;Recebida;2025-11
COMP02044;2025-11-03;FOR003;PROD060;13;93.17;45.0;1256.21;2025-11-10;Recebida;2025-11
COMP02045;2025-11-04;FOR007;PROD061;12;61.79;45.0;786.48;2025-11-09;Recebida;2025-11
COMP02046;2025-11-04;FOR004;PROD062;17;74.25;45.0;1307.25;2025-11-24;Recebida;2025-11
COMP02047;2025-11-03;FOR005;PROD063;37;63.29;45.0;2386.73;2025-11-23;Recebida;2025-11
COMP02048;2025-11-04;FOR002;PROD064;36;46.54;48.4;1723.84;2025-11-11;Recebida;2025-11
COMP02049;2025-11-05;FOR010;PROD065;22;85.58;45.0;1927.76;2025-11-20;Recebida;2025-11
COMP02050;2025-11-01;FOR018;PROD066;36;76.58;48.38;2805.26;2025-11-06;Recebida;2025-11
COMP02051;2025-11-05;FOR015;PROD067;11;132.2;45.0;1499.2;2025-11-20;Recebida;2025-11
COMP02052;2025-11-01;FOR014;PROD068;14;82.72;45.0;1203.08;2025-11-11;Recebida;2025-11
COMP02053;2025-11-03;FOR011;PROD069;21;91.28;45.0;1961.88;2025-11-15;Recebida;2025-11
COMP02054;2025-11-02;FOR012;PROD070;10;98.42;45.0;1029.2;2025-11-09;Recebida;2025-11
COMP02055;2025-11-01;FOR015;PROD071;11;70.49;45.0;820.39;2025-11-16;Recebida;2025-11
COMP02056;2025-11-03;FOR014;PROD072;13;26.82;45.0;393.66;2025-11-13;Recebida;2025-11
COMP02057;2025-11-04;FOR005;PROD073;38;48.95;45.0;1905.1;2025-11-24;Recebida;2025-11
COMP02058;2025-11-04;FOR017;PROD074;25;70.78;45.0;1814.5;2025-11-19;Recebida;2025-11
COMP02059;2025-11-03;FOR011;PROD075;25;85.08;45.0;2172.0;2025-11-15;Recebida;2025-11
COMP02060;2025-11-01;FOR018;PROD077;12;76.06;45.0;957.72;2025-11-06;Recebida;2025-11
COMP02061;2025-11-02;FOR011;PROD078;17;80.78;45.0;1418.26;2025-11-14;Recebida;2025-11
COMP02062;2025-11-03;FOR014;PROD079;10;71.3;45.0;758.0;2025-11-13;Recebida;2025-11
COMP02063;2025-11-01;FOR001;PROD080;10;53.18;45.0;576.8;2025-11-16;Recebida;2025-11
COMP02064;2025-12-05;FOR017;PROD001;43;31.8;45.0;1412.4;2025-12-20;Recebida;2025-12
COMP02065;2025-12-02;FOR009;PROD002;16;62.37;45.0;1042.92;2025-12-12;Recebida;2025-12
COMP02066;2025-12-05;FOR017;PROD003;27;92.96;45.0;2554.92;2025-12-20;Recebida;2025-12
COMP02067;2025-12-02;FOR009;PROD004;18;146.49;45.0;2681.82;2025-12-12;Recebida;2025-12
COMP02068;2025-12-01;FOR009;PROD005;29;51.55;45.0;1539.95;2025-12-11;Recebida;2025-12
COMP02069;2025-12-02;FOR009;PROD006;32;67.35;50.4;2205.6;2025-12-12;Recebida;2025-12
COMP02070;2025-12-02;FOR006;PROD007;18;72.45;45.0;1349.1;2025-12-07;Recebida;2025-12
COMP02071;2025-12-02;FOR004;PROD008;15;83.6;45.0;1299.0;2025-12-22;Recebida;2025-12
COMP02072;2025-12-01;FOR015;PROD009;40;23.47;45.0;983.8;2025-12-16;Recebida;2025-12
COMP02073;2025-12-05;FOR003;PROD010;58;57.45;52.68;3384.78;2025-12-12;Recebida;2025-12
COMP02074;2025-12-02;FOR015;PROD011;18;72.95;45.0;1358.1;2025-12-17;Recebida;2025-12
COMP02075;2025-12-01;FOR007;PROD012;23;104.34;45.0;2444.82;2025-12-06;Recebida;2025-12
COMP02076;2025-12-04;FOR018;PROD013;10;113.52;45.0;1180.2;2025-12-09;Recebida;2025-12
COMP02077;2025-12-01;FOR006;PROD014;17;51.56;45.0;921.52;2025-12-06;Recebida;2025-12
COMP02078;2025-12-03;FOR004;PROD015;24;79.68;45.0;1957.32;2025-12-23;Recebida;2025-12
COMP02079;2025-12-03;FOR008;PROD016;19;70.17;45.0;1378.23;2025-12-18;Recebida;2025-12
COMP02080;2025-12-02;FOR014;PROD017;15;72.64;45.0;1134.6;2025-12-12;Recebida;2025-12
COMP02081;2025-12-04;FOR001;PROD018;47;27.65;60.54;1360.09;2025-12-19;Recebida;2025-12
COMP02082;2025-12-02;FOR010;PROD019;27;37.75;45.0;1064.25;2025-12-17;Recebida;2025-12
COMP02083;2025-12-01;FOR004;PROD020;15;94.69;45.0;1465.35;2025-12-21;Recebida;2025-12
COMP02084;2025-12-02;FOR004;PROD021;28;76.16;45.0;2177.48;2025-12-22;Recebida;2025-12
COMP02085;2025-12-01;FOR015;PROD022;13;144.36;45.0;1921.68;2025-12-16;Recebida;2025-12
COMP02086;2025-12-01;FOR015;PROD023;22;70.97;45.0;1606.34;2025-12-16;Recebida;2025-12
COMP02087;2025-12-05;FOR018;PROD024;33;89.1;45.0;2985.3;2025-12-10;Recebida;2025-12
COMP02088;2025-12-04;FOR012;PROD025;22;71.59;45.0;1619.98;2025-12-11;Recebida;2025-12
COMP02089;2025-12-05;FOR016;PROD026;12;95.3;45.0;1188.6;2025-12-25;Recebida;2025-12
COMP02090;2025-12-04;FOR002;PROD027;25;72.23;45.0;1850.75;2025-12-11;Recebida;2025-12
COMP02091;2025-12-01;FOR015;PROD028;32;60.41;45.0;1978.12;2025-12-16;Recebida;2025-12
COMP02092;2025-12-04;FOR014;PROD029;12;78.31;45.0;984.72;2025-12-14;Recebida;2025-12
COMP02093;2025-12-04;FOR001;PROD030;44;122.6;60.42;5454.82;2025-12-19;Recebida;2025-12
COMP02094;2025-12-03;FOR016;PROD031;13;130.97;45.0;1747.61;2025-12-23;Recebida;2025-12
COMP02095;2025-12-03;FOR004;PROD032;21;53.38;45.0;1165.98;2025-12-23;Recebida;2025-12
COMP02096;2025-12-03;FOR016;PROD033;23;91.69;45.0;2153.87;2025-12-23;Recebida;2025-12
COMP02097;2025-12-02;FOR002;PROD034;19;60.8;45.0;1200.2;2025-12-09;Recebida;2025-12
COMP02098;2025-12-05;FOR008;PROD035;13;82.47;45.0;1117.11;2025-12-20;Recebida;2025-12
COMP02099;2025-12-01;FOR004;PROD036;41;38.64;45.0;1629.24;2025-12-21;Recebida;2025-12
COMP02100;2025-12-04;FOR006;PROD037;38;52.34;45.76;2034.68;2025-12-09;Recebida;2025-12
COMP02101;2025-12-05;FOR016;PROD038;22;73.84;45.0;1669.48;2025-12-25;Recebida;2025-12
COMP02102;2025-12-01;FOR011;PROD039;27;107.88;45.68;2958.44;2025-12-13;Recebida;2025-12
COMP02103;2025-12-05;FOR017;PROD041;33;81.89;57.28;2759.65;2025-12-20;Recebida;2025-12
COMP02104;2025-12-04;FOR009;PROD042;34;82.83;45.0;2861.22;2025-12-14;Recebida;2025-12
COMP02105;2025-12-03;FOR002;PROD043;11;93.69;45.0;1075.59;2025-12-10;Recebida;2025-12
COMP02106;2025-12-01;FOR001;PROD044;23;62.72;45.0;1487.56;2025-12-16;Recebida;2025-12
COMP02107;2025-12-05;FOR017;PROD045;70;30.67;68.56;2215.46;2025-12-20;Recebida;2025-12
COMP02108;2025-12-03;FOR001;PROD046;44;57.3;71.18;2592.38;2025-12-18;Recebida;2025-12
COMP02109;2025-12-05;FOR009;PROD047;24;72.98;45.0;1796.52;2025-12-15;Recebida;2025-12
COMP02110;2025-12-02;FOR015;PROD048;27;70.05;45.0;1936.35;2025-12-17;Recebida;2025-12
COMP02111;2025-12-05;FOR012;PROD049;11;120.63;45.0;1371.93;2025-12-12;Recebida;2025-12
COMP02112;2025-12-05;FOR010;PROD050;27;79.25;45.0;2184.75;2025-12-20;Recebida;2025-12
COMP02113;2025-12-05;FOR008;PROD051;24;79.7;45.0;1957.8;2025-12-20;Recebida;2025-12
COMP02114;2025-12-04;FOR007;PROD052;26;82.55;45.0;2191.3;2025-12-09;Recebida;2025-12
COMP02115;2025-12-03;FOR002;PROD053;14;77.39;45.0;1128.46;2025-12-10;Recebida;2025-12
COMP02116;2025-12-04;FOR011;PROD054;54;30.36;91.29;1730.73;2025-12-16;Recebida;2025-12
COMP02117;2025-12-02;FOR015;PROD055;38;39.93;58.03;1575.37;2025-12-17;Recebida;2025-12
COMP02118;2025-12-02;FOR005;PROD056;18;71.32;45.0;1328.76;2025-12-22;Recebida;2025-12
COMP02119;2025-12-03;FOR017;PROD057;35;112.35;45.0;3977.25;2025-12-18;Recebida;2025-12
COMP02120;2025-12-02;FOR014;PROD058;11;155.87;45.0;1759.57;2025-12-12;Recebida;2025-12
COMP02121;2025-12-04;FOR016;PROD059;35;56.67;60.17;2043.62;2025-12-24;Recebida;2025-12
COMP02122;2025-12-03;FOR003;PROD060;20;91.48;45.0;1874.6;2025-12-10;Recebida;2025-12
COMP02123;2025-12-01;FOR007;PROD061;21;60.26;45.0;1310.46;2025-12-06;Recebida;2025-12
COMP02124;2025-12-05;FOR004;PROD062;20;76.22;45.0;1569.4;2025-12-25;Recebida;2025-12
COMP02125;2025-12-01;FOR005;PROD063;46;63.37;71.2;2986.22;2025-12-21;Recebida;2025-12
COMP02126;2025-12-03;FOR002;PROD064;44;45.6;67.3;2073.7;2025-12-10;Recebida;2025-12
COMP02127;2025-12-04;FOR010;PROD065;32;87.67;45.0;2850.44;2025-12-19;Recebida;2025-12
COMP02128;2025-12-02;FOR018;PROD066;28;76.48;45.0;2186.44;2025-12-07;Recebida;2025-12
COMP02129;2025-12-02;FOR014;PROD068;26;82.58;45.0;2192.08;2025-12-12;Recebida;2025-12
COMP02130;2025-12-04;FOR011;PROD069;29;91.17;45.0;2688.93;2025-12-16;Recebida;2025-12
COMP02131;2025-12-05;FOR012;PROD070;10;98.04;45.0;1025.4;2025-12-12;Recebida;2025-12
COMP02132;2025-12-02;FOR015;PROD071;16;69.73;45.0;1160.68;2025-12-17;Recebida;2025-12
COMP02133;2025-12-01;FOR014;PROD072;21;26.98;45.0;611.58;2025-12-11;Recebida;2025-12
COMP02134;2025-12-01;FOR005;PROD073;51;48.07;71.22;2522.79;2025-12-21;Recebida;2025-12
COMP02135;2025-12-03;FOR017;PROD074;22;72.06;45.0;1630.32;2025-12-18;Recebida;2025-12
COMP02136;2025-12-03;FOR011;PROD075;38;85.43;46.21;3292.55;2025-12-15;Recebida;2025-12
COMP02137;2025-12-04;FOR002;PROD076;10;159.6;45.0;1641.0;2025-12-11;Recebida;2025-12
COMP02138;2025-12-01;FOR018;PROD077;17;77.04;45.0;1354.68;2025-12-06;Recebida;2025-12
COMP02139;2025-12-01;FOR011;PROD078;29;81.41;45.0;2405.89;2025-12-13;Recebida;2025-12
COMP02140;2025-12-04;FOR014;PROD079;18;71.98;45.0;1340.64;2025-12-14;Recebida;2025-12
COMP02141;2025-12-04;FOR001;PROD080;15;53.18;45.0;842.7;2025-12-19;Recebida;2025-12
COMP02142;2026-01-05;FOR017;PROD001;35;33.33;57.97;1224.52;2026-01-20;Recebida;2026-01
COMP02143;2026-01-04;FOR009;PROD002;12;66.86;45.0;847.32;2026-01-14;Recebida;2026-01
COMP02144;2026-01-01;FOR017;PROD003;13;98.61;45.0;1326.93;2026-01-16;Recebida;2026-01
COMP02145;2026-01-03;FOR009;PROD004;21;152.28;45.0;3242.88;2026-01-13;Recebida;2026-01
COMP02146;2026-01-01;FOR009;PROD005;19;54.19;45.0;1074.61;2026-01-11;Recebida;2026-01
COMP02147;2026-01-05;FOR009;PROD006;17;72.07;45.0;1270.19;2026-01-15;Recebida;2026-01
COMP02148;2026-01-01;FOR006;PROD007;15;77.02;45.0;1200.3;2026-01-06;Recebida;2026-01
COMP02149;2026-01-03;FOR004;PROD008;11;89.09;45.0;1024.99;2026-01-23;Recebida;2026-01
COMP02150;2026-01-01;FOR015;PROD009;15;25.07;45.0;421.05;2026-01-16;Recebida;2026-01
COMP02151;2026-01-01;FOR003;PROD010;44;59.99;76.35;2715.91;2026-01-08;Recebida;2026-01
COMP02152;2026-01-04;FOR015;PROD011;16;76.81;45.0;1273.96;2026-01-19;Recebida;2026-01
COMP02153;2026-01-01;FOR007;PROD012;27;106.13;45.0;2910.51;2026-01-06;Recebida;2026-01
COMP02154;2026-01-01;FOR018;PROD013;16;117.27;45.0;1921.32;2026-01-06;Recebida;2026-01
COMP02155;2026-01-05;FOR006;PROD014;25;54.38;45.0;1404.5;2026-01-10;Recebida;2026-01
COMP02156;2026-01-04;FOR004;PROD015;24;82.54;45.0;2025.96;2026-01-24;Recebida;2026-01
COMP02157;2026-01-02;FOR008;PROD016;11;73.95;45.0;858.45;2026-01-17;Recebida;2026-01
COMP02158;2026-01-01;FOR014;PROD017;10;76.29;45.0;807.9;2026-01-11;Recebida;2026-01
COMP02159;2026-01-01;FOR010;PROD019;33;40.69;46.6;1389.37;2026-01-16;Recebida;2026-01
COMP02160;2026-01-02;FOR004;PROD020;13;101.1;45.0;1359.3;2026-01-22;Recebida;2026-01
COMP02161;2026-01-03;FOR004;PROD021;27;80.19;45.0;2210.13;2026-01-23;Recebida;2026-01
COMP02162;2026-01-03;FOR015;PROD022;10;155.26;45.0;1597.6;2026-01-18;Recebida;2026-01
COMP02163;2026-01-03;FOR015;PROD023;18;72.53;45.0;1350.54;2026-01-18;Recebida;2026-01
COMP02164;2026-01-01;FOR018;PROD024;32;95.01;53.69;3094.01;2026-01-06;Recebida;2026-01
COMP02165;2026-01-04;FOR012;PROD025;21;76.49;45.0;1651.29;2026-01-11;Recebida;2026-01
COMP02166;2026-01-05;FOR016;PROD026;17;99.44;45.0;1735.48;2026-01-25;Recebida;2026-01
COMP02167;2026-01-04;FOR015;PROD028;35;63.1;45.0;2253.5;2026-01-19;Recebida;2026-01
COMP02168;2026-01-04;FOR014;PROD029;18;82.56;45.0;1531.08;2026-01-14;Recebida;2026-01
COMP02169;2026-01-04;FOR001;PROD030;33;127.61;45.0;4256.13;2026-01-19;Recebida;2026-01
COMP02170;2026-01-05;FOR016;PROD031;11;134.98;45.0;1529.78;2026-01-25;Recebida;2026-01
COMP02171;2026-01-03;FOR004;PROD032;12;55.99;45.0;716.88;2026-01-23;Recebida;2026-01
COMP02172;2026-01-01;FOR016;PROD033;11;98.19;45.0;1125.09;2026-01-21;Recebida;2026-01
COMP02173;2026-01-01;FOR002;PROD034;14;63.37;45.0;932.18;2026-01-08;Recebida;2026-01
COMP02174;2026-01-02;FOR008;PROD035;13;86.01;45.0;1163.13;2026-01-17;Recebida;2026-01
COMP02175;2026-01-03;FOR006;PROD037;37;55.19;64.47;2106.5;2026-01-08;Recebida;2026-01
COMP02176;2026-01-04;FOR016;PROD038;18;78.85;45.0;1464.3;2026-01-24;Recebida;2026-01
COMP02177;2026-01-03;FOR011;PROD039;25;112.25;45.0;2851.25;2026-01-15;Recebida;2026-01
COMP02178;2026-01-04;FOR002;PROD040;13;125.11;45.0;1671.43;2026-01-11;Recebida;2026-01
COMP02179;2026-01-01;FOR017;PROD041;20;84.56;45.0;1736.2;2026-01-16;Recebida;2026-01
COMP02180;2026-01-01;FOR009;PROD042;28;87.13;45.0;2484.64;2026-01-11;Recebida;2026-01
COMP02181;2026-01-02;FOR002;PROD043;18;97.7;45.0;1803.6;2026-01-09;Recebida;2026-01
COMP02182;2026-01-04;FOR001;PROD044;14;65.6;45.0;963.4;2026-01-19;Recebida;2026-01
COMP02183;2026-01-02;FOR001;PROD046;45;59.87;61.35;2755.5;2026-01-17;Recebida;2026-01
COMP02184;2026-01-04;FOR009;PROD047;12;76.14;45.0;958.68;2026-01-14;Recebida;2026-01
COMP02185;2026-01-03;FOR015;PROD048;18;75.32;45.0;1400.76;2026-01-18;Recebida;2026-01
COMP02186;2026-01-03;FOR010;PROD050;12;84.51;45.0;1059.12;2026-01-18;Recebida;2026-01
COMP02187;2026-01-03;FOR008;PROD051;15;83.05;45.0;1290.75;2026-01-18;Recebida;2026-01
COMP02188;2026-01-02;FOR007;PROD052;27;85.54;45.0;2354.58;2026-01-07;Recebida;2026-01
COMP02189;2026-01-03;FOR002;PROD053;17;79.38;45.0;1394.46;2026-01-10;Recebida;2026-01
COMP02190;2026-01-03;FOR011;PROD054;10;32.39;45.0;368.9;2026-01-15;Recebida;2026-01
COMP02191;2026-01-01;FOR015;PROD055;50;41.98;81.89;2180.89;2026-01-16;Recebida;2026-01
COMP02192;2026-01-05;FOR005;PROD056;29;75.56;47.39;2238.63;2026-01-25;Recebida;2026-01
COMP02193;2026-01-05;FOR017;PROD057;22;118.51;45.0;2652.22;2026-01-20;Recebida;2026-01
COMP02194;2026-01-02;FOR014;PROD058;18;166.99;45.0;3050.82;2026-01-12;Recebida;2026-01
COMP02195;2026-01-03;FOR016;PROD059;28;60.31;45.0;1733.68;2026-01-23;Recebida;2026-01
COMP02196;2026-01-05;FOR003;PROD060;21;96.5;45.0;2071.5;2026-01-12;Recebida;2026-01
COMP02197;2026-01-04;FOR007;PROD061;12;64.45;45.0;818.4;2026-01-09;Recebida;2026-01
COMP02198;2026-01-01;FOR004;PROD062;15;77.68;45.0;1210.2;2026-01-21;Recebida;2026-01
COMP02199;2026-01-02;FOR005;PROD063;10;67.05;45.0;715.5;2026-01-22;Recebida;2026-01
COMP02200;2026-01-03;FOR002;PROD064;41;47.56;63.82;2013.78;2026-01-10;Recebida;2026-01
COMP02201;2026-01-04;FOR010;PROD065;24;89.69;45.0;2197.56;2026-01-19;Recebida;2026-01
COMP02202;2026-01-05;FOR018;PROD066;46;81.04;77.12;3804.96;2026-01-10;Recebida;2026-01
COMP02203;2026-01-02;FOR014;PROD068;26;87.03;45.0;2307.78;2026-01-12;Recebida;2026-01
COMP02204;2026-01-03;FOR011;PROD069;17;98.32;45.0;1716.44;2026-01-15;Recebida;2026-01
COMP02205;2026-01-01;FOR012;PROD070;10;102.99;45.0;1074.9;2026-01-08;Recebida;2026-01
COMP02206;2026-01-03;FOR014;PROD072;10;27.76;45.0;322.6;2026-01-13;Recebida;2026-01
COMP02207;2026-01-02;FOR005;PROD073;39;50.69;66.73;2043.64;2026-01-22;Recebida;2026-01
COMP02208;2026-01-01;FOR017;PROD074;18;75.41;45.0;1402.38;2026-01-16;Recebida;2026-01
COMP02209;2026-01-04;FOR011;PROD075;24;88.32;45.0;2164.68;2026-01-16;Recebida;2026-01
COMP02210;2026-01-04;FOR002;PROD076;10;168.35;45.0;1728.5;2026-01-11;Recebida;2026-01
COMP02211;2026-01-05;FOR018;PROD077;18;79.51;45.0;1476.18;2026-01-10;Recebida;2026-01
COMP02212;2026-01-02;FOR011;PROD078;17;86.45;45.0;1514.65;2026-01-14;Recebida;2026-01
COMP02213;2026-01-03;FOR014;PROD079;18;73.57;45.0;1369.26;2026-01-13;Recebida;2026-01
COMP02214;2026-02-02;FOR017;PROD001;29;34.2;47.98;1039.78;2026-02-17;Recebida;2026-02
COMP02215;2026-02-05;FOR009;PROD002;14;66.6;45.0;977.4;2026-02-15;Recebida;2026-02
COMP02216;2026-02-04;FOR017;PROD003;19;96.01;45.0;1869.19;2026-02-19;Recebida;2026-02
COMP02217;2026-02-03;FOR009;PROD004;13;152.68;45.0;2029.84;2026-02-13;Recebida;2026-02
COMP02218;2026-02-03;FOR009;PROD005;20;54.28;45.0;1130.6;2026-02-13;Recebida;2026-02
COMP02219;2026-02-05;FOR009;PROD006;16;72.2;45.0;1200.2;2026-02-15;Recebida;2026-02
COMP02220;2026-02-04;FOR006;PROD007;11;77.34;45.0;895.74;2026-02-09;Recebida;2026-02
COMP02221;2026-02-01;FOR004;PROD008;10;89.04;45.0;935.4;2026-02-21;Recebida;2026-02
COMP02222;2026-02-05;FOR015;PROD009;23;24.79;45.0;615.17;2026-02-20;Recebida;2026-02
COMP02223;2026-02-04;FOR003;PROD010;31;62.0;45.0;1967.0;2026-02-11;Recebida;2026-02
COMP02224;2026-02-03;FOR015;PROD011;14;76.08;45.0;1110.12;2026-02-18;Recebida;2026-02
COMP02225;2026-02-01;FOR007;PROD012;13;107.95;45.0;1448.35;2026-02-06;Recebida;2026-02
COMP02226;2026-02-04;FOR006;PROD014;22;53.21;45.0;1215.62;2026-02-09;Recebida;2026-02
COMP02227;2026-02-05;FOR004;PROD015;17;83.32;45.0;1461.44;2026-02-25;Recebida;2026-02
COMP02228;2026-02-02;FOR008;PROD016;18;73.01;45.0;1359.18;2026-02-17;Recebida;2026-02
COMP02229;2026-02-04;FOR001;PROD018;21;28.8;45.0;649.8;2026-02-19;Recebida;2026-02
COMP02230;2026-02-03;FOR010;PROD019;29;39.41;47.74;1190.63;2026-02-18;Recebida;2026-02
COMP02231;2026-02-03;FOR004;PROD020;10;98.09;45.0;1025.9;2026-02-23;Recebida;2026-02
COMP02232;2026-02-05;FOR004;PROD021;25;79.93;45.0;2043.25;2026-02-25;Recebida;2026-02
COMP02233;2026-02-03;FOR015;PROD022;10;155.74;45.0;1602.4;2026-02-18;Recebida;2026-02
COMP02234;2026-02-05;FOR015;PROD023;16;73.41;45.0;1219.56;2026-02-20;Recebida;2026-02
COMP02235;2026-02-02;FOR018;PROD024;22;94.2;45.0;2117.4;2026-02-07;Recebida;2026-02
COMP02236;2026-02-02;FOR012;PROD025;28;77.18;45.0;2206.04;2026-02-09;Recebida;2026-02
COMP02237;2026-02-02;FOR016;PROD026;12;99.86;45.0;1243.32;2026-02-22;Recebida;2026-02
COMP02238;2026-02-01;FOR002;PROD027;12;74.17;45.0;935.04;2026-02-08;Recebida;2026-02
COMP02239;2026-02-02;FOR015;PROD028;28;64.73;45.0;1857.44;2026-02-17;Recebida;2026-02
COMP02240;2026-02-05;FOR014;PROD029;14;81.68;45.0;1188.52;2026-02-15;Recebida;2026-02
COMP02241;2026-02-01;FOR001;PROD030;24;127.52;45.0;3105.48;2026-02-16;Recebida;2026-02
COMP02242;2026-02-01;FOR016;PROD031;11;135.05;45.0;1530.55;2026-02-21;Recebida;2026-02
COMP02243;2026-02-03;FOR004;PROD032;16;56.19;45.0;944.04;2026-02-23;Recebida;2026-02
COMP02244;2026-02-04;FOR016;PROD033;10;96.52;45.0;1010.2;2026-02-24;Recebida;2026-02
COMP02245;2026-02-02;FOR002;PROD034;12;63.95;45.0;812.4;2026-02-09;Recebida;2026-02
COMP02246;2026-02-03;FOR004;PROD036;10;40.02;45.0;445.2;2026-02-23;Recebida;2026-02
COMP02247;2026-02-02;FOR006;PROD037;17;55.04;45.0;980.68;2026-02-07;Recebida;2026-02
COMP02248;2026-02-01;FOR016;PROD038;24;79.09;45.0;1943.16;2026-02-21;Recebida;2026-02
COMP02249;2026-02-04;FOR011;PROD039;26;113.94;45.0;3007.44;2026-02-16;Recebida;2026-02
COMP02250;2026-02-05;FOR017;PROD041;19;84.02;45.0;1641.38;2026-02-20;Recebida;2026-02
COMP02251;2026-02-04;FOR009;PROD042;23;86.13;45.0;2025.99;2026-02-14;Recebida;2026-02
COMP02252;2026-02-04;FOR002;PROD043;10;97.39;45.0;1018.9;2026-02-11;Recebida;2026-02
COMP02253;2026-02-04;FOR001;PROD044;15;64.96;45.0;1019.4;2026-02-19;Recebida;2026-02
COMP02254;2026-02-01;FOR017;PROD045;23;31.31;45.0;765.13;2026-02-16;Recebida;2026-02
COMP02255;2026-02-04;FOR001;PROD046;39;59.18;45.0;2353.02;2026-02-19;Recebida;2026-02
COMP02256;2026-02-04;FOR009;PROD047;16;75.05;45.0;1245.8;2026-02-14;Recebida;2026-02
COMP02257;2026-02-05;FOR015;PROD048;11;74.2;45.0;861.2;2026-02-20;Recebida;2026-02
COMP02258;2026-02-04;FOR012;PROD049;10;125.55;45.0;1300.5;2026-02-11;Recebida;2026-02
COMP02259;2026-02-04;FOR010;PROD050;15;84.24;45.0;1308.6;2026-02-19;Recebida;2026-02
COMP02260;2026-02-03;FOR008;PROD051;17;83.69;45.0;1467.73;2026-02-18;Recebida;2026-02
COMP02261;2026-02-03;FOR007;PROD052;19;85.12;45.0;1662.28;2026-02-08;Recebida;2026-02
COMP02262;2026-02-03;FOR002;PROD053;11;79.59;45.0;920.49;2026-02-10;Recebida;2026-02
COMP02263;2026-02-02;FOR011;PROD054;29;31.81;45.0;967.49;2026-02-14;Recebida;2026-02
COMP02264;2026-02-01;FOR015;PROD055;27;41.65;45.0;1169.55;2026-02-16;Recebida;2026-02
COMP02265;2026-02-04;FOR005;PROD056;29;75.17;49.18;2229.11;2026-02-24;Recebida;2026-02
COMP02266;2026-02-01;FOR017;PROD057;22;117.63;45.0;2632.86;2026-02-16;Recebida;2026-02
COMP02267;2026-02-05;FOR016;PROD059;22;61.03;45.0;1387.66;2026-02-25;Recebida;2026-02
COMP02268;2026-02-03;FOR003;PROD060;10;95.39;45.0;998.9;2026-02-10;Recebida;2026-02
COMP02269;2026-02-03;FOR007;PROD061;10;63.46;45.0;679.6;2026-02-08;Recebida;2026-02
COMP02270;2026-02-04;FOR004;PROD062;10;78.99;45.0;834.9;2026-02-24;Recebida;2026-02
COMP02271;2026-02-01;FOR005;PROD063;13;65.97;45.0;902.61;2026-02-21;Recebida;2026-02
COMP02272;2026-02-05;FOR002;PROD064;40;47.81;50.37;1962.77;2026-02-12;Recebida;2026-02
COMP02273;2026-02-01;FOR010;PROD065;25;89.68;45.0;2287.0;2026-02-16;Recebida;2026-02
COMP02274;2026-02-01;FOR018;PROD066;29;78.68;45.0;2326.72;2026-02-06;Recebida;2026-02
COMP02275;2026-02-05;FOR015;PROD067;10;138.97;45.0;1434.7;2026-02-20;Recebida;2026-02
COMP02276;2026-02-04;FOR014;PROD068;19;87.95;45.0;1716.05;2026-02-14;Recebida;2026-02
COMP02277;2026-02-02;FOR011;PROD069;19;96.64;45.0;1881.16;2026-02-14;Recebida;2026-02
COMP02278;2026-02-02;FOR012;PROD070;10;103.55;45.0;1080.5;2026-02-09;Recebida;2026-02
COMP02279;2026-02-04;FOR015;PROD071;13;72.86;45.0;992.18;2026-02-19;Recebida;2026-02
COMP02280;2026-02-02;FOR005;PROD073;39;50.76;52.18;2031.82;2026-02-22;Recebida;2026-02
COMP02281;2026-02-02;FOR017;PROD074;22;75.36;45.0;1702.92;2026-02-17;Recebida;2026-02
COMP02282;2026-02-04;FOR011;PROD075;17;87.73;45.0;1536.41;2026-02-16;Recebida;2026-02
COMP02283;2026-02-05;FOR018;PROD077;11;81.69;45.0;943.59;2026-02-10;Recebida;2026-02
COMP02284;2026-02-02;FOR011;PROD078;18;85.06;45.0;1576.08;2026-02-14;Recebida;2026-02
COMP02285;2026-02-02;FOR014;PROD079;10;73.85;45.0;783.5;2026-02-12;Recebida;2026-02
COMP02286;2026-02-04;FOR001;PROD080;17;55.83;45.0;994.11;2026-02-19;Recebida;2026-02
COMP02287;2026-03-02;FOR017;PROD001;11;33.12;45.0;409.32;2026-03-17;Recebida;2026-03
COMP02288;2026-03-01;FOR009;PROD002;15;66.87;45.0;1048.05;2026-03-11;Recebida;2026-03
COMP02289;2026-03-02;FOR017;PROD003;15;95.53;45.0;1477.95;2026-03-17;Recebida;2026-03
COMP02290;2026-03-02;FOR009;PROD004;17;153.68;45.0;2657.56;2026-03-12;Recebida;2026-03
COMP02291;2026-03-01;FOR009;PROD005;17;54.85;45.0;977.45;2026-03-11;Recebida;2026-03
COMP02292;2026-03-02;FOR009;PROD006;18;71.53;45.0;1332.54;2026-03-12;Recebida;2026-03
COMP02293;2026-03-05;FOR006;PROD007;20;76.07;45.0;1566.4;2026-03-10;Recebida;2026-03
COMP02294;2026-03-05;FOR015;PROD009;18;25.08;45.0;496.44;2026-03-20;Recebida;2026-03
COMP02295;2026-03-05;FOR003;PROD010;23;61.57;45.0;1461.11;2026-03-12;Recebida;2026-03
COMP02296;2026-03-05;FOR015;PROD011;10;77.36;45.0;818.6;2026-03-20;Recebida;2026-03
COMP02297;2026-03-05;FOR007;PROD012;17;107.06;45.0;1865.02;2026-03-10;Recebida;2026-03
COMP02298;2026-03-05;FOR018;PROD013;14;120.16;45.0;1727.24;2026-03-10;Recebida;2026-03
COMP02299;2026-03-04;FOR006;PROD014;19;54.51;45.0;1080.69;2026-03-09;Recebida;2026-03
COMP02300;2026-03-02;FOR004;PROD015;12;81.56;45.0;1023.72;2026-03-22;Recebida;2026-03
COMP02301;2026-03-04;FOR008;PROD016;10;72.85;45.0;773.5;2026-03-19;Recebida;2026-03
COMP02302;2026-03-05;FOR014;PROD017;21;77.38;45.0;1669.98;2026-03-15;Recebida;2026-03
COMP02303;2026-03-04;FOR001;PROD018;25;34.21;45.0;900.25;2026-03-19;Recebida;2026-03
COMP02304;2026-03-01;FOR010;PROD019;24;40.15;45.0;1008.6;2026-03-16;Recebida;2026-03
COMP02305;2026-03-01;FOR004;PROD020;12;98.65;45.0;1228.8;2026-03-21;Recebida;2026-03
COMP02306;2026-03-02;FOR004;PROD021;11;80.51;45.0;930.61;2026-03-22;Recebida;2026-03
COMP02307;2026-03-03;FOR015;PROD022;10;155.52;45.0;1600.2;2026-03-18;Recebida;2026-03
COMP02308;2026-03-05;FOR015;PROD023;12;73.18;45.0;923.16;2026-03-20;Recebida;2026-03
COMP02309;2026-03-02;FOR018;PROD024;10;95.38;45.0;998.8;2026-03-07;Recebida;2026-03
COMP02310;2026-03-03;FOR012;PROD025;17;77.43;45.0;1361.31;2026-03-10;Recebida;2026-03
COMP02311;2026-03-04;FOR016;PROD026;13;99.45;45.0;1337.85;2026-03-24;Recebida;2026-03
COMP02312;2026-03-01;FOR002;PROD027;16;74.66;45.0;1239.56;2026-03-08;Recebida;2026-03
COMP02313;2026-03-04;FOR015;PROD028;10;63.99;45.0;684.9;2026-03-19;Recebida;2026-03
COMP02314;2026-03-05;FOR014;PROD029;11;80.19;45.0;927.09;2026-03-15;Recebida;2026-03
COMP02315;2026-03-01;FOR001;PROD030;22;148.24;45.0;3306.28;2026-03-16;Recebida;2026-03
COMP02316;2026-03-02;FOR016;PROD031;15;134.03;45.0;2055.45;2026-03-22;Recebida;2026-03
COMP02317;2026-03-03;FOR004;PROD032;13;57.17;45.0;788.21;2026-03-23;Recebida;2026-03
COMP02318;2026-03-02;FOR016;PROD033;13;95.61;45.0;1287.93;2026-03-22;Recebida;2026-03
COMP02319;2026-03-01;FOR002;PROD034;14;62.37;45.0;918.18;2026-03-08;Recebida;2026-03
COMP02320;2026-03-02;FOR008;PROD035;10;85.78;45.0;902.8;2026-03-17;Recebida;2026-03
COMP02321;2026-03-03;FOR004;PROD036;21;40.28;45.0;890.88;2026-03-23;Recebida;2026-03
COMP02322;2026-03-03;FOR006;PROD037;20;55.57;45.0;1156.4;2026-03-08;Recebida;2026-03
COMP02323;2026-03-04;FOR016;PROD038;12;77.28;45.0;972.36;2026-03-24;Recebida;2026-03
COMP02324;2026-03-01;FOR011;PROD039;19;114.34;45.0;2217.46;2026-03-13;Recebida;2026-03
COMP02325;2026-03-01;FOR017;PROD041;21;85.0;45.0;1830.0;2026-03-16;Recebida;2026-03
COMP02326;2026-03-03;FOR009;PROD042;21;87.39;45.0;1880.19;2026-03-13;Recebida;2026-03
COMP02327;2026-03-04;FOR002;PROD043;11;97.29;45.0;1115.19;2026-03-11;Recebida;2026-03
COMP02328;2026-03-04;FOR001;PROD044;13;77.93;45.0;1058.09;2026-03-19;Recebida;2026-03
COMP02329;2026-03-02;FOR017;PROD045;28;31.88;45.0;937.64;2026-03-17;Recebida;2026-03
COMP02330;2026-03-01;FOR001;PROD046;26;70.25;45.0;1871.5;2026-03-16;Recebida;2026-03
COMP02331;2026-03-04;FOR009;PROD047;19;76.54;45.0;1499.26;2026-03-14;Recebida;2026-03
COMP02332;2026-03-04;FOR015;PROD048;10;75.29;45.0;797.9;2026-03-19;Recebida;2026-03
COMP02333;2026-03-04;FOR010;PROD050;12;85.82;45.0;1074.84;2026-03-19;Recebida;2026-03
COMP02334;2026-03-02;FOR008;PROD051;16;85.19;45.0;1408.04;2026-03-17;Recebida;2026-03
COMP02335;2026-03-03;FOR007;PROD052;19;83.94;45.0;1639.86;2026-03-08;Recebida;2026-03
COMP02336;2026-03-03;FOR002;PROD053;13;79.99;45.0;1084.87;2026-03-10;Recebida;2026-03
COMP02337;2026-03-01;FOR011;PROD054;18;31.81;45.0;617.58;2026-03-13;Recebida;2026-03
COMP02338;2026-03-02;FOR015;PROD055;15;41.38;45.0;665.7;2026-03-17;Recebida;2026-03
COMP02339;2026-03-05;FOR005;PROD056;15;74.06;45.0;1155.9;2026-03-25;Recebida;2026-03
COMP02340;2026-03-01;FOR017;PROD057;20;116.98;45.0;2384.6;2026-03-16;Recebida;2026-03
COMP02341;2026-03-02;FOR014;PROD058;15;167.4;45.0;2556.0;2026-03-12;Recebida;2026-03
COMP02342;2026-03-01;FOR016;PROD059;13;61.21;45.0;840.73;2026-03-21;Recebida;2026-03
COMP02343;2026-03-03;FOR003;PROD060;10;95.85;45.0;1003.5;2026-03-10;Recebida;2026-03
COMP02344;2026-03-01;FOR007;PROD061;10;64.46;45.0;689.6;2026-03-06;Recebida;2026-03
COMP02345;2026-03-05;FOR004;PROD062;29;79.67;48.47;2358.9;2026-03-25;Recebida;2026-03
COMP02346;2026-03-05;FOR005;PROD063;14;65.58;45.0;963.12;2026-03-25;Recebida;2026-03
COMP02347;2026-03-03;FOR002;PROD064;31;48.27;47.77;1544.14;2026-03-10;Recebida;2026-03
COMP02348;2026-03-01;FOR010;PROD065;28;92.73;45.31;2641.75;2026-03-16;Recebida;2026-03
COMP02349;2026-03-01;FOR018;PROD066;22;80.02;45.0;1805.44;2026-03-06;Recebida;2026-03
COMP02350;2026-03-03;FOR014;PROD068;11;86.23;45.0;993.53;2026-03-13;Recebida;2026-03
COMP02351;2026-03-01;FOR011;PROD069;10;95.75;45.0;1002.5;2026-03-13;Recebida;2026-03
COMP02352;2026-03-05;FOR015;PROD071;18;74.69;45.0;1389.42;2026-03-20;Recebida;2026-03
COMP02353;2026-03-04;FOR014;PROD072;16;27.53;45.0;485.48;2026-03-14;Recebida;2026-03
COMP02354;2026-03-05;FOR005;PROD073;21;51.22;45.0;1120.62;2026-03-25;Recebida;2026-03
COMP02355;2026-03-04;FOR017;PROD074;15;75.65;45.0;1179.75;2026-03-19;Recebida;2026-03
COMP02356;2026-03-04;FOR011;PROD075;22;90.29;45.0;2031.38;2026-03-16;Recebida;2026-03
COMP02357;2026-03-02;FOR002;PROD076;10;169.07;45.0;1735.7;2026-03-09;Recebida;2026-03
COMP02358;2026-03-03;FOR011;PROD078;15;85.58;45.0;1328.7;2026-03-15;Recebida;2026-03
COMP02359;2026-03-03;FOR014;PROD079;23;74.15;45.0;1750.45;2026-03-13;Recebida;2026-03
COMP02360;2026-04-01;FOR017;PROD001;18;34.02;45.0;657.36;2026-04-16;Recebida;2026-04
COMP02361;2026-04-04;FOR009;PROD002;10;65.7;45.0;702.0;2026-04-14;Recebida;2026-04
COMP02362;2026-04-04;FOR017;PROD003;10;98.17;45.0;1026.7;2026-04-19;Recebida;2026-04
COMP02363;2026-04-04;FOR009;PROD004;23;151.54;45.0;3530.42;2026-04-14;Recebida;2026-04
COMP02364;2026-04-02;FOR009;PROD005;11;54.85;45.0;648.35;2026-04-12;Recebida;2026-04
COMP02365;2026-04-04;FOR009;PROD006;12;71.98;45.0;908.76;2026-04-14;Recebida;2026-04
COMP02366;2026-04-01;FOR006;PROD007;12;75.98;45.0;956.76;2026-04-06;Recebida;2026-04
COMP02367;2026-04-03;FOR004;PROD008;16;88.84;45.0;1466.44;2026-04-23;Recebida;2026-04
COMP02368;2026-04-03;FOR015;PROD009;25;24.5;45.0;657.5;2026-04-18;Recebida;2026-04
COMP02369;2026-04-02;FOR003;PROD010;23;60.51;45.0;1436.73;2026-04-09;Recebida;2026-04
COMP02370;2026-04-03;FOR015;PROD011;10;75.89;45.0;803.9;2026-04-18;Recebida;2026-04
COMP02371;2026-04-01;FOR018;PROD013;24;118.53;45.0;2889.72;2026-04-06;Recebida;2026-04
COMP02372;2026-04-02;FOR006;PROD014;12;54.54;45.0;699.48;2026-04-07;Recebida;2026-04
COMP02373;2026-04-04;FOR008;PROD016;14;74.33;45.0;1085.62;2026-04-19;Recebida;2026-04
COMP02374;2026-04-01;FOR014;PROD017;17;76.45;45.0;1344.65;2026-04-11;Recebida;2026-04
COMP02375;2026-04-05;FOR001;PROD018;15;33.87;45.0;553.05;2026-04-20;Recebida;2026-04
COMP02376;2026-04-01;FOR010;PROD019;18;39.65;45.0;758.7;2026-04-16;Recebida;2026-04
COMP02377;2026-04-01;FOR004;PROD020;11;97.9;45.0;1121.9;2026-04-21;Recebida;2026-04
COMP02378;2026-04-03;FOR004;PROD021;18;80.45;45.0;1493.1;2026-04-23;Recebida;2026-04
COMP02379;2026-04-05;FOR015;PROD022;15;152.38;45.0;2330.7;2026-04-20;Recebida;2026-04
COMP02380;2026-04-03;FOR015;PROD023;13;74.81;45.0;1017.53;2026-04-18;Recebida;2026-04
COMP02381;2026-04-02;FOR018;PROD024;10;92.44;45.0;969.4;2026-04-07;Recebida;2026-04
COMP02382;2026-04-05;FOR012;PROD025;17;75.69;45.0;1331.73;2026-04-12;Recebida;2026-04
COMP02383;2026-04-03;FOR016;PROD026;15;102.66;45.0;1584.9;2026-04-23;Recebida;2026-04
COMP02384;2026-04-03;FOR002;PROD027;11;75.14;45.0;871.54;2026-04-10;Recebida;2026-04
COMP02385;2026-04-01;FOR015;PROD028;12;64.55;45.0;819.6;2026-04-16;Recebida;2026-04
COMP02386;2026-04-05;FOR014;PROD029;20;82.09;45.0;1686.8;2026-04-15;Recebida;2026-04
COMP02387;2026-04-03;FOR001;PROD030;12;149.8;45.0;1842.6;2026-04-18;Recebida;2026-04
COMP02388;2026-04-05;FOR016;PROD031;24;134.17;45.0;3265.08;2026-04-25;Recebida;2026-04
COMP02389;2026-04-02;FOR004;PROD032;11;57.55;45.0;678.05;2026-04-22;Recebida;2026-04
COMP02390;2026-04-05;FOR016;PROD033;10;96.21;45.0;1007.1;2026-04-25;Recebida;2026-04
COMP02391;2026-04-01;FOR002;PROD034;16;63.51;45.0;1061.16;2026-04-08;Recebida;2026-04
COMP02392;2026-04-01;FOR008;PROD035;12;85.05;45.0;1065.6;2026-04-16;Recebida;2026-04
COMP02393;2026-04-02;FOR004;PROD036;17;40.3;45.0;730.1;2026-04-22;Recebida;2026-04
COMP02394;2026-04-04;FOR006;PROD037;10;54.41;45.0;589.1;2026-04-09;Recebida;2026-04
COMP02395;2026-04-03;FOR016;PROD038;17;77.49;45.0;1362.33;2026-04-23;Recebida;2026-04
COMP02396;2026-04-03;FOR011;PROD039;13;113.13;45.0;1515.69;2026-04-15;Recebida;2026-04
COMP02397;2026-04-02;FOR002;PROD040;15;128.76;45.0;1976.4;2026-04-09;Recebida;2026-04
COMP02398;2026-04-01;FOR017;PROD041;19;86.22;45.0;1683.18;2026-04-16;Recebida;2026-04
COMP02399;2026-04-04;FOR009;PROD042;11;86.11;45.0;992.21;2026-04-14;Recebida;2026-04
COMP02400;2026-04-05;FOR002;PROD043;10;97.12;45.0;1016.2;2026-04-12;Recebida;2026-04
COMP02401;2026-04-04;FOR001;PROD044;18;77.63;45.0;1442.34;2026-04-19;Recebida;2026-04
COMP02402;2026-04-03;FOR017;PROD045;31;31.36;45.0;1017.16;2026-04-18;Recebida;2026-04
COMP02403;2026-04-02;FOR001;PROD046;24;70.4;45.0;1734.6;2026-04-17;Recebida;2026-04
COMP02404;2026-04-03;FOR009;PROD047;19;77.01;45.0;1508.19;2026-04-13;Recebida;2026-04
COMP02405;2026-04-03;FOR015;PROD048;13;74.89;45.0;1018.57;2026-04-18;Recebida;2026-04
COMP02406;2026-04-05;FOR012;PROD049;14;126.39;45.0;1814.46;2026-04-12;Recebida;2026-04
COMP02407;2026-04-01;FOR010;PROD050;13;83.02;45.0;1124.26;2026-04-16;Recebida;2026-04
COMP02408;2026-04-03;FOR008;PROD051;10;83.08;45.0;875.8;2026-04-18;Recebida;2026-04
COMP02409;2026-04-03;FOR007;PROD052;24;85.45;45.0;2095.8;2026-04-08;Recebida;2026-04
COMP02410;2026-04-05;FOR002;PROD053;15;79.84;45.0;1242.6;2026-04-12;Recebida;2026-04
COMP02411;2026-04-01;FOR011;PROD054;27;32.09;45.0;911.43;2026-04-13;Recebida;2026-04
COMP02412;2026-04-04;FOR015;PROD055;22;41.31;45.0;953.82;2026-04-19;Recebida;2026-04
COMP02413;2026-04-01;FOR005;PROD056;27;74.5;45.0;2056.5;2026-04-21;Recebida;2026-04
COMP02414;2026-04-01;FOR017;PROD057;21;116.09;45.0;2482.89;2026-04-16;Recebida;2026-04
COMP02415;2026-04-05;FOR014;PROD058;11;166.5;45.0;1876.5;2026-04-15;Recebida;2026-04
COMP02416;2026-04-05;FOR016;PROD059;12;60.1;45.0;766.2;2026-04-25;Recebida;2026-04
COMP02417;2026-04-05;FOR003;PROD060;10;98.15;45.0;1026.5;2026-04-12;Recebida;2026-04
COMP02418;2026-04-04;FOR007;PROD061;15;64.28;45.0;1009.2;2026-04-09;Recebida;2026-04
COMP02419;2026-04-04;FOR004;PROD062;26;79.55;45.0;2113.3;2026-04-24;Recebida;2026-04
COMP02420;2026-04-01;FOR005;PROD063;21;66.32;45.0;1437.72;2026-04-21;Recebida;2026-04
COMP02421;2026-04-03;FOR002;PROD064;20;48.69;45.0;1018.8;2026-04-10;Recebida;2026-04
COMP02422;2026-04-03;FOR010;PROD065;19;92.12;45.0;1795.28;2026-04-18;Recebida;2026-04
COMP02423;2026-04-03;FOR018;PROD066;16;79.02;45.0;1309.32;2026-04-08;Recebida;2026-04
COMP02424;2026-04-01;FOR015;PROD067;14;139.52;45.0;1998.28;2026-04-16;Recebida;2026-04
COMP02425;2026-04-01;FOR014;PROD068;14;86.39;45.0;1254.46;2026-04-11;Recebida;2026-04
COMP02426;2026-04-01;FOR011;PROD069;15;96.42;45.0;1491.3;2026-04-13;Recebida;2026-04
COMP02427;2026-04-05;FOR012;PROD070;14;102.82;45.0;1484.48;2026-04-12;Recebida;2026-04
COMP02428;2026-04-04;FOR015;PROD071;19;72.9;45.0;1430.1;2026-04-19;Recebida;2026-04
COMP02429;2026-04-02;FOR014;PROD072;10;27.73;45.0;322.3;2026-04-12;Recebida;2026-04
COMP02430;2026-04-02;FOR005;PROD073;14;51.44;45.0;765.16;2026-04-22;Recebida;2026-04
COMP02431;2026-04-04;FOR017;PROD074;21;75.5;45.0;1630.5;2026-04-19;Recebida;2026-04
COMP02432;2026-04-01;FOR011;PROD075;10;88.64;45.0;931.4;2026-04-13;Recebida;2026-04
COMP02433;2026-04-03;FOR018;PROD077;10;79.74;45.0;842.4;2026-04-08;Recebida;2026-04
COMP02434;2026-04-04;FOR011;PROD078;12;87.24;45.0;1091.88;2026-04-16;Recebida;2026-04
COMP02435;2026-04-02;FOR014;PROD079;10;75.05;45.0;795.5;2026-04-12;Recebida;2026-04
COMP02436;2026-04-04;FOR001;PROD080;17;66.09;45.0;1168.53;2026-04-19;Recebida;2026-04
COMP02437;2026-05-03;FOR017;PROD001;17;33.04;45.0;606.68;2026-05-18;Recebida;2026-05
COMP02438;2026-05-05;FOR009;PROD002;10;65.15;45.0;696.5;2026-05-15;Recebida;2026-05
COMP02439;2026-05-02;FOR017;PROD003;15;95.43;45.0;1476.45;2026-05-17;Recebida;2026-05
COMP02440;2026-05-03;FOR009;PROD004;36;151.59;55.97;5513.21;2026-05-13;Recebida;2026-05
COMP02441;2026-05-04;FOR009;PROD005;15;55.24;45.0;873.6;2026-05-14;Recebida;2026-05
COMP02442;2026-05-02;FOR009;PROD006;12;71.81;45.0;906.72;2026-05-12;Recebida;2026-05
COMP02443;2026-05-05;FOR006;PROD007;19;74.9;45.0;1468.1;2026-05-10;Recebida;2026-05
COMP02444;2026-05-03;FOR004;PROD008;19;89.88;45.0;1752.72;2026-05-23;Recebida;2026-05
COMP02445;2026-05-03;FOR015;PROD009;26;24.49;45.0;681.74;2026-05-18;Recebida;2026-05
COMP02446;2026-05-02;FOR003;PROD010;17;60.62;45.0;1075.54;2026-05-09;Recebida;2026-05
COMP02447;2026-05-05;FOR015;PROD011;21;77.26;45.0;1667.46;2026-05-20;Recebida;2026-05
COMP02448;2026-05-01;FOR007;PROD012;17;106.02;45.0;1847.34;2026-05-06;Recebida;2026-05
COMP02449;2026-05-05;FOR018;PROD013;14;116.81;45.0;1680.34;2026-05-10;Recebida;2026-05
COMP02450;2026-05-01;FOR006;PROD014;13;54.06;45.0;747.78;2026-05-06;Recebida;2026-05
COMP02451;2026-05-04;FOR004;PROD015;14;83.22;45.0;1210.08;2026-05-24;Recebida;2026-05
COMP02452;2026-05-05;FOR008;PROD016;12;74.32;45.0;936.84;2026-05-20;Recebida;2026-05
COMP02453;2026-05-05;FOR014;PROD017;17;75.79;45.0;1333.43;2026-05-15;Recebida;2026-05
COMP02454;2026-05-03;FOR001;PROD018;27;34.0;45.0;963.0;2026-05-18;Recebida;2026-05
COMP02455;2026-05-01;FOR010;PROD019;10;40.21;45.0;447.1;2026-05-16;Recebida;2026-05
COMP02456;2026-05-02;FOR004;PROD020;11;98.01;45.0;1123.11;2026-05-22;Recebida;2026-05
COMP02457;2026-05-05;FOR004;PROD021;10;80.17;45.0;846.7;2026-05-25;Recebida;2026-05
COMP02458;2026-05-02;FOR015;PROD022;18;154.55;45.0;2826.9;2026-05-17;Recebida;2026-05
COMP02459;2026-05-05;FOR015;PROD023;12;72.97;45.0;920.64;2026-05-20;Recebida;2026-05
COMP02460;2026-05-05;FOR018;PROD024;10;93.16;45.0;976.6;2026-05-10;Recebida;2026-05
COMP02461;2026-05-01;FOR012;PROD025;26;75.95;45.0;2019.7;2026-05-08;Recebida;2026-05
COMP02462;2026-05-03;FOR016;PROD026;17;100.33;45.0;1750.61;2026-05-23;Recebida;2026-05
COMP02463;2026-05-04;FOR002;PROD027;12;74.84;45.0;943.08;2026-05-11;Recebida;2026-05
COMP02464;2026-05-01;FOR015;PROD028;19;63.31;45.0;1247.89;2026-05-16;Recebida;2026-05
COMP02465;2026-05-04;FOR014;PROD029;11;81.58;45.0;942.38;2026-05-14;Recebida;2026-05
COMP02466;2026-05-05;FOR001;PROD030;13;147.97;45.0;1968.61;2026-05-20;Recebida;2026-05
COMP02467;2026-05-01;FOR016;PROD031;18;137.82;45.0;2525.76;2026-05-21;Recebida;2026-05
COMP02468;2026-05-02;FOR002;PROD034;15;63.07;45.0;991.05;2026-05-09;Recebida;2026-05
COMP02469;2026-05-04;FOR008;PROD035;17;85.88;45.0;1504.96;2026-05-19;Recebida;2026-05
COMP02470;2026-05-04;FOR004;PROD036;12;40.04;45.0;525.48;2026-05-24;Recebida;2026-05
COMP02471;2026-05-05;FOR006;PROD037;13;54.01;45.0;747.13;2026-05-10;Recebida;2026-05
COMP02472;2026-05-05;FOR016;PROD038;23;78.81;45.0;1857.63;2026-05-25;Recebida;2026-05
COMP02473;2026-05-02;FOR017;PROD041;10;85.74;45.0;902.4;2026-05-17;Recebida;2026-05
COMP02474;2026-05-03;FOR009;PROD042;16;87.9;45.0;1451.4;2026-05-13;Recebida;2026-05
COMP02475;2026-05-05;FOR002;PROD043;18;98.42;45.0;1816.56;2026-05-12;Recebida;2026-05
COMP02476;2026-05-03;FOR001;PROD044;28;77.77;45.0;2222.56;2026-05-18;Recebida;2026-05
COMP02477;2026-05-01;FOR017;PROD045;33;31.63;45.0;1088.79;2026-05-16;Recebida;2026-05
COMP02478;2026-05-02;FOR001;PROD046;11;70.0;45.0;815.0;2026-05-17;Recebida;2026-05
COMP02479;2026-05-02;FOR009;PROD047;12;76.18;45.0;959.16;2026-05-12;Recebida;2026-05
COMP02480;2026-05-04;FOR015;PROD048;10;75.07;45.0;795.7;2026-05-19;Recebida;2026-05
COMP02481;2026-05-05;FOR012;PROD049;12;123.97;45.0;1532.64;2026-05-12;Recebida;2026-05
COMP02482;2026-05-03;FOR008;PROD051;17;83.63;45.0;1466.71;2026-05-18;Recebida;2026-05
COMP02483;2026-05-05;FOR007;PROD052;23;84.98;45.0;1999.54;2026-05-10;Recebida;2026-05
COMP02484;2026-05-01;FOR002;PROD053;27;80.87;45.0;2228.49;2026-05-08;Recebida;2026-05
COMP02485;2026-05-04;FOR011;PROD054;23;32.15;45.0;784.45;2026-05-16;Recebida;2026-05
COMP02486;2026-05-01;FOR015;PROD055;10;40.59;45.0;450.9;2026-05-16;Recebida;2026-05
COMP02487;2026-05-04;FOR005;PROD056;31;76.45;45.0;2414.95;2026-05-24;Recebida;2026-05
COMP02488;2026-05-03;FOR017;PROD057;10;116.49;45.0;1209.9;2026-05-18;Recebida;2026-05
COMP02489;2026-05-04;FOR014;PROD058;25;167.08;45.0;4222.0;2026-05-14;Recebida;2026-05
COMP02490;2026-05-05;FOR016;PROD059;18;60.52;45.0;1134.36;2026-05-25;Recebida;2026-05
COMP02491;2026-05-02;FOR003;PROD060;10;97.35;45.0;1018.5;2026-05-09;Recebida;2026-05
COMP02492;2026-05-03;FOR007;PROD061;10;64.61;45.0;691.1;2026-05-08;Recebida;2026-05
COMP02493;2026-05-02;FOR004;PROD062;36;79.14;45.0;2894.04;2026-05-22;Recebida;2026-05
COMP02494;2026-05-04;FOR005;PROD063;25;65.49;45.0;1682.25;2026-05-24;Recebida;2026-05
COMP02495;2026-05-03;FOR002;PROD064;17;47.65;45.0;855.05;2026-05-10;Recebida;2026-05
COMP02496;2026-05-05;FOR010;PROD065;29;91.94;45.0;2711.26;2026-05-20;Recebida;2026-05
COMP02497;2026-05-02;FOR018;PROD066;13;79.04;45.0;1072.52;2026-05-07;Recebida;2026-05
COMP02498;2026-05-02;FOR012;PROD070;12;102.48;45.0;1274.76;2026-05-09;Recebida;2026-05
COMP02499;2026-05-01;FOR015;PROD071;13;73.35;45.0;998.55;2026-05-16;Recebida;2026-05
COMP02500;2026-05-03;FOR014;PROD072;10;27.78;45.0;322.8;2026-05-13;Recebida;2026-05
COMP02501;2026-05-04;FOR005;PROD073;28;50.06;45.0;1446.68;2026-05-24;Recebida;2026-05
COMP02502;2026-05-01;FOR017;PROD074;19;74.57;45.0;1461.83;2026-05-16;Recebida;2026-05
COMP02503;2026-05-01;FOR011;PROD075;19;87.97;45.0;1716.43;2026-05-13;Recebida;2026-05
COMP02504;2026-05-03;FOR002;PROD076;11;170.52;45.0;1920.72;2026-05-10;Recebida;2026-05
COMP02505;2026-05-02;FOR011;PROD078;10;84.84;45.0;893.4;2026-05-14;Recebida;2026-05
COMP02506;2026-05-01;FOR014;PROD079;15;73.38;45.0;1145.7;2026-05-11;Recebida;2026-05
COMP02507;2026-05-01;FOR001;PROD080;20;65.4;45.0;1353.0;2026-05-16;Recebida;2026-05
COMP02508;2026-06-03;FOR017;PROD001;10;33.25;45.0;377.5;2026-06-18;Recebida;2026-06
COMP02509;2026-06-01;FOR009;PROD002;12;65.79;45.0;834.48;2026-06-11;Recebida;2026-06
COMP02510;2026-06-05;FOR017;PROD003;10;98.11;45.0;1026.1;2026-06-20;Recebida;2026-06
COMP02511;2026-06-05;FOR009;PROD004;25;151.74;45.0;3838.5;2026-06-15;Recebida;2026-06
COMP02512;2026-06-01;FOR009;PROD005;10;54.16;45.0;586.6;2026-06-11;Recebida;2026-06
COMP02513;2026-06-05;FOR009;PROD006;12;71.97;45.0;908.64;2026-06-15;Recebida;2026-06
COMP02514;2026-06-01;FOR006;PROD007;16;76.39;45.0;1267.24;2026-06-06;Recebida;2026-06
COMP02515;2026-06-04;FOR004;PROD008;17;88.69;45.0;1552.73;2026-06-24;Recebida;2026-06
COMP02516;2026-06-01;FOR015;PROD009;30;24.95;45.0;793.5;2026-06-16;Recebida;2026-06
COMP02517;2026-06-05;FOR003;PROD010;20;61.59;45.0;1276.8;2026-06-12;Recebida;2026-06
COMP02518;2026-06-02;FOR015;PROD011;16;75.56;45.0;1253.96;2026-06-17;Recebida;2026-06
COMP02519;2026-06-03;FOR007;PROD012;10;108.05;45.0;1125.5;2026-06-08;Recebida;2026-06
COMP02520;2026-06-05;FOR018;PROD013;24;119.19;45.0;2905.56;2026-06-10;Recebida;2026-06
COMP02521;2026-06-05;FOR006;PROD014;14;54.71;45.0;810.94;2026-06-10;Recebida;2026-06
COMP02522;2026-06-01;FOR004;PROD015;10;82.68;45.0;871.8;2026-06-21;Recebida;2026-06
COMP02523;2026-06-04;FOR008;PROD016;12;73.3;45.0;924.6;2026-06-19;Recebida;2026-06
COMP02524;2026-06-04;FOR014;PROD017;23;75.76;45.0;1787.48;2026-06-14;Recebida;2026-06
COMP02525;2026-06-03;FOR001;PROD018;25;34.29;45.0;902.25;2026-06-18;Recebida;2026-06
COMP02526;2026-06-05;FOR010;PROD019;24;40.6;45.0;1019.4;2026-06-20;Recebida;2026-06
COMP02527;2026-06-03;FOR004;PROD020;15;98.65;45.0;1524.75;2026-06-23;Recebida;2026-06
COMP02528;2026-06-05;FOR004;PROD021;11;78.62;45.0;909.82;2026-06-25;Recebida;2026-06
COMP02529;2026-06-03;FOR015;PROD022;21;153.64;45.0;3271.44;2026-06-18;Recebida;2026-06
COMP02530;2026-06-05;FOR015;PROD023;10;74.7;45.0;792.0;2026-06-20;Recebida;2026-06
COMP02531;2026-06-02;FOR018;PROD024;10;94.22;45.0;987.2;2026-06-07;Recebida;2026-06
COMP02532;2026-06-03;FOR012;PROD025;17;75.99;45.0;1336.83;2026-06-10;Recebida;2026-06
COMP02533;2026-06-03;FOR016;PROD026;24;100.56;45.0;2458.44;2026-06-23;Recebida;2026-06
COMP02534;2026-06-01;FOR002;PROD027;15;73.54;45.0;1148.1;2026-06-08;Recebida;2026-06
COMP02535;2026-06-01;FOR015;PROD028;10;64.8;45.0;693.0;2026-06-16;Recebida;2026-06
COMP02536;2026-06-05;FOR014;PROD029;10;82.42;45.0;869.2;2026-06-15;Recebida;2026-06
COMP02537;2026-06-04;FOR001;PROD030;21;150.72;45.0;3210.12;2026-06-19;Recebida;2026-06
COMP02538;2026-06-03;FOR016;PROD031;34;136.42;45.0;4683.28;2026-06-23;Recebida;2026-06
COMP02539;2026-06-02;FOR004;PROD032;12;57.66;45.0;736.92;2026-06-22;Recebida;2026-06
COMP02540;2026-06-01;FOR016;PROD033;14;95.5;45.0;1382.0;2026-06-21;Recebida;2026-06
COMP02541;2026-06-02;FOR002;PROD034;10;62.05;45.0;665.5;2026-06-09;Recebida;2026-06
COMP02542;2026-06-05;FOR008;PROD035;21;85.31;45.0;1836.51;2026-06-20;Recebida;2026-06
COMP02543;2026-06-01;FOR004;PROD036;17;40.72;45.0;737.24;2026-06-21;Recebida;2026-06
COMP02544;2026-06-01;FOR006;PROD037;10;55.3;45.0;598.0;2026-06-06;Recebida;2026-06
COMP02545;2026-06-05;FOR016;PROD038;16;77.74;45.0;1288.84;2026-06-25;Recebida;2026-06
COMP02546;2026-06-05;FOR011;PROD039;21;114.9;45.0;2457.9;2026-06-17;Recebida;2026-06
COMP02547;2026-06-05;FOR002;PROD040;12;125.79;45.0;1554.48;2026-06-12;Recebida;2026-06
COMP02548;2026-06-02;FOR017;PROD041;11;86.45;45.0;995.95;2026-06-17;Recebida;2026-06
COMP02549;2026-06-03;FOR009;PROD042;17;88.19;45.0;1544.23;2026-06-13;Recebida;2026-06
COMP02550;2026-06-05;FOR002;PROD043;17;98.21;45.0;1714.57;2026-06-12;Recebida;2026-06
COMP02551;2026-06-01;FOR001;PROD044;32;77.54;45.84;2527.12;2026-06-16;Recebida;2026-06
COMP02552;2026-06-01;FOR017;PROD045;44;32.31;45.0;1466.64;2026-06-16;Recebida;2026-06
COMP02553;2026-06-02;FOR001;PROD046;19;69.22;45.0;1360.18;2026-06-17;Recebida;2026-06
COMP02554;2026-06-01;FOR009;PROD047;14;76.61;45.0;1117.54;2026-06-11;Recebida;2026-06
COMP02555;2026-06-01;FOR015;PROD048;10;73.83;45.0;783.3;2026-06-16;Recebida;2026-06
COMP02556;2026-06-04;FOR012;PROD049;14;124.06;45.0;1781.84;2026-06-11;Recebida;2026-06
COMP02557;2026-06-03;FOR010;PROD050;12;83.55;45.0;1047.6;2026-06-18;Recebida;2026-06
COMP02558;2026-06-03;FOR007;PROD052;21;84.26;45.0;1814.46;2026-06-08;Recebida;2026-06
COMP02559;2026-06-02;FOR002;PROD053;26;79.63;45.0;2115.38;2026-06-09;Recebida;2026-06
COMP02560;2026-06-02;FOR011;PROD054;32;32.35;45.0;1080.2;2026-06-14;Recebida;2026-06
COMP02561;2026-06-05;FOR015;PROD055;20;41.66;45.0;878.2;2026-06-20;Recebida;2026-06
COMP02562;2026-06-01;FOR005;PROD056;25;75.86;45.0;1941.5;2026-06-21;Recebida;2026-06
COMP02563;2026-06-04;FOR017;PROD057;13;114.74;45.0;1536.62;2026-06-19;Recebida;2026-06
COMP02564;2026-06-05;FOR014;PROD058;22;163.44;45.0;3640.68;2026-06-15;Recebida;2026-06
COMP02565;2026-06-02;FOR016;PROD059;10;59.81;45.0;643.1;2026-06-22;Recebida;2026-06
COMP02566;2026-06-02;FOR007;PROD061;10;63.32;45.0;678.2;2026-06-07;Recebida;2026-06
COMP02567;2026-06-04;FOR004;PROD062;42;79.23;58.93;3386.59;2026-06-24;Recebida;2026-06
COMP02568;2026-06-01;FOR005;PROD063;27;67.31;45.0;1862.37;2026-06-21;Recebida;2026-06
COMP02569;2026-06-02;FOR002;PROD064;24;47.79;45.0;1191.96;2026-06-09;Recebida;2026-06
COMP02570;2026-06-01;FOR010;PROD065;25;90.33;45.0;2303.25;2026-06-16;Recebida;2026-06
COMP02571;2026-06-05;FOR018;PROD066;21;79.57;45.0;1715.97;2026-06-10;Recebida;2026-06
COMP02572;2026-06-02;FOR015;PROD067;14;136.1;45.0;1950.4;2026-06-17;Recebida;2026-06
COMP02573;2026-06-01;FOR014;PROD068;18;86.24;45.0;1597.32;2026-06-11;Recebida;2026-06
COMP02574;2026-06-05;FOR011;PROD069;14;97.78;45.0;1413.92;2026-06-17;Recebida;2026-06
COMP02575;2026-06-04;FOR015;PROD071;30;73.3;45.0;2244.0;2026-06-19;Recebida;2026-06
COMP02576;2026-06-01;FOR014;PROD072;11;27.58;45.0;348.38;2026-06-11;Recebida;2026-06
COMP02577;2026-06-01;FOR005;PROD073;19;50.25;45.0;999.75;2026-06-21;Recebida;2026-06
COMP02578;2026-06-03;FOR017;PROD074;13;73.45;45.0;999.85;2026-06-18;Recebida;2026-06
COMP02579;2026-06-04;FOR011;PROD075;10;87.53;45.0;920.3;2026-06-16;Recebida;2026-06
COMP02580;2026-06-05;FOR002;PROD076;13;171.87;45.0;2279.31;2026-06-12;Recebida;2026-06
COMP02581;2026-06-05;FOR018;PROD077;10;81.07;45.0;855.7;2026-06-10;Recebida;2026-06
COMP02582;2026-06-05;FOR011;PROD078;10;85.43;45.0;899.3;2026-06-17;Recebida;2026-06
COMP02583;2026-06-02;FOR014;PROD079;11;73.93;45.0;858.23;2026-06-12;Recebida;2026-06
COMP02584;2026-06-03;FOR001;PROD080;15;67.59;45.0;1058.85;2026-06-18;Recebida;2026-06
COMP02585;2026-07-05;FOR017;PROD001;17;33.78;45.0;619.26;2026-07-20;Recebida;2026-07
COMP02586;2026-07-04;FOR009;PROD002;12;65.94;45.0;836.28;2026-07-14;Recebida;2026-07
COMP02587;2026-07-03;FOR017;PROD003;10;96.82;45.0;1013.2;2026-07-18;Recebida;2026-07
COMP02588;2026-07-04;FOR009;PROD004;48;151.98;82.87;7377.91;2026-07-14;Recebida;2026-07
COMP02589;2026-07-01;FOR009;PROD005;14;55.0;45.0;815.0;2026-07-11;Recebida;2026-07
COMP02590;2026-07-04;FOR009;PROD006;10;71.11;45.0;756.1;2026-07-14;Recebida;2026-07
COMP02591;2026-07-02;FOR006;PROD007;16;76.45;45.0;1268.2;2026-07-07;Recebida;2026-07
COMP02592;2026-07-05;FOR004;PROD008;22;88.72;45.0;1996.84;2026-07-25;Recebida;2026-07
COMP02593;2026-07-05;FOR015;PROD009;14;24.56;45.0;388.84;2026-07-20;Recebida;2026-07
COMP02594;2026-07-02;FOR003;PROD010;18;60.28;45.0;1130.04;2026-07-09;Recebida;2026-07
COMP02595;2026-07-03;FOR015;PROD011;19;77.88;45.0;1524.72;2026-07-18;Recebida;2026-07
COMP02596;2026-07-04;FOR007;PROD012;12;106.13;45.0;1318.56;2026-07-09;Recebida;2026-07
COMP02597;2026-07-03;FOR018;PROD013;25;118.2;45.0;3000.0;2026-07-08;Recebida;2026-07
COMP02598;2026-07-01;FOR006;PROD014;12;53.32;45.0;684.84;2026-07-06;Recebida;2026-07
COMP02599;2026-07-03;FOR004;PROD015;10;81.85;45.0;863.5;2026-07-23;Recebida;2026-07
COMP02600;2026-07-01;FOR008;PROD016;17;73.04;45.0;1286.68;2026-07-16;Recebida;2026-07
COMP02601;2026-07-02;FOR014;PROD017;12;76.18;45.0;959.16;2026-07-12;Recebida;2026-07
COMP02602;2026-07-02;FOR001;PROD018;18;33.64;45.0;650.52;2026-07-17;Recebida;2026-07
COMP02603;2026-07-04;FOR010;PROD019;16;40.16;45.0;687.56;2026-07-19;Recebida;2026-07
COMP02604;2026-07-01;FOR004;PROD020;10;99.0;45.0;1035.0;2026-07-21;Recebida;2026-07
COMP02605;2026-07-04;FOR004;PROD021;12;79.25;45.0;996.0;2026-07-24;Recebida;2026-07
COMP02606;2026-07-01;FOR015;PROD022;16;153.12;45.0;2494.92;2026-07-16;Recebida;2026-07
COMP02607;2026-07-01;FOR018;PROD024;13;95.36;45.0;1284.68;2026-07-06;Recebida;2026-07
COMP02608;2026-07-04;FOR012;PROD025;23;76.86;45.0;1812.78;2026-07-11;Recebida;2026-07
COMP02609;2026-07-03;FOR016;PROD026;37;100.09;52.88;3756.21;2026-07-23;Recebida;2026-07
COMP02610;2026-07-03;FOR002;PROD027;12;74.67;45.0;941.04;2026-07-10;Recebida;2026-07
COMP02611;2026-07-04;FOR015;PROD028;13;64.19;45.0;879.47;2026-07-19;Recebida;2026-07
COMP02612;2026-07-02;FOR014;PROD029;17;81.34;45.0;1427.78;2026-07-12;Recebida;2026-07
COMP02613;2026-07-05;FOR001;PROD030;10;152.53;45.0;1570.3;2026-07-20;Recebida;2026-07
COMP02614;2026-07-02;FOR016;PROD031;27;134.99;45.0;3689.73;2026-07-22;Recebida;2026-07
COMP02615;2026-07-01;FOR004;PROD032;10;56.6;45.0;611.0;2026-07-21;Recebida;2026-07
COMP02616;2026-07-02;FOR002;PROD034;18;63.33;45.0;1184.94;2026-07-09;Recebida;2026-07
COMP02617;2026-07-01;FOR008;PROD035;17;85.72;45.0;1502.24;2026-07-16;Recebida;2026-07
COMP02618;2026-07-01;FOR004;PROD036;18;39.45;45.0;755.1;2026-07-21;Recebida;2026-07
COMP02619;2026-07-02;FOR006;PROD037;17;55.64;45.0;990.88;2026-07-07;Recebida;2026-07
COMP02620;2026-07-02;FOR016;PROD038;26;78.6;45.0;2088.6;2026-07-22;Recebida;2026-07
COMP02621;2026-07-01;FOR011;PROD039;13;114.47;45.0;1533.11;2026-07-13;Recebida;2026-07
COMP02622;2026-07-05;FOR002;PROD040;14;127.81;45.0;1834.34;2026-07-12;Recebida;2026-07
COMP02623;2026-07-03;FOR017;PROD041;12;84.33;45.0;1056.96;2026-07-18;Recebida;2026-07
COMP02624;2026-07-05;FOR009;PROD042;10;86.47;45.0;909.7;2026-07-15;Recebida;2026-07
COMP02625;2026-07-04;FOR002;PROD043;10;98.7;45.0;1032.0;2026-07-11;Recebida;2026-07
COMP02626;2026-07-02;FOR001;PROD044;24;77.36;45.0;1901.64;2026-07-17;Recebida;2026-07
COMP02627;2026-07-01;FOR017;PROD045;26;31.67;45.0;868.42;2026-07-16;Recebida;2026-07
COMP02628;2026-07-02;FOR001;PROD046;19;68.96;45.0;1355.24;2026-07-17;Recebida;2026-07
COMP02629;2026-07-02;FOR009;PROD047;20;75.5;45.0;1555.0;2026-07-12;Recebida;2026-07
COMP02630;2026-07-04;FOR015;PROD048;10;74.09;45.0;785.9;2026-07-19;Recebida;2026-07
COMP02631;2026-07-01;FOR012;PROD049;10;127.48;45.0;1319.8;2026-07-08;Recebida;2026-07
COMP02632;2026-07-02;FOR010;PROD050;13;83.63;45.0;1132.19;2026-07-17;Recebida;2026-07
COMP02633;2026-07-04;FOR008;PROD051;20;85.07;45.0;1746.4;2026-07-19;Recebida;2026-07
COMP02634;2026-07-03;FOR007;PROD052;19;85.31;45.0;1665.89;2026-07-08;Recebida;2026-07
COMP02635;2026-07-01;FOR002;PROD053;28;80.54;45.98;2301.1;2026-07-08;Recebida;2026-07
COMP02636;2026-07-04;FOR011;PROD054;24;32.43;45.0;823.32;2026-07-16;Recebida;2026-07
COMP02637;2026-07-04;FOR015;PROD055;16;41.97;45.0;716.52;2026-07-19;Recebida;2026-07
COMP02638;2026-07-02;FOR005;PROD056;33;76.46;45.0;2568.18;2026-07-22;Recebida;2026-07
COMP02639;2026-07-01;FOR017;PROD057;14;116.71;45.0;1678.94;2026-07-16;Recebida;2026-07
COMP02640;2026-07-03;FOR014;PROD058;25;167.21;45.0;4225.25;2026-07-13;Recebida;2026-07
COMP02641;2026-07-05;FOR016;PROD059;11;60.24;45.0;707.64;2026-07-25;Recebida;2026-07
COMP02642;2026-07-02;FOR003;PROD060;14;96.03;45.0;1389.42;2026-07-09;Recebida;2026-07
COMP02643;2026-07-03;FOR007;PROD061;10;64.44;45.0;689.4;2026-07-08;Recebida;2026-07
COMP02644;2026-07-03;FOR004;PROD062;44;79.5;77.0;3575.0;2026-07-23;Recebida;2026-07
COMP02645;2026-07-04;FOR005;PROD063;14;67.01;45.0;983.14;2026-07-24;Recebida;2026-07
COMP02646;2026-07-05;FOR002;PROD064;15;47.54;45.0;758.1;2026-07-12;Recebida;2026-07
COMP02647;2026-07-03;FOR010;PROD065;29;92.53;45.0;2728.37;2026-07-18;Recebida;2026-07
COMP02648;2026-07-02;FOR018;PROD066;20;78.94;45.0;1623.8;2026-07-07;Recebida;2026-07
COMP02649;2026-07-03;FOR015;PROD067;15;135.87;45.0;2083.05;2026-07-18;Recebida;2026-07
COMP02650;2026-07-04;FOR011;PROD069;10;97.0;45.0;1015.0;2026-07-16;Recebida;2026-07
COMP02651;2026-07-03;FOR012;PROD070;10;103.45;45.0;1079.5;2026-07-10;Recebida;2026-07
COMP02652;2026-07-03;FOR015;PROD071;15;73.69;45.0;1150.35;2026-07-18;Recebida;2026-07
COMP02653;2026-07-02;FOR014;PROD072;10;27.79;45.0;322.9;2026-07-12;Recebida;2026-07
COMP02654;2026-07-02;FOR005;PROD073;30;51.51;45.0;1590.3;2026-07-22;Recebida;2026-07
COMP02655;2026-07-05;FOR017;PROD074;27;74.89;45.0;2067.03;2026-07-20;Recebida;2026-07
COMP02656;2026-07-04;FOR011;PROD075;16;89.86;45.0;1482.76;2026-07-16;Recebida;2026-07
COMP02657;2026-07-04;FOR002;PROD076;10;170.59;45.0;1750.9;2026-07-11;Recebida;2026-07
COMP02658;2026-07-04;FOR011;PROD078;10;85.19;45.0;896.9;2026-07-16;Recebida;2026-07
COMP02659;2026-07-03;FOR014;PROD079;10;74.66;45.0;791.6;2026-07-13;Recebida;2026-07
COMP02660;2026-07-03;FOR001;PROD080;23;67.22;45.0;1591.06;2026-07-18;Recebida;2026-07
