id_conta_receber;venda_id;cliente_id;cliente_nome;data_emissao;data_vencimento;data_recebimento;numero_parcela;total_parcelas;valor_original;juros_multa;valor_recebido;saldo_aberto;status;dias_atraso;forma_recebimento;canal_venda;centro_custo;competencia;documento_referencia;observacoes
CR00001;VEN0001;CLI114;Fábio Ribeiro;2025-08-01;2025-08-31;2025-08-30;1;1;514.34;0.0;514.34;0.0;Recebido;0;Boleto;E-commerce;CC-COMERCIAL;2025-08;VEN0001;Recebimento realizado dentro do prazo.
CR00002;VEN0002;CLI118;Leonardo Oliveira;2025-08-01;2025-08-31;2025-08-30;1;6;88.88;0.0;88.88;0.0;Recebido;0;PIX;Loja Física;CC-COMERCIAL;2025-08;VEN0002;Recebimento realizado dentro do prazo.
CR00008;VEN0003;CLI043;Natália Almeida;2025-08-05;2025-09-04;2025-09-02;1;6;47.27;0.0;47.27;0.0;Recebido;0;PIX;WhatsApp;CC-COMERCIAL;2025-08;VEN0003;Recebimento realizado dentro do prazo.
CR00014;VEN0004;CLI042;Gustavo Costa;2025-08-05;2025-09-04;2025-09-04;1;1;283.61;0.0;283.61;0.0;Recebido;0;PIX;E-commerce;CC-COMERCIAL;2025-08;VEN0004;Recebimento realizado dentro do prazo.
CR00015;VEN0006;CLI112;Lucas Oliveira;2025-08-06;2025-09-05;2025-09-02;1;1;255.33;0.0;255.33;0.0;Recebido;0;Boleto;E-commerce;CC-COMERCIAL;2025-08;VEN0006;Recebimento realizado dentro do prazo.
CR00016;VEN0007;CLI101;Amanda Costa;2025-08-06;2025-09-05;2025-09-02;1;2;80.08;0.0;80.08;0.0;Recebido;0;Cartão de Débito;Loja Física;CC-COMERCIAL;2025-08;VEN0007;Recebimento realizado dentro do prazo.
CR00018;VEN0008;CLI074;Camila Silva;2025-08-07;2025-09-06;2025-09-06;1;1;137.27;0.0;137.27;0.0;Recebido;0;Cartão de Crédito;WhatsApp;CC-COMERCIAL;2025-08;VEN0008;Recebimento realizado dentro do prazo.
CR00019;VEN0009;CLI053;Bianca Lima;2025-08-08;2025-09-07;;1;2;151.09;0.0;0.0;151.09;Em atraso;327;Cartão de Crédito;E-commerce;CC-COMERCIAL;2025-08;VEN0009;Título pendente de recebimento.
CR00021;VEN0010;CLI074;Camila Silva;2025-08-08;2025-09-07;2025-09-07;1;4;34.88;0.0;34.88;0.0;Recebido;0;Cartão de Crédito;E-commerce;CC-COMERCIAL;2025-08;VEN0010;Recebimento realizado dentro do prazo.
CR00025;VEN0015;CLI104;Helena Ribeiro;2025-08-10;2025-09-09;2025-09-09;1;1;931.72;0.0;931.72;0.0;Recebido;0;Cartão de Débito;Loja Física;CC-COMERCIAL;2025-08;VEN0015;Recebimento realizado dentro do prazo.
CR00026;VEN0016;CLI035;Amanda Ferreira;2025-08-11;2025-09-10;2025-09-30;1;6;49.74;0.99;50.73;0.0;Recebido com atraso;20;Cartão de Débito;E-commerce;CC-COMERCIAL;2025-08;VEN0016;Recebimento realizado após o vencimento.
CR00032;VEN0020;CLI022;Eduardo Gomes;2025-08-12;2025-09-11;2025-09-08;1;2;321.78;0.0;321.78;0.0;Recebido;0;Boleto;Loja Física;CC-COMERCIAL;2025-08;VEN0020;Recebimento realizado dentro do prazo.
CR00034;VEN0021;CLI035;Amanda Ferreira;2025-08-12;2025-09-11;2025-09-11;1;6;104.79;0.0;104.79;0.0;Recebido;0;Cartão de Crédito;Loja Física;CC-COMERCIAL;2025-08;VEN0021;Recebimento realizado dentro do prazo.
CR00040;VEN0025;CLI112;Lucas Oliveira;2025-08-13;2025-09-12;2025-09-11;1;6;20.73;0.0;20.73;0.0;Recebido;0;PIX;Loja Física;CC-COMERCIAL;2025-08;VEN0025;Recebimento realizado dentro do prazo.
CR00046;VEN0026;CLI116;Caio Silva;2025-08-14;2025-09-13;2025-09-12;1;1;321.94;0.0;321.94;0.0;Recebido;0;Boleto;E-commerce;CC-COMERCIAL;2025-08;VEN0026;Recebimento realizado dentro do prazo.
CR00047;VEN0027;CLI046;Diego Silva;2025-08-15;2025-09-14;2025-09-12;1;1;355.5;0.0;355.5;0.0;Recebido;0;PIX;E-commerce;CC-COMERCIAL;2025-08;VEN0027;Recebimento realizado dentro do prazo.
CR00048;VEN0028;CLI033;Mariana Ribeiro;2025-08-15;2025-09-14;2025-09-11;1;2;298.41;0.0;298.41;0.0;Recebido;0;Cartão de Crédito;Loja Física;CC-COMERCIAL;2025-08;VEN0028;Recebimento realizado dentro do prazo.
CR00050;VEN0031;CLI044;Igor Souza;2025-08-17;2025-09-16;;1;6;48.87;0.0;0.0;48.87;Em atraso;318;PIX;Loja Física;CC-COMERCIAL;2025-08;VEN0031;Título pendente de recebimento.
CR00056;VEN0032;CLI022;Eduardo Gomes;2025-08-19;2025-09-18;2025-09-16;1;6;26.69;0.0;26.69;0.0;Recebido;0;Cartão de Crédito;Loja Física;CC-COMERCIAL;2025-08;VEN0032;Recebimento realizado dentro do prazo.
CR00062;VEN0033;CLI069;Leonardo Ferreira;2025-08-19;2025-09-18;2025-09-16;1;6;64.38;0.0;64.38;0.0;Recebido;0;Cartão de Crédito;E-commerce;CC-COMERCIAL;2025-08;VEN0033;Recebimento realizado dentro do prazo.
CR00068;VEN0034;CLI044;Igor Souza;2025-08-19;2025-09-18;2025-09-25;1;1;866.77;14.52;881.29;0.0;Recebido com atraso;7;PIX;E-commerce;CC-COMERCIAL;2025-08;VEN0034;Recebimento realizado após o vencimento.
CR00069;VEN0036;CLI101;Amanda Costa;2025-08-19;2025-09-18;2025-10-06;1;1;294.47;5.74;300.21;0.0;Recebido com atraso;18;Boleto;WhatsApp;CC-COMERCIAL;2025-08;VEN0036;Recebimento realizado após o vencimento.
CR00070;VEN0037;CLI105;Carolina Gomes;2025-08-21;2025-09-20;2025-09-17;1;1;347.75;0.0;347.75;0.0;Recebido;0;PIX;E-commerce;CC-COMERCIAL;2025-08;VEN0037;Recebimento realizado dentro do prazo.
CR00071;VEN0038;CLI053;Bianca Lima;2025-08-21;2025-09-20;2025-09-19;1;1;159.53;0.0;159.53;0.0;Recebido;0;Cartão de Crédito;Loja Física;CC-COMERCIAL;2025-08;VEN0038;Recebimento realizado dentro do prazo.
CR00072;VEN0039;CLI052;Gustavo Costa;2025-08-22;2025-09-21;2025-09-19;1;1;205.66;0.0;205.66;0.0;Recebido;0;PIX;E-commerce;CC-COMERCIAL;2025-08;VEN0039;Recebimento realizado dentro do prazo.
CR00073;VEN0040;CLI025;Thiago Lima;2025-08-22;2025-09-21;2025-09-18;1;1;374.42;0.0;374.42;0.0;Recebido;0;Cartão de Crédito;E-commerce;CC-COMERCIAL;2025-08;VEN0040;Recebimento realizado dentro do prazo.
CR00074;VEN0041;CLI002;Helena Souza;2025-08-22;2025-09-21;2025-09-21;1;1;137.27;0.0;137.27;0.0;Recebido;0;Cartão de Crédito;WhatsApp;CC-COMERCIAL;2025-08;VEN0041;Recebimento realizado dentro do prazo.
CR00075;VEN0042;CLI002;Helena Souza;2025-08-23;2025-09-22;2025-09-21;1;3;86.15;0.0;86.15;0.0;Recebido;0;Cartão de Crédito;E-commerce;CC-COMERCIAL;2025-08;VEN0042;Recebimento realizado dentro do prazo.
CR00078;VEN0043;CLI081;Leonardo Costa;2025-08-23;2025-09-22;2025-09-21;1;1;738.9;0.0;738.9;0.0;Recebido;0;Cartão de Débito;Loja Física;CC-COMERCIAL;2025-08;VEN0043;Recebimento realizado dentro do prazo.
CR00079;VEN0044;CLI113;Lucas Oliveira;2025-08-24;2025-09-23;2025-09-22;1;4;70.9;0.0;70.9;0.0;Recebido;0;Cartão de Débito;E-commerce;CC-COMERCIAL;2025-08;VEN0044;Recebimento realizado dentro do prazo.
CR00083;VEN0046;CLI043;Natália Almeida;2025-08-26;2025-09-25;2025-09-24;1;1;145.01;0.0;145.01;0.0;Recebido;0;Boleto;Loja Física;CC-COMERCIAL;2025-08;VEN0046;Recebimento realizado dentro do prazo.
CR00084;VEN0047;CLI116;Caio Silva;2025-08-26;2025-09-25;2025-10-05;1;1;724.29;12.68;736.97;0.0;Recebido com atraso;10;Cartão de Crédito;E-commerce;CC-COMERCIAL;2025-08;VEN0047;Recebimento realizado após o vencimento.
CR00085;VEN0048;CLI033;Mariana Ribeiro;2025-08-27;2025-09-26;2025-09-23;1;1;204.42;0.0;204.42;0.0;Recebido;0;PIX;E-commerce;CC-COMERCIAL;2025-08;VEN0048;Recebimento realizado dentro do prazo.
CR00086;VEN0049;CLI043;Natália Almeida;2025-08-27;2025-09-26;2025-09-25;1;1;444.1;0.0;444.1;0.0;Recebido;0;Cartão de Débito;Loja Física;CC-COMERCIAL;2025-08;VEN0049;Recebimento realizado dentro do prazo.
CR00087;VEN0050;CLI053;Bianca Lima;2025-08-27;2025-09-26;2025-09-26;1;4;72.54;0.0;72.54;0.0;Recebido;0;Cartão de Débito;Loja Física;CC-COMERCIAL;2025-08;VEN0050;Recebimento realizado dentro do prazo.
CR00091;VEN0051;CLI114;Fábio Ribeiro;2025-08-29;2025-09-28;2025-09-25;1;1;329.94;0.0;329.94;0.0;Recebido;0;Boleto;E-commerce;CC-COMERCIAL;2025-08;VEN0051;Recebimento realizado dentro do prazo.
CR00092;VEN0052;CLI101;Amanda Costa;2025-08-29;2025-09-28;2025-10-08;1;2;232.1;4.06;236.16;0.0;Recebido com atraso;10;Cartão de Crédito;Loja Física;CC-COMERCIAL;2025-08;VEN0052;Recebimento realizado após o vencimento.
CR00094;VEN0054;CLI032;Igor Souza;2025-08-30;2025-09-29;2025-09-26;1;6;72.16;0.0;72.16;0.0;Recebido;0;PIX;E-commerce;CC-COMERCIAL;2025-08;VEN0054;Recebimento realizado dentro do prazo.
CR00003;VEN0002;CLI118;Leonardo Oliveira;2025-08-01;2025-09-30;2025-09-28;2;6;88.88;0.0;88.88;0.0;Recebido;0;PIX;Loja Física;CC-COMERCIAL;2025-08;VEN0002;Recebimento realizado dentro do prazo.
CR00100;VEN0060;CLI040;Cláudia Santos;2025-09-03;2025-10-03;2025-10-02;1;1;224.4;0.0;224.4;0.0;Recebido;0;PIX;Loja Física;CC-COMERCIAL;2025-09;VEN0060;Recebimento realizado dentro do prazo.
CR00101;VEN0061;CLI074;Camila Silva;2025-09-03;2025-10-03;2025-09-30;1;2;54.4;0.0;54.4;0.0;Recebido;0;Cartão de Crédito;E-commerce;CC-COMERCIAL;2025-09;VEN0061;Recebimento realizado dentro do prazo.
CR00103;VEN0062;CLI036;Leonardo Santos;2025-09-03;2025-10-03;2025-10-01;1;6;80.32;0.0;80.32;0.0;Recebido;0;PIX;Loja Física;CC-COMERCIAL;2025-09;VEN0062;Recebimento realizado dentro do prazo.
CR00109;VEN0063;CLI071;Amanda Costa;2025-09-03;2025-10-03;2025-10-02;1;1;248.82;0.0;248.82;0.0;Recebido;0;Boleto;Loja Física;CC-COMERCIAL;2025-09;VEN0063;Recebimento realizado dentro do prazo.
CR00110;VEN0064;CLI044;Igor Souza;2025-09-03;2025-10-03;2025-10-02;1;2;150.06;0.0;150.06;0.0;Recebido;0;Boleto;E-commerce;CC-COMERCIAL;2025-09;VEN0064;Recebimento realizado dentro do prazo.
CR00112;VEN0065;CLI044;Igor Souza;2025-09-03;2025-10-03;2025-10-02;1;6;104.79;0.0;104.79;0.0;Recebido;0;Boleto;Loja Física;CC-COMERCIAL;2025-09;VEN0065;Recebimento realizado dentro do prazo.
CR00009;VEN0003;CLI043;Natália Almeida;2025-08-05;2025-10-04;2025-10-03;2;6;47.27;0.0;47.27;0.0;Recebido;0;PIX;WhatsApp;CC-COMERCIAL;2025-08;VEN0003;Recebimento realizado dentro do prazo.
CR00118;VEN0067;CLI070;Lucas Ferreira;2025-09-04;2025-10-04;2025-10-04;1;1;416.14;0.0;416.14;0.0;Recebido;0;Cartão de Crédito;WhatsApp;CC-COMERCIAL;2025-09;VEN0067;Recebimento realizado dentro do prazo.
CR00017;VEN0007;CLI101;Amanda Costa;2025-08-06;2025-10-05;2025-10-04;2;2;80.07;0.0;80.07;0.0;Recebido;0;Cartão de Débito;Loja Física;CC-COMERCIAL;2025-08;VEN0007;Recebimento realizado dentro do prazo.
CR00119;VEN0068;CLI112;Lucas Oliveira;2025-09-05;2025-10-05;2025-10-02;1;2;204.6;0.0;204.6;0.0;Recebido;0;Cartão de Crédito;Loja Física;CC-COMERCIAL;2025-09;VEN0068;Recebimento realizado dentro do prazo.
CR00121;VEN0069;CLI030;Renata Ribeiro;2025-09-06;2025-10-06;2025-10-06;1;1;411.81;0.0;411.81;0.0;Recebido;0;PIX;E-commerce;CC-COMERCIAL;2025-09;VEN0069;Recebimento realizado dentro do prazo.
CR00122;VEN0071;CLI042;Gustavo Costa;2025-09-06;2025-10-06;2025-10-04;1;3;134.56;0.0;134.56;0.0;Recebido;0;PIX;Loja Física;CC-COMERCIAL;2025-09;VEN0071;Recebimento realizado dentro do prazo.
CR00020;VEN0009;CLI053;Bianca Lima;2025-08-08;2025-10-07;2025-10-06;2;2;151.1;0.0;151.1;0.0;Recebido;0;Cartão de Crédito;E-commerce;CC-COMERCIAL;2025-08;VEN0009;Recebimento realizado dentro do prazo.
CR00022;VEN0010;CLI074;Camila Silva;2025-08-08;2025-10-07;2025-10-04;2;4;34.88;0.0;34.88;0.0;Recebido;0;Cartão de Crédito;E-commerce;CC-COMERCIAL;2025-08;VEN0010;Recebimento realizado dentro do prazo.
CR00125;VEN0074;CLI046;Diego Silva;2025-09-09;2025-10-09;2025-10-09;1;3;252.12;0.0;252.12;0.0;Recebido;0;Cartão de Crédito;WhatsApp;CC-COMERCIAL;2025-09;VEN0074;Recebimento realizado dentro do prazo.
CR00128;VEN0075;CLI116;Caio Silva;2025-09-09;2025-10-09;2025-10-09;1;6;39.96;0.0;39.96;0.0;Recebido;0;Cartão de Débito;E-commerce;CC-COMERCIAL;2025-09;VEN0075;Recebimento realizado dentro do prazo.
CR00134;VEN0076;CLI082;Lucas Ribeiro;2025-09-09;2025-10-09;2025-10-27;1;1;386.26;7.53;393.79;0.0;Recebido com atraso;18;PIX;WhatsApp;CC-COMERCIAL;2025-09;VEN0076;Recebimento realizado após o vencimento.
CR00027;VEN0016;CLI035;Amanda Ferreira;2025-08-11;2025-10-10;2025-10-09;2;6;49.74;0.0;49.74;0.0;Recebido;0;Cartão de Débito;E-commerce;CC-COMERCIAL;2025-08;VEN0016;Recebimento realizado dentro do prazo.
CR00135;VEN0078;CLI060;Gustavo Almeida;2025-09-10;2025-10-10;2025-10-10;1;1;640.6;0.0;640.6;0.0;Recebido;0;PIX;E-commerce;CC-COMERCIAL;2025-09;VEN0078;Recebimento realizado dentro do prazo.
CR00136;VEN0079;CLI006;Thiago Ribeiro;2025-09-10;2025-10-10;2025-10-09;1;2;35.53;0.0;35.53;0.0;Recebido;0;PIX;Loja Física;CC-COMERCIAL;2025-09;VEN0079;Recebimento realizado dentro do prazo.
CR00033;VEN0020;CLI022;Eduardo Gomes;2025-08-12;2025-10-11;;2;2;321.78;0.0;0.0;321.78;Em atraso;293;Boleto;Loja Física;CC-COMERCIAL;2025-08;VEN0020;Título pendente de recebimento.
CR00035;VEN0021;CLI035;Amanda Ferreira;2025-08-12;2025-10-11;2025-10-08;2;6;104.79;0.0;104.79;0.0;Recebido;0;Cartão de Crédito;Loja Física;CC-COMERCIAL;2025-08;VEN0021;Recebimento realizado dentro do prazo.
CR00138;VEN0080;CLI036;Leonardo Santos;2025-09-11;2025-10-11;;1;1;926.49;0.0;0.0;926.49;Em atraso;293;Cartão de Débito;E-commerce;CC-COMERCIAL;2025-09;VEN0080;Título pendente de recebimento.
CR00041;VEN0025;CLI112;Lucas Oliveira;2025-08-13;2025-10-12;2025-10-10;2;6;20.73;0.0;20.73;0.0;Recebido;0;PIX;Loja Física;CC-COMERCIAL;2025-08;VEN0025;Recebimento realizado dentro do prazo.
CR00139;VEN0081;CLI114;Fábio Ribeiro;2025-09-12;2025-10-12;2025-10-09;1;1;772.52;0.0;772.52;0.0;Recebido;0;Cartão de Crédito;Loja Física;CC-COMERCIAL;2025-09;VEN0081;Recebimento realizado dentro do prazo.
CR00140;VEN0082;CLI044;Igor Souza;2025-09-13;2025-10-13;2025-10-12;1;1;324.92;0.0;324.92;0.0;Recebido;0;PIX;E-commerce;CC-COMERCIAL;2025-09;VEN0082;Recebimento realizado dentro do prazo.
CR00049;VEN0028;CLI033;Mariana Ribeiro;2025-08-15;2025-10-14;2025-10-12;2;2;298.41;0.0;298.41;0.0;Recebido;0;Cartão de Crédito;Loja Física;CC-COMERCIAL;2025-08;VEN0028;Recebimento realizado dentro do prazo.
CR00141;VEN0083;CLI086;Rafael Santos;2025-09-14;2025-10-14;2025-10-11;1;1;366.05;0.0;366.05;0.0;Recebido;0;PIX;Loja Física;CC-COMERCIAL;2025-09;VEN0083;Recebimento realizado dentro do prazo.
CR00142;VEN0084;CLI046;Diego Silva;2025-09-14;2025-10-14;2025-10-14;1;1;369.09;0.0;369.09;0.0;Recebido;0;Cartão de Crédito;Loja Física;CC-COMERCIAL;2025-09;VEN0084;Recebimento realizado dentro do prazo.
CR00143;VEN0085;CLI042;Gustavo Costa;2025-09-14;2025-10-14;2025-10-12;1;6;51.47;0.0;51.47;0.0;Recebido;0;Boleto;Loja Física;CC-COMERCIAL;2025-09;VEN0085;Recebimento realizado dentro do prazo.
CR00149;VEN0087;CLI002;Helena Souza;2025-09-15;2025-10-15;2025-10-14;1;3;59.25;0.0;59.25;0.0;Recebido;0;Cartão de Crédito;Loja Física;CC-COMERCIAL;2025-09;VEN0087;Recebimento realizado dentro do prazo.
CR00152;VEN0088;CLI114;Fábio Ribeiro;2025-09-15;2025-10-15;2025-10-15;1;1;289.42;0.0;289.42;0.0;Recebido;0;PIX;Loja Física;CC-COMERCIAL;2025-09;VEN0088;Recebimento realizado dentro do prazo.
CR00051;VEN0031;CLI044;Igor Souza;2025-08-17;2025-10-16;2025-10-27;2;6;48.87;0.87;49.74;0.0;Recebido com atraso;11;PIX;Loja Física;CC-COMERCIAL;2025-08;VEN0031;Recebimento realizado após o vencimento.
CR00153;VEN0089;CLI049;Vanessa Souza;2025-09-16;2025-10-16;2025-10-15;1;1;608.26;0.0;608.26;0.0;Recebido;0;PIX;Loja Física;CC-COMERCIAL;2025-09;VEN0089;Recebimento realizado dentro do prazo.
CR00154;VEN0090;CLI041;Caio Santos;2025-09-16;2025-10-16;2025-10-22;1;1;57.26;0.94;58.2;0.0;Recebido com atraso;6;Cartão de Crédito;Loja Física;CC-COMERCIAL;2025-09;VEN0090;Recebimento realizado após o vencimento.
CR00155;VEN0091;CLI060;Gustavo Almeida;2025-09-17;2025-10-17;2025-10-15;1;3;57.26;0.0;57.26;0.0;Recebido;0;Boleto;E-commerce;CC-COMERCIAL;2025-09;VEN0091;Recebimento realizado dentro do prazo.
CR00057;VEN0032;CLI022;Eduardo Gomes;2025-08-19;2025-10-18;2025-11-01;2;6;26.69;0.49;27.18;0.0;Recebido com atraso;14;Cartão de Crédito;Loja Física;CC-COMERCIAL;2025-08;VEN0032;Recebimento realizado após o vencimento.
CR00063;VEN0033;CLI069;Leonardo Ferreira;2025-08-19;2025-10-18;2025-10-17;2;6;64.38;0.0;64.38;0.0;Recebido;0;Cartão de Crédito;E-commerce;CC-COMERCIAL;2025-08;VEN0033;Recebimento realizado dentro do prazo.
CR00158;VEN0093;CLI044;Igor Souza;2025-09-18;2025-10-18;2025-10-15;1;3;160.64;0.0;160.64;0.0;Recebido;0;Cartão de Débito;WhatsApp;CC-COMERCIAL;2025-09;VEN0093;Recebimento realizado dentro do prazo.
CR00161;VEN0096;CLI024;Beatriz Souza;2025-09-20;2025-10-20;2025-10-19;1;3;75.03;0.0;75.03;0.0;Recebido;0;Cartão de Débito;E-commerce;CC-COMERCIAL;2025-09;VEN0096;Recebimento realizado dentro do prazo.
CR00164;VEN0098;CLI043;Natália Almeida;2025-09-21;2025-10-21;2025-10-20;1;1;288.92;0.0;288.92;0.0;Recebido;0;Cartão de Débito;WhatsApp;CC-COMERCIAL;2025-09;VEN0098;Recebimento realizado dentro do prazo.
CR00076;VEN0042;CLI002;Helena Souza;2025-08-23;2025-10-22;2025-10-20;2;3;86.15;0.0;86.15;0.0;Recebido;0;Cartão de Crédito;E-commerce;CC-COMERCIAL;2025-08;VEN0042;Recebimento realizado dentro do prazo.
CR00080;VEN0044;CLI113;Lucas Oliveira;2025-08-24;2025-10-23;2025-10-22;2;4;70.9;0.0;70.9;0.0;Recebido;0;Cartão de Débito;E-commerce;CC-COMERCIAL;2025-08;VEN0044;Recebimento realizado dentro do prazo.
CR00165;VEN0101;CLI104;Helena Ribeiro;2025-09-23;2025-10-23;2025-10-23;1;4;41.24;0.0;41.24;0.0;Recebido;0;Boleto;Loja Física;CC-COMERCIAL;2025-09;VEN0101;Recebimento realizado dentro do prazo.
CR00169;VEN0102;CLI046;Diego Silva;2025-09-23;2025-10-23;2025-10-21;1;2;138.93;0.0;138.93;0.0;Recebido;0;Cartão de Crédito;E-commerce;CC-COMERCIAL;2025-09;VEN0102;Recebimento realizado dentro do prazo.
CR00171;VEN0104;CLI024;Beatriz Souza;2025-09-24;2025-10-24;2025-10-22;1;1;190.31;0.0;190.31;0.0;Recebido;0;Cartão de Débito;E-commerce;CC-COMERCIAL;2025-09;VEN0104;Recebimento realizado dentro do prazo.
CR00172;VEN0105;CLI006;Thiago Ribeiro;2025-09-24;2025-10-24;2025-10-21;1;4;289.69;0.0;289.69;0.0;Recebido;0;Boleto;E-commerce;CC-COMERCIAL;2025-09;VEN0105;Recebimento realizado dentro do prazo.
CR00176;VEN0107;CLI044;Igor Souza;2025-09-24;2025-10-24;2025-11-11;1;2;149.21;2.91;152.12;0.0;Recebido com atraso;18;Boleto;Loja Física;CC-COMERCIAL;2025-09;VEN0107;Recebimento realizado após o vencimento.
CR00178;VEN0108;CLI006;Thiago Ribeiro;2025-09-25;2025-10-25;2025-10-24;1;2;162.46;0.0;162.46;0.0;Recebido;0;Cartão de Débito;Loja Física;CC-COMERCIAL;2025-09;VEN0108;Recebimento realizado dentro do prazo.
CR00180;VEN0109;CLI092;Vinicius Silva;2025-09-25;2025-10-25;2025-10-24;1;1;188.38;0.0;188.38;0.0;Recebido;0;Cartão de Crédito;Loja Física;CC-COMERCIAL;2025-09;VEN0109;Recebimento realizado dentro do prazo.
CR00088;VEN0050;CLI053;Bianca Lima;2025-08-27;2025-10-26;2025-10-24;2;4;72.54;0.0;72.54;0.0;Recebido;0;Cartão de Débito;Loja Física;CC-COMERCIAL;2025-08;VEN0050;Recebimento realizado dentro do prazo.
CR00181;VEN0110;CLI074;Camila Silva;2025-09-26;2025-10-26;2025-10-23;1;1;159.53;0.0;159.53;0.0;Recebido;0;Cartão de Débito;Loja Física;CC-COMERCIAL;2025-09;VEN0110;Recebimento realizado dentro do prazo.
CR00182;VEN0112;CLI001;Vanessa Oliveira;2025-09-26;2025-10-26;2025-10-25;1;1;208.07;0.0;208.07;0.0;Recebido;0;Cartão de Crédito;E-commerce;CC-COMERCIAL;2025-09;VEN0112;Recebimento realizado dentro do prazo.
CR00093;VEN0052;CLI101;Amanda Costa;2025-08-29;2025-10-28;2025-10-25;2;2;232.1;0.0;232.1;0.0;Recebido;0;Cartão de Crédito;Loja Física;CC-COMERCIAL;2025-08;VEN0052;Recebimento realizado dentro do prazo.
CR00183;VEN0114;CLI034;Fernanda Santos;2025-09-28;2025-10-28;2025-10-25;1;3;73.01;0.0;73.01;0.0;Recebido;0;Cartão de Débito;E-commerce;CC-COMERCIAL;2025-09;VEN0114;Recebimento realizado dentro do prazo.
CR00095;VEN0054;CLI032;Igor Souza;2025-08-30;2025-10-29;2025-10-28;2;6;72.16;0.0;72.16;0.0;Recebido;0;PIX;E-commerce;CC-COMERCIAL;2025-08;VEN0054;Recebimento realizado dentro do prazo.
CR00186;VEN0115;CLI074;Camila Silva;2025-09-29;2025-10-29;2025-10-26;1;4;37.4;0.0;37.4;0.0;Recebido;0;Cartão de Débito;E-commerce;CC-COMERCIAL;2025-09;VEN0115;Recebimento realizado dentro do prazo.
CR00190;VEN0117;CLI104;Helena Ribeiro;2025-09-29;2025-10-29;2025-11-01;1;1;317.58;5.0;322.58;0.0;Recebido com atraso;3;Boleto;E-commerce;CC-COMERCIAL;2025-09;VEN0117;Recebimento realizado após o vencimento.
CR00191;VEN0118;CLI002;Helena Souza;2025-09-29;2025-10-29;2025-10-26;1;1;290.1;0.0;290.1;0.0;Recebido;0;Boleto;Loja Física;CC-COMERCIAL;2025-09;VEN0118;Recebimento realizado dentro do prazo.
CR00192;VEN0119;CLI013;Aline Ribeiro;2025-09-29;2025-10-29;2025-11-13;1;1;151.55;2.84;154.39;0.0;Recebido com atraso;15;PIX;Loja Física;CC-COMERCIAL;2025-09;VEN0119;Recebimento realizado após o vencimento.
CR00193;VEN0120;CLI037;Eduardo Silva;2025-09-29;2025-10-29;2025-11-16;1;2;72.36;1.41;73.77;0.0;Recebido com atraso;18;Boleto;E-commerce;CC-COMERCIAL;2025-09;VEN0120;Recebimento realizado após o vencimento.
CR00195;VEN0121;CLI083;Camila Lima;2025-09-29;2025-10-29;2025-10-26;1;6;9.57;0.0;9.57;0.0;Recebido;0;Cartão de Débito;E-commerce;CC-COMERCIAL;2025-09;VEN0121;Recebimento realizado dentro do prazo.
CR00201;VEN0122;CLI060;Gustavo Almeida;2025-09-29;2025-10-29;;1;1;421.89;0.0;0.0;421.89;Em atraso;275;Cartão de Crédito;Loja Física;CC-COMERCIAL;2025-09;VEN0122;Título pendente de recebimento.
CR00004;VEN0002;CLI118;Leonardo Oliveira;2025-08-01;2025-10-30;2025-10-29;3;6;88.88;0.0;88.88;0.0;Recebido;0;PIX;Loja Física;CC-COMERCIAL;2025-08;VEN0002;Recebimento realizado dentro do prazo.
CR00202;VEN0123;CLI109;Bianca Almeida;2025-09-30;2025-10-30;2025-10-30;1;1;300.12;0.0;300.12;0.0;Recebido;0;PIX;E-commerce;CC-COMERCIAL;2025-09;VEN0123;Recebimento realizado dentro do prazo.
CR00203;VEN0125;CLI043;Natália Almeida;2025-09-30;2025-10-30;2025-10-29;1;2;348.15;0.0;348.15;0.0;Recebido;0;Cartão de Crédito;Loja Física;CC-COMERCIAL;2025-09;VEN0125;Recebimento realizado dentro do prazo.
CR00205;VEN0126;CLI053;Bianca Lima;2025-09-30;2025-10-30;2025-10-27;1;1;175.88;0.0;175.88;0.0;Recebido;0;Cartão de Débito;WhatsApp;CC-COMERCIAL;2025-09;VEN0126;Recebimento realizado dentro do prazo.
CR00206;VEN0128;CLI053;Bianca Lima;2025-10-01;2025-10-31;2025-10-28;1;1;281.02;0.0;281.02;0.0;Recebido;0;PIX;E-commerce;CC-COMERCIAL;2025-10;VEN0128;Recebimento realizado dentro do prazo.
CR00207;VEN0129;CLI081;Leonardo Costa;2025-10-02;2025-11-01;2025-11-01;1;6;50.02;0.0;50.02;0.0;Recebido;0;Cartão de Crédito;Loja Física;CC-COMERCIAL;2025-10;VEN0129;Recebimento realizado dentro do prazo.
CR00102;VEN0061;CLI074;Camila Silva;2025-09-03;2025-11-02;2025-11-15;2;2;54.39;0.99;55.38;0.0;Recebido com atraso;13;Cartão de Crédito;E-commerce;CC-COMERCIAL;2025-09;VEN0061;Recebimento realizado após o vencimento.
CR00104;VEN0062;CLI036;Leonardo Santos;2025-09-03;2025-11-02;2025-10-31;2;6;80.32;0.0;80.32;0.0;Recebido;0;PIX;Loja Física;CC-COMERCIAL;2025-09;VEN0062;Recebimento realizado dentro do prazo.
CR00111;VEN0064;CLI044;Igor Souza;2025-09-03;2025-11-02;2025-11-01;2;2;150.06;0.0;150.06;0.0;Recebido;0;Boleto;E-commerce;CC-COMERCIAL;2025-09;VEN0064;Recebimento realizado dentro do prazo.
CR00113;VEN0065;CLI044;Igor Souza;2025-09-03;2025-11-02;2025-10-30;2;6;104.79;0.0;104.79;0.0;Recebido;0;Boleto;Loja Física;CC-COMERCIAL;2025-09;VEN0065;Recebimento realizado dentro do prazo.
CR00213;VEN0132;CLI002;Helena Souza;2025-10-03;2025-11-02;2025-11-02;1;2;147.24;0.0;147.24;0.0;Recebido;0;Cartão de Crédito;Loja Física;CC-COMERCIAL;2025-10;VEN0132;Recebimento realizado dentro do prazo.
CR00010;VEN0003;CLI043;Natália Almeida;2025-08-05;2025-11-03;2025-10-31;3;6;47.27;0.0;47.27;0.0;Recebido;0;PIX;WhatsApp;CC-COMERCIAL;2025-08;VEN0003;Recebimento realizado dentro do prazo.
CR00215;VEN0133;CLI116;Caio Silva;2025-10-04;2025-11-03;2025-11-03;1;1;294.47;0.0;294.47;0.0;Recebido;0;PIX;WhatsApp;CC-COMERCIAL;2025-10;VEN0133;Recebimento realizado dentro do prazo.
CR00120;VEN0068;CLI112;Lucas Oliveira;2025-09-05;2025-11-04;2025-11-02;2;2;204.6;0.0;204.6;0.0;Recebido;0;Cartão de Crédito;Loja Física;CC-COMERCIAL;2025-09;VEN0068;Recebimento realizado dentro do prazo.
CR00123;VEN0071;CLI042;Gustavo Costa;2025-09-06;2025-11-05;2025-11-04;2;3;134.56;0.0;134.56;0.0;Recebido;0;PIX;Loja Física;CC-COMERCIAL;2025-09;VEN0071;Recebimento realizado dentro do prazo.
CR00216;VEN0135;CLI112;Lucas Oliveira;2025-10-06;2025-11-05;2025-11-03;1;2;37.4;0.0;37.4;0.0;Recebido;0;Boleto;E-commerce;CC-COMERCIAL;2025-10;VEN0135;Recebimento realizado dentro do prazo.
CR00218;VEN0136;CLI070;Lucas Ferreira;2025-10-06;2025-11-05;;1;3;160.64;0.0;0.0;160.64;Em atraso;268;Cartão de Crédito;Loja Física;CC-COMERCIAL;2025-10;VEN0136;Título pendente de recebimento.
CR00221;VEN0137;CLI052;Gustavo Costa;2025-10-06;2025-11-05;2025-11-03;1;1;369.45;0.0;369.45;0.0;Recebido;0;Cartão de Crédito;Loja Física;CC-COMERCIAL;2025-10;VEN0137;Recebimento realizado dentro do prazo.
CR00023;VEN0010;CLI074;Camila Silva;2025-08-08;2025-11-06;2025-11-03;3;4;34.88;0.0;34.88;0.0;Recebido;0;Cartão de Crédito;E-commerce;CC-COMERCIAL;2025-08;VEN0010;Recebimento realizado dentro do prazo.
CR00222;VEN0139;CLI116;Caio Silva;2025-10-08;2025-11-07;2025-11-06;1;3;70.89;0.0;70.89;0.0;Recebido;0;PIX;Loja Física;CC-COMERCIAL;2025-10;VEN0139;Recebimento realizado dentro do prazo.
CR00126;VEN0074;CLI046;Diego Silva;2025-09-09;2025-11-08;2025-11-07;2;3;252.12;0.0;252.12;0.0;Recebido;0;Cartão de Crédito;WhatsApp;CC-COMERCIAL;2025-09;VEN0074;Recebimento realizado dentro do prazo.
CR00129;VEN0075;CLI116;Caio Silva;2025-09-09;2025-11-08;2025-11-05;2;6;39.96;0.0;39.96;0.0;Recebido;0;Cartão de Débito;E-commerce;CC-COMERCIAL;2025-09;VEN0075;Recebimento realizado dentro do prazo.
CR00225;VEN0141;CLI060;Gustavo Almeida;2025-10-09;2025-11-08;2025-11-05;1;6;49.74;0.0;49.74;0.0;Recebido;0;Cartão de Crédito;Loja Física;CC-COMERCIAL;2025-10;VEN0141;Recebimento realizado dentro do prazo.
CR00231;VEN0142;CLI060;Gustavo Almeida;2025-10-09;2025-11-08;;1;1;154.34;0.0;0.0;154.34;Em atraso;265;Boleto;Loja Física;CC-COMERCIAL;2025-10;VEN0142;Título pendente de recebimento.
CR00028;VEN0016;CLI035;Amanda Ferreira;2025-08-11;2025-11-09;2025-11-09;3;6;49.74;0.0;49.74;0.0;Recebido;0;Cartão de Débito;E-commerce;CC-COMERCIAL;2025-08;VEN0016;Recebimento realizado dentro do prazo.
CR00137;VEN0079;CLI006;Thiago Ribeiro;2025-09-10;2025-11-09;2025-11-09;2;2;35.53;0.0;35.53;0.0;Recebido;0;PIX;Loja Física;CC-COMERCIAL;2025-09;VEN0079;Recebimento realizado dentro do prazo.
CR00232;VEN0143;CLI047;Carolina Costa;2025-10-10;2025-11-09;2025-11-07;1;2;28.63;0.0;28.63;0.0;Recebido;0;PIX;Loja Física;CC-COMERCIAL;2025-10;VEN0143;Recebimento realizado dentro do prazo.
CR00234;VEN0145;CLI044;Igor Souza;2025-10-10;2025-11-09;2025-11-09;1;1;355.52;0.0;355.52;0.0;Recebido;0;PIX;WhatsApp;CC-COMERCIAL;2025-10;VEN0145;Recebimento realizado dentro do prazo.
CR00235;VEN0147;CLI044;Igor Souza;2025-10-10;2025-11-09;2025-11-07;1;1;145.01;0.0;145.01;0.0;Recebido;0;Cartão de Débito;E-commerce;CC-COMERCIAL;2025-10;VEN0147;Recebimento realizado dentro do prazo.
CR00236;VEN0148;CLI049;Vanessa Souza;2025-10-10;2025-11-09;;1;1;137.47;0.0;0.0;137.47;Em atraso;264;Boleto;Loja Física;CC-COMERCIAL;2025-10;VEN0148;Título pendente de recebimento.
CR00036;VEN0021;CLI035;Amanda Ferreira;2025-08-12;2025-11-10;2025-11-08;3;6;104.79;0.0;104.79;0.0;Recebido;0;Cartão de Crédito;Loja Física;CC-COMERCIAL;2025-08;VEN0021;Recebimento realizado dentro do prazo.
CR00237;VEN0150;CLI043;Natália Almeida;2025-10-11;2025-11-10;2025-11-17;1;2;65.95;1.1;67.05;0.0;Recebido com atraso;7;Boleto;Loja Física;CC-COMERCIAL;2025-10;VEN0150;Recebimento realizado após o vencimento.
CR00042;VEN0025;CLI112;Lucas Oliveira;2025-08-13;2025-11-11;2025-11-09;3;6;20.73;0.0;20.73;0.0;Recebido;0;PIX;Loja Física;CC-COMERCIAL;2025-08;VEN0025;Recebimento realizado dentro do prazo.
CR00239;VEN0152;CLI112;Lucas Oliveira;2025-10-13;2025-11-12;2025-11-12;1;1;137.47;0.0;137.47;0.0;Recebido;0;Cartão de Crédito;E-commerce;CC-COMERCIAL;2025-10;VEN0152;Recebimento realizado dentro do prazo.
CR00240;VEN0153;CLI038;Gustavo Silva;2025-10-13;2025-11-12;2025-11-11;1;1;110.81;0.0;110.81;0.0;Recebido;0;Cartão de Crédito;E-commerce;CC-COMERCIAL;2025-10;VEN0153;Recebimento realizado dentro do prazo.
CR00144;VEN0085;CLI042;Gustavo Costa;2025-09-14;2025-11-13;2025-11-10;2;6;51.47;0.0;51.47;0.0;Recebido;0;Boleto;Loja Física;CC-COMERCIAL;2025-09;VEN0085;Recebimento realizado dentro do prazo.
CR00241;VEN0154;CLI046;Diego Silva;2025-10-14;2025-11-13;2025-11-11;1;1;409.2;0.0;409.2;0.0;Recebido;0;Boleto;Loja Física;CC-COMERCIAL;2025-10;VEN0154;Recebimento realizado dentro do prazo.
CR00150;VEN0087;CLI002;Helena Souza;2025-09-15;2025-11-14;2025-11-13;2;3;59.25;0.0;59.25;0.0;Recebido;0;Cartão de Crédito;Loja Física;CC-COMERCIAL;2025-09;VEN0087;Recebimento realizado dentro do prazo.
CR00242;VEN0155;CLI013;Aline Ribeiro;2025-10-15;2025-11-14;2025-11-11;1;2;109.51;0.0;109.51;0.0;Recebido;0;Cartão de Crédito;E-commerce;CC-COMERCIAL;2025-10;VEN0155;Recebimento realizado dentro do prazo.
CR00244;VEN0156;CLI087;Thiago Lima;2025-10-15;2025-11-14;2025-11-14;1;1;449.09;0.0;449.09;0.0;Recebido;0;PIX;E-commerce;CC-COMERCIAL;2025-10;VEN0156;Recebimento realizado dentro do prazo.
CR00052;VEN0031;CLI044;Igor Souza;2025-08-17;2025-11-15;2025-11-14;3;6;48.87;0.0;48.87;0.0;Recebido;0;PIX;Loja Física;CC-COMERCIAL;2025-08;VEN0031;Recebimento realizado dentro do prazo.
CR00156;VEN0091;CLI060;Gustavo Almeida;2025-09-17;2025-11-16;2025-11-16;2;3;57.26;0.0;57.26;0.0;Recebido;0;Boleto;E-commerce;CC-COMERCIAL;2025-09;VEN0091;Recebimento realizado dentro do prazo.
CR00245;VEN0159;CLI006;Thiago Ribeiro;2025-10-17;2025-11-16;2025-11-14;1;2;64.61;0.0;64.61;0.0;Recebido;0;Cartão de Crédito;Loja Física;CC-COMERCIAL;2025-10;VEN0159;Recebimento realizado dentro do prazo.
CR00247;VEN0160;CLI034;Fernanda Santos;2025-10-17;2025-11-16;;1;1;184.7;0.0;0.0;184.7;Em atraso;257;PIX;E-commerce;CC-COMERCIAL;2025-10;VEN0160;Título pendente de recebimento.
CR00058;VEN0032;CLI022;Eduardo Gomes;2025-08-19;2025-11-17;2025-11-15;3;6;26.69;0.0;26.69;0.0;Recebido;0;Cartão de Crédito;Loja Física;CC-COMERCIAL;2025-08;VEN0032;Recebimento realizado dentro do prazo.
CR00064;VEN0033;CLI069;Leonardo Ferreira;2025-08-19;2025-11-17;2025-11-15;3;6;64.38;0.0;64.38;0.0;Recebido;0;Cartão de Crédito;E-commerce;CC-COMERCIAL;2025-08;VEN0033;Recebimento realizado dentro do prazo.
CR00159;VEN0093;CLI044;Igor Souza;2025-09-18;2025-11-17;2025-11-16;2;3;160.64;0.0;160.64;0.0;Recebido;0;Cartão de Débito;WhatsApp;CC-COMERCIAL;2025-09;VEN0093;Recebimento realizado dentro do prazo.
CR00248;VEN0161;CLI052;Gustavo Costa;2025-10-18;2025-11-17;2025-11-14;1;1;162.46;0.0;162.46;0.0;Recebido;0;Cartão de Crédito;E-commerce;CC-COMERCIAL;2025-10;VEN0161;Recebimento realizado dentro do prazo.
CR00249;VEN0162;CLI065;Carlos Silva;2025-10-18;2025-11-17;2025-11-16;1;1;85.11;0.0;85.11;0.0;Recebido;0;Cartão de Débito;Loja Física;CC-COMERCIAL;2025-10;VEN0162;Recebimento realizado dentro do prazo.
CR00250;VEN0164;CLI073;Cláudia Gomes;2025-10-18;2025-11-17;2025-11-17;1;4;212.71;0.0;212.71;0.0;Recebido;0;Boleto;WhatsApp;CC-COMERCIAL;2025-10;VEN0164;Recebimento realizado dentro do prazo.
CR00254;VEN0166;CLI013;Aline Ribeiro;2025-10-19;2025-11-18;2025-11-18;1;1;137.47;0.0;137.47;0.0;Recebido;0;PIX;Loja Física;CC-COMERCIAL;2025-10;VEN0166;Recebimento realizado dentro do prazo.
CR00162;VEN0096;CLI024;Beatriz Souza;2025-09-20;2025-11-19;2025-11-28;2;3;75.03;1.29;76.32;0.0;Recebido com atraso;9;Cartão de Débito;E-commerce;CC-COMERCIAL;2025-09;VEN0096;Recebimento realizado após o vencimento.
CR00255;VEN0168;CLI069;Leonardo Ferreira;2025-10-20;2025-11-19;2025-11-21;1;1;146.88;2.28;149.16;0.0;Recebido com atraso;2;Boleto;Loja Física;CC-COMERCIAL;2025-10;VEN0168;Recebimento realizado após o vencimento.
CR00256;VEN0173;CLI116;Caio Silva;2025-10-21;2025-11-20;2025-11-20;1;3;76.32;0.0;76.32;0.0;Recebido;0;Boleto;E-commerce;CC-COMERCIAL;2025-10;VEN0173;Recebimento realizado dentro do prazo.
CR00259;VEN0174;CLI024;Beatriz Souza;2025-10-21;2025-11-20;2025-11-19;1;1;733.89;0.0;733.89;0.0;Recebido;0;Cartão de Débito;Loja Física;CC-COMERCIAL;2025-10;VEN0174;Recebimento realizado dentro do prazo.
CR00260;VEN0175;CLI066;Amanda Silva;2025-10-21;2025-11-20;2025-11-20;1;2;160.15;0.0;160.15;0.0;Recebido;0;PIX;WhatsApp;CC-COMERCIAL;2025-10;VEN0175;Recebimento realizado dentro do prazo.
CR00077;VEN0042;CLI002;Helena Souza;2025-08-23;2025-11-21;2025-11-20;3;3;86.14;0.0;86.14;0.0;Recebido;0;Cartão de Crédito;E-commerce;CC-COMERCIAL;2025-08;VEN0042;Recebimento realizado dentro do prazo.
CR00262;VEN0176;CLI120;Rodrigo Ferreira;2025-10-22;2025-11-21;2025-11-21;1;1;366.05;0.0;366.05;0.0;Recebido;0;Boleto;Loja Física;CC-COMERCIAL;2025-10;VEN0176;Recebimento realizado dentro do prazo.
CR00081;VEN0044;CLI113;Lucas Oliveira;2025-08-24;2025-11-22;2025-12-07;3;4;70.9;1.33;72.23;0.0;Recebido com atraso;15;Cartão de Débito;E-commerce;CC-COMERCIAL;2025-08;VEN0044;Recebimento realizado após o vencimento.
CR00166;VEN0101;CLI104;Helena Ribeiro;2025-09-23;2025-11-22;;2;4;41.24;0.0;0.0;41.24;Em atraso;251;Boleto;Loja Física;CC-COMERCIAL;2025-09;VEN0101;Título pendente de recebimento.
CR00170;VEN0102;CLI046;Diego Silva;2025-09-23;2025-11-22;2025-11-22;2;2;138.92;0.0;138.92;0.0;Recebido;0;Cartão de Crédito;E-commerce;CC-COMERCIAL;2025-09;VEN0102;Recebimento realizado dentro do prazo.
CR00263;VEN0177;CLI049;Vanessa Souza;2025-10-23;2025-11-22;2025-11-21;1;6;187.21;0.0;187.21;0.0;Recebido;0;Cartão de Crédito;WhatsApp;CC-COMERCIAL;2025-10;VEN0177;Recebimento realizado dentro do prazo.
CR00173;VEN0105;CLI006;Thiago Ribeiro;2025-09-24;2025-11-23;2025-11-20;2;4;289.69;0.0;289.69;0.0;Recebido;0;Boleto;E-commerce;CC-COMERCIAL;2025-09;VEN0105;Recebimento realizado dentro do prazo.
CR00177;VEN0107;CLI044;Igor Souza;2025-09-24;2025-11-23;;2;2;149.2;0.0;0.0;149.2;Em atraso;250;Boleto;Loja Física;CC-COMERCIAL;2025-09;VEN0107;Título pendente de recebimento.
CR00269;VEN0180;CLI108;Cláudia Oliveira;2025-10-24;2025-11-23;2025-11-20;1;1;374.42;0.0;374.42;0.0;Recebido;0;PIX;E-commerce;CC-COMERCIAL;2025-10;VEN0180;Recebimento realizado dentro do prazo.
CR00179;VEN0108;CLI006;Thiago Ribeiro;2025-09-25;2025-11-24;2025-11-24;2;2;162.46;0.0;162.46;0.0;Recebido;0;Cartão de Débito;Loja Física;CC-COMERCIAL;2025-09;VEN0108;Recebimento realizado dentro do prazo.
CR00270;VEN0184;CLI092;Vinicius Silva;2025-10-25;2025-11-24;2025-11-21;1;1;726.82;0.0;726.82;0.0;Recebido;0;Cartão de Crédito;Loja Física;CC-COMERCIAL;2025-10;VEN0184;Recebimento realizado dentro do prazo.
CR00271;VEN0186;CLI101;Amanda Costa;2025-10-25;2025-11-24;2025-11-24;1;2;186.81;0.0;186.81;0.0;Recebido;0;Cartão de Crédito;E-commerce;CC-COMERCIAL;2025-10;VEN0186;Recebimento realizado dentro do prazo.
CR00089;VEN0050;CLI053;Bianca Lima;2025-08-27;2025-11-25;2025-11-22;3;4;72.54;0.0;72.54;0.0;Recebido;0;Cartão de Débito;Loja Física;CC-COMERCIAL;2025-08;VEN0050;Recebimento realizado dentro do prazo.
CR00273;VEN0188;CLI048;Daniel Ferreira;2025-10-26;2025-11-25;2025-11-24;1;1;465.86;0.0;465.86;0.0;Recebido;0;PIX;Loja Física;CC-COMERCIAL;2025-10;VEN0188;Recebimento realizado dentro do prazo.
CR00274;VEN0189;CLI073;Cláudia Gomes;2025-10-26;2025-11-25;2025-11-25;1;1;80.85;0.0;80.85;0.0;Recebido;0;PIX;WhatsApp;CC-COMERCIAL;2025-10;VEN0189;Recebimento realizado dentro do prazo.
CR00275;VEN0190;CLI043;Natália Almeida;2025-10-26;2025-11-25;2025-11-23;1;1;481.91;0.0;481.91;0.0;Recebido;0;Cartão de Crédito;Loja Física;CC-COMERCIAL;2025-10;VEN0190;Recebimento realizado dentro do prazo.
CR00276;VEN0191;CLI078;Ricardo Almeida;2025-10-27;2025-11-26;2025-11-24;1;4;202.09;0.0;202.09;0.0;Recebido;0;Cartão de Débito;E-commerce;CC-COMERCIAL;2025-10;VEN0191;Recebimento realizado dentro do prazo.
CR00280;VEN0193;CLI114;Fábio Ribeiro;2025-10-27;2025-11-26;2025-11-25;1;6;46.31;0.0;46.31;0.0;Recebido;0;PIX;E-commerce;CC-COMERCIAL;2025-10;VEN0193;Recebimento realizado dentro do prazo.
CR00184;VEN0114;CLI034;Fernanda Santos;2025-09-28;2025-11-27;2025-11-27;2;3;73.01;0.0;73.01;0.0;Recebido;0;Cartão de Débito;E-commerce;CC-COMERCIAL;2025-09;VEN0114;Recebimento realizado dentro do prazo.
CR00096;VEN0054;CLI032;Igor Souza;2025-08-30;2025-11-28;2025-11-26;3;6;72.16;0.0;72.16;0.0;Recebido;0;PIX;E-commerce;CC-COMERCIAL;2025-08;VEN0054;Recebimento realizado dentro do prazo.
CR00187;VEN0115;CLI074;Camila Silva;2025-09-29;2025-11-28;2025-11-27;2;4;37.4;0.0;37.4;0.0;Recebido;0;Cartão de Débito;E-commerce;CC-COMERCIAL;2025-09;VEN0115;Recebimento realizado dentro do prazo.
CR00194;VEN0120;CLI037;Eduardo Silva;2025-09-29;2025-11-28;2025-11-28;2;2;72.35;0.0;72.35;0.0;Recebido;0;Boleto;E-commerce;CC-COMERCIAL;2025-09;VEN0120;Recebimento realizado dentro do prazo.
CR00196;VEN0121;CLI083;Camila Lima;2025-09-29;2025-11-28;2025-11-27;2;6;9.57;0.0;9.57;0.0;Recebido;0;Cartão de Débito;E-commerce;CC-COMERCIAL;2025-09;VEN0121;Recebimento realizado dentro do prazo.
CR00286;VEN0194;CLI071;Amanda Costa;2025-10-29;2025-11-28;2025-11-28;1;1;562.04;0.0;562.04;0.0;Recebido;0;Boleto;Loja Física;CC-COMERCIAL;2025-10;VEN0194;Recebimento realizado dentro do prazo.
CR00287;VEN0195;CLI052;Gustavo Costa;2025-10-29;2025-11-28;2025-11-28;1;1;328.53;0.0;328.53;0.0;Recebido;0;Boleto;E-commerce;CC-COMERCIAL;2025-10;VEN0195;Recebimento realizado dentro do prazo.
CR00005;VEN0002;CLI118;Leonardo Oliveira;2025-08-01;2025-11-29;2025-11-26;4;6;88.88;0.0;88.88;0.0;Recebido;0;PIX;Loja Física;CC-COMERCIAL;2025-08;VEN0002;Recebimento realizado dentro do prazo.
CR00204;VEN0125;CLI043;Natália Almeida;2025-09-30;2025-11-29;2025-11-28;2;2;348.15;0.0;348.15;0.0;Recebido;0;Cartão de Crédito;Loja Física;CC-COMERCIAL;2025-09;VEN0125;Recebimento realizado dentro do prazo.
CR00288;VEN0198;CLI069;Leonardo Ferreira;2025-10-30;2025-11-29;2025-11-28;1;1;228.26;0.0;228.26;0.0;Recebido;0;Cartão de Débito;Loja Física;CC-COMERCIAL;2025-10;VEN0198;Recebimento realizado dentro do prazo.
CR00289;VEN0199;CLI027;Patricia Silva;2025-10-31;2025-11-30;2025-11-27;1;2;53.17;0.0;53.17;0.0;Recebido;0;Boleto;Loja Física;CC-COMERCIAL;2025-10;VEN0199;Recebimento realizado dentro do prazo.
CR00208;VEN0129;CLI081;Leonardo Costa;2025-10-02;2025-12-01;2025-11-30;2;6;50.02;0.0;50.02;0.0;Recebido;0;Cartão de Crédito;Loja Física;CC-COMERCIAL;2025-10;VEN0129;Recebimento realizado dentro do prazo.
CR00291;VEN0200;CLI101;Amanda Costa;2025-11-01;2025-12-01;2025-11-30;1;1;151.55;0.0;151.55;0.0;Recebido;0;PIX;WhatsApp;CC-COMERCIAL;2025-11;VEN0200;Recebimento realizado dentro do prazo.
CR00292;VEN0201;CLI042;Gustavo Costa;2025-11-01;2025-12-01;2025-11-28;1;4;50.95;0.0;50.95;0.0;Recebido;0;PIX;Loja Física;CC-COMERCIAL;2025-11;VEN0201;Recebimento realizado dentro do prazo.
CR00296;VEN0202;CLI036;Leonardo Santos;2025-11-01;2025-12-01;2025-11-29;1;3;136.54;0.0;136.54;0.0;Recebido;0;PIX;E-commerce;CC-COMERCIAL;2025-11;VEN0202;Recebimento realizado dentro do prazo.
CR00299;VEN0203;CLI002;Helena Souza;2025-11-01;2025-12-01;2025-12-17;1;2;228.91;4.35;233.26;0.0;Recebido com atraso;16;Cartão de Crédito;Loja Física;CC-COMERCIAL;2025-11;VEN0203;Recebimento realizado após o vencimento.
CR00105;VEN0062;CLI036;Leonardo Santos;2025-09-03;2025-12-02;2025-12-02;3;6;80.32;0.0;80.32;0.0;Recebido;0;PIX;Loja Física;CC-COMERCIAL;2025-09;VEN0062;Recebimento realizado dentro do prazo.
CR00114;VEN0065;CLI044;Igor Souza;2025-09-03;2025-12-02;2025-12-01;3;6;104.79;0.0;104.79;0.0;Recebido;0;Boleto;Loja Física;CC-COMERCIAL;2025-09;VEN0065;Recebimento realizado dentro do prazo.
CR00214;VEN0132;CLI002;Helena Souza;2025-10-03;2025-12-02;2025-11-30;2;2;147.23;0.0;147.23;0.0;Recebido;0;Cartão de Crédito;Loja Física;CC-COMERCIAL;2025-10;VEN0132;Recebimento realizado dentro do prazo.
CR00301;VEN0205;CLI052;Gustavo Costa;2025-11-02;2025-12-02;2025-11-30;1;2;124.62;0.0;124.62;0.0;Recebido;0;Cartão de Crédito;Loja Física;CC-COMERCIAL;2025-11;VEN0205;Recebimento realizado dentro do prazo.
CR00303;VEN0206;CLI101;Amanda Costa;2025-11-02;2025-12-02;2025-11-29;1;2;136.75;0.0;136.75;0.0;Recebido;0;Cartão de Débito;E-commerce;CC-COMERCIAL;2025-11;VEN0206;Recebimento realizado dentro do prazo.
CR00305;VEN0207;CLI001;Vanessa Oliveira;2025-11-02;2025-12-02;2025-12-02;1;3;134.22;0.0;134.22;0.0;Recebido;0;PIX;E-commerce;CC-COMERCIAL;2025-11;VEN0207;Recebimento realizado dentro do prazo.
CR00308;VEN0208;CLI056;Larissa Lima;2025-11-02;2025-12-02;;1;6;53.92;0.0;0.0;53.92;Em atraso;241;PIX;WhatsApp;CC-COMERCIAL;2025-11;VEN0208;Título pendente de recebimento.
CR00314;VEN0210;CLI002;Helena Souza;2025-11-02;2025-12-02;2025-11-29;1;1;470.99;0.0;470.99;0.0;Recebido;0;Boleto;E-commerce;CC-COMERCIAL;2025-11;VEN0210;Recebimento realizado dentro do prazo.
CR00011;VEN0003;CLI043;Natália Almeida;2025-08-05;2025-12-03;2025-12-03;4;6;47.27;0.0;47.27;0.0;Recebido;0;PIX;WhatsApp;CC-COMERCIAL;2025-08;VEN0003;Recebimento realizado dentro do prazo.
CR00315;VEN0211;CLI063;Beatriz Ribeiro;2025-11-03;2025-12-03;2025-12-01;1;2;175.02;0.0;175.02;0.0;Recebido;0;PIX;Loja Física;CC-COMERCIAL;2025-11;VEN0211;Recebimento realizado dentro do prazo.
CR00317;VEN0212;CLI081;Leonardo Costa;2025-11-03;2025-12-03;2025-12-03;1;1;304.28;0.0;304.28;0.0;Recebido;0;Cartão de Débito;WhatsApp;CC-COMERCIAL;2025-11;VEN0212;Recebimento realizado dentro do prazo.
CR00318;VEN0213;CLI105;Carolina Gomes;2025-11-03;2025-12-03;2025-11-30;1;1;627.45;0.0;627.45;0.0;Recebido;0;Boleto;WhatsApp;CC-COMERCIAL;2025-11;VEN0213;Recebimento realizado dentro do prazo.
CR00319;VEN0214;CLI093;Juliana Santos;2025-11-03;2025-12-03;2025-12-01;1;1;143.58;0.0;143.58;0.0;Recebido;0;Cartão de Crédito;E-commerce;CC-COMERCIAL;2025-11;VEN0214;Recebimento realizado dentro do prazo.
CR00124;VEN0071;CLI042;Gustavo Costa;2025-09-06;2025-12-05;2025-12-04;3;3;134.56;0.0;134.56;0.0;Recebido;0;PIX;Loja Física;CC-COMERCIAL;2025-09;VEN0071;Recebimento realizado dentro do prazo.
CR00217;VEN0135;CLI112;Lucas Oliveira;2025-10-06;2025-12-05;2025-12-04;2;2;37.4;0.0;37.4;0.0;Recebido;0;Boleto;E-commerce;CC-COMERCIAL;2025-10;VEN0135;Recebimento realizado dentro do prazo.
CR00219;VEN0136;CLI070;Lucas Ferreira;2025-10-06;2025-12-05;2025-12-02;2;3;160.64;0.0;160.64;0.0;Recebido;0;Cartão de Crédito;Loja Física;CC-COMERCIAL;2025-10;VEN0136;Recebimento realizado dentro do prazo.
CR00024;VEN0010;CLI074;Camila Silva;2025-08-08;2025-12-06;2025-12-06;4;4;34.9;0.0;34.9;0.0;Recebido;0;Cartão de Crédito;E-commerce;CC-COMERCIAL;2025-08;VEN0010;Recebimento realizado dentro do prazo.
CR00320;VEN0216;CLI073;Cláudia Gomes;2025-11-06;2025-12-06;2025-12-04;1;1;420.67;0.0;420.67;0.0;Recebido;0;Cartão de Crédito;E-commerce;CC-COMERCIAL;2025-11;VEN0216;Recebimento realizado dentro do prazo.
CR00321;VEN0217;CLI114;Fábio Ribeiro;2025-11-06;2025-12-06;2025-12-03;1;2;639.96;0.0;639.96;0.0;Recebido;0;Cartão de Débito;WhatsApp;CC-COMERCIAL;2025-11;VEN0217;Recebimento realizado dentro do prazo.
CR00323;VEN0218;CLI116;Caio Silva;2025-11-06;2025-12-06;2025-12-04;1;2;51.22;0.0;51.22;0.0;Recebido;0;Boleto;Loja Física;CC-COMERCIAL;2025-11;VEN0218;Recebimento realizado dentro do prazo.
CR00325;VEN0219;CLI026;Priscila Santos;2025-11-06;2025-12-06;2025-12-05;1;3;118.57;0.0;118.57;0.0;Recebido;0;Cartão de Crédito;Loja Física;CC-COMERCIAL;2025-11;VEN0219;Recebimento realizado dentro do prazo.
CR00328;VEN0220;CLI081;Leonardo Costa;2025-11-06;2025-12-06;2025-12-03;1;6;26.96;0.0;26.96;0.0;Recebido;0;PIX;E-commerce;CC-COMERCIAL;2025-11;VEN0220;Recebimento realizado dentro do prazo.
CR00334;VEN0221;CLI018;Fernanda Gomes;2025-11-06;2025-12-06;2025-12-06;1;4;13.6;0.0;13.6;0.0;Recebido;0;Cartão de Débito;WhatsApp;CC-COMERCIAL;2025-11;VEN0221;Recebimento realizado dentro do prazo.
CR00223;VEN0139;CLI116;Caio Silva;2025-10-08;2025-12-07;2025-12-07;2;3;70.89;0.0;70.89;0.0;Recebido;0;PIX;Loja Física;CC-COMERCIAL;2025-10;VEN0139;Recebimento realizado dentro do prazo.
CR00338;VEN0223;CLI002;Helena Souza;2025-11-07;2025-12-07;2025-12-11;1;3;53.37;0.85;54.22;0.0;Recebido com atraso;4;PIX;Loja Física;CC-COMERCIAL;2025-11;VEN0223;Recebimento realizado após o vencimento.
CR00341;VEN0225;CLI035;Amanda Ferreira;2025-11-07;2025-12-07;2025-12-07;1;1;357.92;0.0;357.92;0.0;Recebido;0;Cartão de Crédito;Loja Física;CC-COMERCIAL;2025-11;VEN0225;Recebimento realizado dentro do prazo.
CR00342;VEN0226;CLI112;Lucas Oliveira;2025-11-07;2025-12-07;2025-12-06;1;1;350.93;0.0;350.93;0.0;Recebido;0;PIX;E-commerce;CC-COMERCIAL;2025-11;VEN0226;Recebimento realizado dentro do prazo.
CR00127;VEN0074;CLI046;Diego Silva;2025-09-09;2025-12-08;2025-12-06;3;3;252.12;0.0;252.12;0.0;Recebido;0;Cartão de Crédito;WhatsApp;CC-COMERCIAL;2025-09;VEN0074;Recebimento realizado dentro do prazo.
CR00130;VEN0075;CLI116;Caio Silva;2025-09-09;2025-12-08;2025-12-05;3;6;39.96;0.0;39.96;0.0;Recebido;0;Cartão de Débito;E-commerce;CC-COMERCIAL;2025-09;VEN0075;Recebimento realizado dentro do prazo.
CR00226;VEN0141;CLI060;Gustavo Almeida;2025-10-09;2025-12-08;2025-12-26;2;6;49.74;0.97;50.71;0.0;Recebido com atraso;18;Cartão de Crédito;Loja Física;CC-COMERCIAL;2025-10;VEN0141;Recebimento realizado após o vencimento.
CR00343;VEN0227;CLI002;Helena Souza;2025-11-08;2025-12-08;2025-12-05;1;6;77.15;0.0;77.15;0.0;Recebido;0;PIX;E-commerce;CC-COMERCIAL;2025-11;VEN0227;Recebimento realizado dentro do prazo.
CR00349;VEN0228;CLI107;João Silva;2025-11-08;2025-12-08;2025-12-05;1;1;566.98;0.0;566.98;0.0;Recebido;0;Cartão de Débito;Loja Física;CC-COMERCIAL;2025-11;VEN0228;Recebimento realizado dentro do prazo.
CR00350;VEN0229;CLI086;Rafael Santos;2025-11-08;2025-12-08;2025-12-08;1;6;66.61;0.0;66.61;0.0;Recebido;0;Cartão de Crédito;Loja Física;CC-COMERCIAL;2025-11;VEN0229;Recebimento realizado dentro do prazo.
CR00356;VEN0230;CLI042;Gustavo Costa;2025-11-08;2025-12-08;2025-12-06;1;3;123.0;0.0;123.0;0.0;Recebido;0;Cartão de Débito;E-commerce;CC-COMERCIAL;2025-11;VEN0230;Recebimento realizado dentro do prazo.
CR00029;VEN0016;CLI035;Amanda Ferreira;2025-08-11;2025-12-09;;4;6;49.74;0.0;0.0;49.74;Em atraso;234;Cartão de Débito;E-commerce;CC-COMERCIAL;2025-08;VEN0016;Título pendente de recebimento.
CR00233;VEN0143;CLI047;Carolina Costa;2025-10-10;2025-12-09;2025-12-06;2;2;28.63;0.0;28.63;0.0;Recebido;0;PIX;Loja Física;CC-COMERCIAL;2025-10;VEN0143;Recebimento realizado dentro do prazo.
CR00359;VEN0232;CLI020;Diego Almeida;2025-11-09;2025-12-09;2025-12-09;1;6;87.98;0.0;87.98;0.0;Recebido;0;Cartão de Débito;Loja Física;CC-COMERCIAL;2025-11;VEN0232;Recebimento realizado dentro do prazo.
CR00365;VEN0233;CLI112;Lucas Oliveira;2025-11-09;2025-12-09;2025-12-09;1;1;695.27;0.0;695.27;0.0;Recebido;0;Boleto;Loja Física;CC-COMERCIAL;2025-11;VEN0233;Recebimento realizado dentro do prazo.
CR00037;VEN0021;CLI035;Amanda Ferreira;2025-08-12;2025-12-10;2025-12-10;4;6;104.79;0.0;104.79;0.0;Recebido;0;Cartão de Crédito;Loja Física;CC-COMERCIAL;2025-08;VEN0021;Recebimento realizado dentro do prazo.
CR00238;VEN0150;CLI043;Natália Almeida;2025-10-11;2025-12-10;2025-12-09;2;2;65.95;0.0;65.95;0.0;Recebido;0;Boleto;Loja Física;CC-COMERCIAL;2025-10;VEN0150;Recebimento realizado dentro do prazo.
CR00043;VEN0025;CLI112;Lucas Oliveira;2025-08-13;2025-12-11;2025-12-11;4;6;20.73;0.0;20.73;0.0;Recebido;0;PIX;Loja Física;CC-COMERCIAL;2025-08;VEN0025;Recebimento realizado dentro do prazo.
CR00366;VEN0237;CLI042;Gustavo Costa;2025-11-11;2025-12-11;2025-12-11;1;3;105.86;0.0;105.86;0.0;Recebido;0;PIX;Loja Física;CC-COMERCIAL;2025-11;VEN0237;Recebimento realizado dentro do prazo.
CR00369;VEN0238;CLI016;Aline Santos;2025-11-11;2025-12-11;;1;6;44.17;0.0;0.0;44.17;Em atraso;232;Cartão de Débito;Loja Física;CC-COMERCIAL;2025-11;VEN0238;Título pendente de recebimento.
CR00375;VEN0240;CLI073;Cláudia Gomes;2025-11-12;2025-12-12;2025-12-10;1;4;72.23;0.0;72.23;0.0;Recebido;0;Cartão de Débito;E-commerce;CC-COMERCIAL;2025-11;VEN0240;Recebimento realizado dentro do prazo.
CR00145;VEN0085;CLI042;Gustavo Costa;2025-09-14;2025-12-13;2025-12-19;3;6;51.47;0.85;52.32;0.0;Recebido com atraso;6;Boleto;Loja Física;CC-COMERCIAL;2025-09;VEN0085;Recebimento realizado após o vencimento.
CR00379;VEN0242;CLI111;Bianca Ferreira;2025-11-13;2025-12-13;2025-12-13;1;1;194.83;0.0;194.83;0.0;Recebido;0;Cartão de Débito;Loja Física;CC-COMERCIAL;2025-11;VEN0242;Recebimento realizado dentro do prazo.
CR00380;VEN0243;CLI044;Igor Souza;2025-11-13;2025-12-13;2025-12-11;1;1;144.69;0.0;144.69;0.0;Recebido;0;Cartão de Débito;Loja Física;CC-COMERCIAL;2025-11;VEN0243;Recebimento realizado dentro do prazo.
CR00381;VEN0244;CLI114;Fábio Ribeiro;2025-11-13;2025-12-13;2025-12-13;1;1;250.3;0.0;250.3;0.0;Recebido;0;Boleto;Loja Física;CC-COMERCIAL;2025-11;VEN0244;Recebimento realizado dentro do prazo.
CR00151;VEN0087;CLI002;Helena Souza;2025-09-15;2025-12-14;2025-12-14;3;3;59.26;0.0;59.26;0.0;Recebido;0;Cartão de Crédito;Loja Física;CC-COMERCIAL;2025-09;VEN0087;Recebimento realizado dentro do prazo.
CR00243;VEN0155;CLI013;Aline Ribeiro;2025-10-15;2025-12-14;2025-12-11;2;2;109.51;0.0;109.51;0.0;Recebido;0;Cartão de Crédito;E-commerce;CC-COMERCIAL;2025-10;VEN0155;Recebimento realizado dentro do prazo.
CR00382;VEN0246;CLI013;Aline Ribeiro;2025-11-14;2025-12-14;2025-12-14;1;6;20.55;0.0;20.55;0.0;Recebido;0;PIX;Loja Física;CC-COMERCIAL;2025-11;VEN0246;Recebimento realizado dentro do prazo.
CR00388;VEN0247;CLI073;Cláudia Gomes;2025-11-14;2025-12-14;2025-12-13;1;2;326.92;0.0;326.92;0.0;Recebido;0;PIX;E-commerce;CC-COMERCIAL;2025-11;VEN0247;Recebimento realizado dentro do prazo.
CR00053;VEN0031;CLI044;Igor Souza;2025-08-17;2025-12-15;2025-12-12;4;6;48.87;0.0;48.87;0.0;Recebido;0;PIX;Loja Física;CC-COMERCIAL;2025-08;VEN0031;Recebimento realizado dentro do prazo.
CR00390;VEN0251;CLI006;Thiago Ribeiro;2025-11-15;2025-12-15;2025-12-14;1;1;354.94;0.0;354.94;0.0;Recebido;0;Boleto;E-commerce;CC-COMERCIAL;2025-11;VEN0251;Recebimento realizado dentro do prazo.
CR00157;VEN0091;CLI060;Gustavo Almeida;2025-09-17;2025-12-16;2025-12-13;3;3;57.26;0.0;57.26;0.0;Recebido;0;Boleto;E-commerce;CC-COMERCIAL;2025-09;VEN0091;Recebimento realizado dentro do prazo.
CR00246;VEN0159;CLI006;Thiago Ribeiro;2025-10-17;2025-12-16;2025-12-15;2;2;64.61;0.0;64.61;0.0;Recebido;0;Cartão de Crédito;Loja Física;CC-COMERCIAL;2025-10;VEN0159;Recebimento realizado dentro do prazo.
CR00391;VEN0252;CLI112;Lucas Oliveira;2025-11-16;2025-12-16;2025-12-15;1;1;224.25;0.0;224.25;0.0;Recebido;0;PIX;Loja Física;CC-COMERCIAL;2025-11;VEN0252;Recebimento realizado dentro do prazo.
CR00392;VEN0253;CLI049;Vanessa Souza;2025-11-16;2025-12-16;2025-12-15;1;1;745.38;0.0;745.38;0.0;Recebido;0;Cartão de Débito;Loja Física;CC-COMERCIAL;2025-11;VEN0253;Recebimento realizado dentro do prazo.
CR00393;VEN0255;CLI035;Amanda Ferreira;2025-11-16;2025-12-16;2025-12-14;1;1;272.25;0.0;272.25;0.0;Recebido;0;Boleto;E-commerce;CC-COMERCIAL;2025-11;VEN0255;Recebimento realizado dentro do prazo.
CR00394;VEN0256;CLI101;Amanda Costa;2025-11-16;2025-12-16;2025-12-15;1;2;221.28;0.0;221.28;0.0;Recebido;0;Boleto;E-commerce;CC-COMERCIAL;2025-11;VEN0256;Recebimento realizado dentro do prazo.
CR00396;VEN0257;CLI053;Bianca Lima;2025-11-16;2025-12-16;2025-12-16;1;1;363.31;0.0;363.31;0.0;Recebido;0;Cartão de Crédito;Loja Física;CC-COMERCIAL;2025-11;VEN0257;Recebimento realizado dentro do prazo.
CR00397;VEN0258;CLI052;Gustavo Costa;2025-11-16;2025-12-16;2025-12-14;1;1;655.78;0.0;655.78;0.0;Recebido;0;PIX;E-commerce;CC-COMERCIAL;2025-11;VEN0258;Recebimento realizado dentro do prazo.
CR00398;VEN0259;CLI065;Carlos Silva;2025-11-16;2025-12-16;2025-12-13;1;2;107.15;0.0;107.15;0.0;Recebido;0;Cartão de Débito;Loja Física;CC-COMERCIAL;2025-11;VEN0259;Recebimento realizado dentro do prazo.
CR00059;VEN0032;CLI022;Eduardo Gomes;2025-08-19;2025-12-17;2025-12-15;4;6;26.69;0.0;26.69;0.0;Recebido;0;Cartão de Crédito;Loja Física;CC-COMERCIAL;2025-08;VEN0032;Recebimento realizado dentro do prazo.
CR00065;VEN0033;CLI069;Leonardo Ferreira;2025-08-19;2025-12-17;;4;6;64.38;0.0;0.0;64.38;Em atraso;226;Cartão de Crédito;E-commerce;CC-COMERCIAL;2025-08;VEN0033;Título pendente de recebimento.
CR00160;VEN0093;CLI044;Igor Souza;2025-09-18;2025-12-17;2025-12-16;3;3;160.63;0.0;160.63;0.0;Recebido;0;Cartão de Débito;WhatsApp;CC-COMERCIAL;2025-09;VEN0093;Recebimento realizado dentro do prazo.
CR00251;VEN0164;CLI073;Cláudia Gomes;2025-10-18;2025-12-17;2026-01-02;2;4;212.71;4.04;216.75;0.0;Recebido com atraso;16;Boleto;WhatsApp;CC-COMERCIAL;2025-10;VEN0164;Recebimento realizado após o vencimento.
CR00400;VEN0261;CLI043;Natália Almeida;2025-11-18;2025-12-18;2025-12-18;1;6;54.51;0.0;54.51;0.0;Recebido;0;Boleto;Loja Física;CC-COMERCIAL;2025-11;VEN0261;Recebimento realizado dentro do prazo.
CR00406;VEN0262;CLI064;Caio Silva;2025-11-18;2025-12-18;2025-12-15;1;6;41.18;0.0;41.18;0.0;Recebido;0;Cartão de Crédito;E-commerce;CC-COMERCIAL;2025-11;VEN0262;Recebimento realizado dentro do prazo.
CR00163;VEN0096;CLI024;Beatriz Souza;2025-09-20;2025-12-19;;3;3;75.04;0.0;0.0;75.04;Em atraso;224;Cartão de Débito;E-commerce;CC-COMERCIAL;2025-09;VEN0096;Título pendente de recebimento.
CR00412;VEN0263;CLI081;Leonardo Costa;2025-11-19;2025-12-19;2025-12-16;1;1;194.2;0.0;194.2;0.0;Recebido;0;Cartão de Débito;E-commerce;CC-COMERCIAL;2025-11;VEN0263;Recebimento realizado dentro do prazo.
CR00413;VEN0265;CLI083;Camila Lima;2025-11-19;2025-12-19;2025-12-24;1;1;915.63;14.88;930.51;0.0;Recebido com atraso;5;PIX;E-commerce;CC-COMERCIAL;2025-11;VEN0265;Recebimento realizado após o vencimento.
CR00257;VEN0173;CLI116;Caio Silva;2025-10-21;2025-12-20;2025-12-17;2;3;76.32;0.0;76.32;0.0;Recebido;0;Boleto;E-commerce;CC-COMERCIAL;2025-10;VEN0173;Recebimento realizado dentro do prazo.
CR00261;VEN0175;CLI066;Amanda Silva;2025-10-21;2025-12-20;2025-12-20;2;2;160.15;0.0;160.15;0.0;Recebido;0;PIX;WhatsApp;CC-COMERCIAL;2025-10;VEN0175;Recebimento realizado dentro do prazo.
CR00414;VEN0269;CLI101;Amanda Costa;2025-11-20;2025-12-20;;1;4;154.89;0.0;0.0;154.89;Em atraso;223;Cartão de Débito;WhatsApp;CC-COMERCIAL;2025-11;VEN0269;Título pendente de recebimento.
CR00418;VEN0270;CLI044;Igor Souza;2025-11-21;2025-12-21;2026-01-06;1;6;39.26;0.75;40.01;0.0;Recebido com atraso;16;PIX;Loja Física;CC-COMERCIAL;2025-11;VEN0270;Recebimento realizado após o vencimento.
CR00082;VEN0044;CLI113;Lucas Oliveira;2025-08-24;2025-12-22;2025-12-19;4;4;70.91;0.0;70.91;0.0;Recebido;0;Cartão de Débito;E-commerce;CC-COMERCIAL;2025-08;VEN0044;Recebimento realizado dentro do prazo.
CR00167;VEN0101;CLI104;Helena Ribeiro;2025-09-23;2025-12-22;2025-12-22;3;4;41.24;0.0;41.24;0.0;Recebido;0;Boleto;Loja Física;CC-COMERCIAL;2025-09;VEN0101;Recebimento realizado dentro do prazo.
CR00264;VEN0177;CLI049;Vanessa Souza;2025-10-23;2025-12-22;2026-01-05;2;6;187.21;3.46;190.67;0.0;Recebido com atraso;14;Cartão de Crédito;WhatsApp;CC-COMERCIAL;2025-10;VEN0177;Recebimento realizado após o vencimento.
CR00424;VEN0272;CLI093;Juliana Santos;2025-11-22;2025-12-22;2025-12-22;1;1;118.71;0.0;118.71;0.0;Recebido;0;Boleto;Loja Física;CC-COMERCIAL;2025-11;VEN0272;Recebimento realizado dentro do prazo.
CR00425;VEN0273;CLI097;Lucas Ferreira;2025-11-22;2025-12-22;2026-01-03;1;3;231.76;4.17;235.93;0.0;Recebido com atraso;12;Cartão de Débito;Loja Física;CC-COMERCIAL;2025-11;VEN0273;Recebimento realizado após o vencimento.
CR00428;VEN0274;CLI037;Eduardo Silva;2025-11-22;2025-12-22;2025-12-19;1;1;118.18;0.0;118.18;0.0;Recebido;0;Boleto;Loja Física;CC-COMERCIAL;2025-11;VEN0274;Recebimento realizado dentro do prazo.
CR00429;VEN0276;CLI095;Helena Costa;2025-11-22;2025-12-22;2025-12-22;1;4;68.38;0.0;68.38;0.0;Recebido;0;Cartão de Crédito;E-commerce;CC-COMERCIAL;2025-11;VEN0276;Recebimento realizado dentro do prazo.
CR00433;VEN0277;CLI042;Gustavo Costa;2025-11-22;2025-12-22;2025-12-21;1;6;88.34;0.0;88.34;0.0;Recebido;0;Cartão de Crédito;E-commerce;CC-COMERCIAL;2025-11;VEN0277;Recebimento realizado dentro do prazo.
CR00174;VEN0105;CLI006;Thiago Ribeiro;2025-09-24;2025-12-23;2025-12-22;3;4;289.69;0.0;289.69;0.0;Recebido;0;Boleto;E-commerce;CC-COMERCIAL;2025-09;VEN0105;Recebimento realizado dentro do prazo.
CR00439;VEN0280;CLI080;Mariana Souza;2025-11-23;2025-12-23;2025-12-21;1;1;419.27;0.0;419.27;0.0;Recebido;0;Cartão de Débito;Loja Física;CC-COMERCIAL;2025-11;VEN0280;Recebimento realizado dentro do prazo.
CR00272;VEN0186;CLI101;Amanda Costa;2025-10-25;2025-12-24;2025-12-22;2;2;186.81;0.0;186.81;0.0;Recebido;0;Cartão de Crédito;E-commerce;CC-COMERCIAL;2025-10;VEN0186;Recebimento realizado dentro do prazo.
CR00440;VEN0281;CLI116;Caio Silva;2025-11-24;2025-12-24;2025-12-24;1;4;183.47;0.0;183.47;0.0;Recebido;0;Boleto;E-commerce;CC-COMERCIAL;2025-11;VEN0281;Recebimento realizado dentro do prazo.
CR00444;VEN0282;CLI114;Fábio Ribeiro;2025-11-24;2025-12-24;2025-12-23;1;1;418.78;0.0;418.78;0.0;Recebido;0;PIX;E-commerce;CC-COMERCIAL;2025-11;VEN0282;Recebimento realizado dentro do prazo.
CR00445;VEN0284;CLI006;Thiago Ribeiro;2025-11-24;2025-12-24;2025-12-21;1;1;69.77;0.0;69.77;0.0;Recebido;0;Cartão de Débito;Loja Física;CC-COMERCIAL;2025-11;VEN0284;Recebimento realizado dentro do prazo.
CR00090;VEN0050;CLI053;Bianca Lima;2025-08-27;2025-12-25;2025-12-28;4;4;72.54;1.14;73.68;0.0;Recebido com atraso;3;Cartão de Débito;Loja Física;CC-COMERCIAL;2025-08;VEN0050;Recebimento realizado após o vencimento.
CR00446;VEN0287;CLI112;Lucas Oliveira;2025-11-25;2025-12-25;2025-12-24;1;1;304.28;0.0;304.28;0.0;Recebido;0;Boleto;E-commerce;CC-COMERCIAL;2025-11;VEN0287;Recebimento realizado dentro do prazo.
CR00277;VEN0191;CLI078;Ricardo Almeida;2025-10-27;2025-12-26;2026-01-10;2;4;202.09;3.79;205.88;0.0;Recebido com atraso;15;Cartão de Débito;E-commerce;CC-COMERCIAL;2025-10;VEN0191;Recebimento realizado após o vencimento.
CR00281;VEN0193;CLI114;Fábio Ribeiro;2025-10-27;2025-12-26;2025-12-23;2;6;46.31;0.0;46.31;0.0;Recebido;0;PIX;E-commerce;CC-COMERCIAL;2025-10;VEN0193;Recebimento realizado dentro do prazo.
CR00447;VEN0288;CLI043;Natália Almeida;2025-11-26;2025-12-26;2025-12-30;1;1;318.26;5.09;323.35;0.0;Recebido com atraso;4;Cartão de Crédito;Loja Física;CC-COMERCIAL;2025-11;VEN0288;Recebimento realizado após o vencimento.
CR00185;VEN0114;CLI034;Fernanda Santos;2025-09-28;2025-12-27;2025-12-25;3;3;73.0;0.0;73.0;0.0;Recebido;0;Cartão de Débito;E-commerce;CC-COMERCIAL;2025-09;VEN0114;Recebimento realizado dentro do prazo.
CR00448;VEN0289;CLI095;Helena Costa;2025-11-27;2025-12-27;2025-12-26;1;1;260.81;0.0;260.81;0.0;Recebido;0;Boleto;Loja Física;CC-COMERCIAL;2025-11;VEN0289;Recebimento realizado dentro do prazo.
CR00449;VEN0291;CLI013;Aline Ribeiro;2025-11-27;2025-12-27;2025-12-27;1;1;193.57;0.0;193.57;0.0;Recebido;0;Cartão de Débito;WhatsApp;CC-COMERCIAL;2025-11;VEN0291;Recebimento realizado dentro do prazo.
CR00450;VEN0292;CLI112;Lucas Oliveira;2025-11-27;2025-12-27;2025-12-26;1;3;110.73;0.0;110.73;0.0;Recebido;0;Cartão de Crédito;Loja Física;CC-COMERCIAL;2025-11;VEN0292;Recebimento realizado dentro do prazo.
CR00097;VEN0054;CLI032;Igor Souza;2025-08-30;2025-12-28;2025-12-25;4;6;72.16;0.0;72.16;0.0;Recebido;0;PIX;E-commerce;CC-COMERCIAL;2025-08;VEN0054;Recebimento realizado dentro do prazo.
CR00188;VEN0115;CLI074;Camila Silva;2025-09-29;2025-12-28;2026-01-11;3;4;37.4;0.69;38.09;0.0;Recebido com atraso;14;Cartão de Débito;E-commerce;CC-COMERCIAL;2025-09;VEN0115;Recebimento realizado após o vencimento.
CR00197;VEN0121;CLI083;Camila Lima;2025-09-29;2025-12-28;2025-12-28;3;6;9.57;0.0;9.57;0.0;Recebido;0;Cartão de Débito;E-commerce;CC-COMERCIAL;2025-09;VEN0121;Recebimento realizado dentro do prazo.
CR00006;VEN0002;CLI118;Leonardo Oliveira;2025-08-01;2025-12-29;2025-12-27;5;6;88.88;0.0;88.88;0.0;Recebido;0;PIX;Loja Física;CC-COMERCIAL;2025-08;VEN0002;Recebimento realizado dentro do prazo.
CR00453;VEN0295;CLI058;Larissa Silva;2025-11-29;2025-12-29;2025-12-27;1;1;159.98;0.0;159.98;0.0;Recebido;0;PIX;Loja Física;CC-COMERCIAL;2025-11;VEN0295;Recebimento realizado dentro do prazo.
CR00454;VEN0296;CLI041;Caio Santos;2025-11-29;2025-12-29;2025-12-28;1;4;36.17;0.0;36.17;0.0;Recebido;0;Cartão de Débito;Loja Física;CC-COMERCIAL;2025-11;VEN0296;Recebimento realizado dentro do prazo.
CR00290;VEN0199;CLI027;Patricia Silva;2025-10-31;2025-12-30;2025-12-30;2;2;53.17;0.0;53.17;0.0;Recebido;0;Boleto;Loja Física;CC-COMERCIAL;2025-10;VEN0199;Recebimento realizado dentro do prazo.
CR00458;VEN0297;CLI044;Igor Souza;2025-11-30;2025-12-30;2025-12-30;1;1;56.08;0.0;56.08;0.0;Recebido;0;Cartão de Crédito;Loja Física;CC-COMERCIAL;2025-11;VEN0297;Recebimento realizado dentro do prazo.
CR00209;VEN0129;CLI081;Leonardo Costa;2025-10-02;2025-12-31;2025-12-28;3;6;50.02;0.0;50.02;0.0;Recebido;0;Cartão de Crédito;Loja Física;CC-COMERCIAL;2025-10;VEN0129;Recebimento realizado dentro do prazo.
CR00293;VEN0201;CLI042;Gustavo Costa;2025-11-01;2025-12-31;2025-12-29;2;4;50.95;0.0;50.95;0.0;Recebido;0;PIX;Loja Física;CC-COMERCIAL;2025-11;VEN0201;Recebimento realizado dentro do prazo.
CR00297;VEN0202;CLI036;Leonardo Santos;2025-11-01;2025-12-31;2025-12-29;2;3;136.54;0.0;136.54;0.0;Recebido;0;PIX;E-commerce;CC-COMERCIAL;2025-11;VEN0202;Recebimento realizado dentro do prazo.
CR00300;VEN0203;CLI002;Helena Souza;2025-11-01;2025-12-31;2025-12-28;2;2;228.9;0.0;228.9;0.0;Recebido;0;Cartão de Crédito;Loja Física;CC-COMERCIAL;2025-11;VEN0203;Recebimento realizado dentro do prazo.
CR00459;VEN0300;CLI074;Camila Silva;2025-12-01;2025-12-31;2025-12-28;1;1;151.55;0.0;151.55;0.0;Recebido;0;Cartão de Crédito;E-commerce;CC-COMERCIAL;2025-12;VEN0300;Recebimento realizado dentro do prazo.
CR00460;VEN0301;CLI038;Gustavo Silva;2025-12-01;2025-12-31;2025-12-30;1;1;277.95;0.0;277.95;0.0;Recebido;0;PIX;Loja Física;CC-COMERCIAL;2025-12;VEN0301;Recebimento realizado dentro do prazo.
CR00106;VEN0062;CLI036;Leonardo Santos;2025-09-03;2026-01-01;2026-01-09;4;6;80.32;1.37;81.69;0.0;Recebido com atraso;8;PIX;Loja Física;CC-COMERCIAL;2025-09;VEN0062;Recebimento realizado após o vencimento.
CR00115;VEN0065;CLI044;Igor Souza;2025-09-03;2026-01-01;2025-12-29;4;6;104.79;0.0;104.79;0.0;Recebido;0;Boleto;Loja Física;CC-COMERCIAL;2025-09;VEN0065;Recebimento realizado dentro do prazo.
CR00302;VEN0205;CLI052;Gustavo Costa;2025-11-02;2026-01-01;2026-01-01;2;2;124.62;0.0;124.62;0.0;Recebido;0;Cartão de Crédito;Loja Física;CC-COMERCIAL;2025-11;VEN0205;Recebimento realizado dentro do prazo.
CR00304;VEN0206;CLI101;Amanda Costa;2025-11-02;2026-01-01;2025-12-29;2;2;136.76;0.0;136.76;0.0;Recebido;0;Cartão de Débito;E-commerce;CC-COMERCIAL;2025-11;VEN0206;Recebimento realizado dentro do prazo.
CR00306;VEN0207;CLI001;Vanessa Oliveira;2025-11-02;2026-01-01;2025-12-31;2;3;134.22;0.0;134.22;0.0;Recebido;0;PIX;E-commerce;CC-COMERCIAL;2025-11;VEN0207;Recebimento realizado dentro do prazo.
CR00309;VEN0208;CLI056;Larissa Lima;2025-11-02;2026-01-01;2026-01-01;2;6;53.92;0.0;53.92;0.0;Recebido;0;PIX;WhatsApp;CC-COMERCIAL;2025-11;VEN0208;Recebimento realizado dentro do prazo.
CR00461;VEN0302;CLI049;Vanessa Souza;2025-12-02;2026-01-01;2025-12-31;1;3;36.61;0.0;36.61;0.0;Recebido;0;Cartão de Débito;Loja Física;CC-COMERCIAL;2025-12;VEN0302;Recebimento realizado dentro do prazo.
CR00464;VEN0303;CLI060;Gustavo Almeida;2025-12-02;2026-01-01;2025-12-30;1;2;139.28;0.0;139.28;0.0;Recebido;0;PIX;Loja Física;CC-COMERCIAL;2025-12;VEN0303;Recebimento realizado dentro do prazo.
CR00466;VEN0304;CLI108;Cláudia Oliveira;2025-12-02;2026-01-01;2026-01-10;1;2;76.41;1.32;77.73;0.0;Recebido com atraso;9;PIX;E-commerce;CC-COMERCIAL;2025-12;VEN0304;Recebimento realizado após o vencimento.
CR00468;VEN0306;CLI043;Natália Almeida;2025-12-02;2026-01-01;2026-01-01;1;4;23.0;0.0;23.0;0.0;Recebido;0;Cartão de Débito;Loja Física;CC-COMERCIAL;2025-12;VEN0306;Recebimento realizado dentro do prazo.
CR00472;VEN0307;CLI042;Gustavo Costa;2025-12-02;2026-01-01;2025-12-31;1;6;22.6;0.0;22.6;0.0;Recebido;0;Cartão de Crédito;Loja Física;CC-COMERCIAL;2025-12;VEN0307;Recebimento realizado dentro do prazo.
CR00012;VEN0003;CLI043;Natália Almeida;2025-08-05;2026-01-02;2025-12-31;5;6;47.27;0.0;47.27;0.0;Recebido;0;PIX;WhatsApp;CC-COMERCIAL;2025-08;VEN0003;Recebimento realizado dentro do prazo.
CR00316;VEN0211;CLI063;Beatriz Ribeiro;2025-11-03;2026-01-02;2025-12-30;2;2;175.02;0.0;175.02;0.0;Recebido;0;PIX;Loja Física;CC-COMERCIAL;2025-11;VEN0211;Recebimento realizado dentro do prazo.
CR00478;VEN0308;CLI006;Thiago Ribeiro;2025-12-03;2026-01-02;2025-12-31;1;1;220.49;0.0;220.49;0.0;Recebido;0;Cartão de Crédito;Loja Física;CC-COMERCIAL;2025-12;VEN0308;Recebimento realizado dentro do prazo.
CR00479;VEN0309;CLI063;Beatriz Ribeiro;2025-12-03;2026-01-02;2025-12-31;1;4;151.09;0.0;151.09;0.0;Recebido;0;Cartão de Débito;E-commerce;CC-COMERCIAL;2025-12;VEN0309;Recebimento realizado dentro do prazo.
CR00483;VEN0310;CLI013;Aline Ribeiro;2025-12-04;2026-01-03;2026-01-03;1;1;319.95;0.0;319.95;0.0;Recebido;0;Cartão de Débito;E-commerce;CC-COMERCIAL;2025-12;VEN0310;Recebimento realizado dentro do prazo.
CR00484;VEN0311;CLI045;Bruno Souza;2025-12-04;2026-01-03;2026-01-03;1;1;420.91;0.0;420.91;0.0;Recebido;0;Cartão de Débito;WhatsApp;CC-COMERCIAL;2025-12;VEN0311;Recebimento realizado dentro do prazo.
CR00485;VEN0313;CLI114;Fábio Ribeiro;2025-12-04;2026-01-03;2026-01-03;1;4;163.94;0.0;163.94;0.0;Recebido;0;PIX;WhatsApp;CC-COMERCIAL;2025-12;VEN0313;Recebimento realizado dentro do prazo.
CR00220;VEN0136;CLI070;Lucas Ferreira;2025-10-06;2026-01-04;2026-01-03;3;3;160.63;0.0;160.63;0.0;Recebido;0;Cartão de Crédito;Loja Física;CC-COMERCIAL;2025-10;VEN0136;Recebimento realizado dentro do prazo.
CR00489;VEN0316;CLI069;Leonardo Ferreira;2025-12-05;2026-01-04;2026-01-04;1;4;168.49;0.0;168.49;0.0;Recebido;0;PIX;Loja Física;CC-COMERCIAL;2025-12;VEN0316;Recebimento realizado dentro do prazo.
CR00493;VEN0317;CLI033;Mariana Ribeiro;2025-12-05;2026-01-04;2026-01-01;1;2;91.99;0.0;91.99;0.0;Recebido;0;PIX;E-commerce;CC-COMERCIAL;2025-12;VEN0317;Recebimento realizado dentro do prazo.
CR00495;VEN0318;CLI074;Camila Silva;2025-12-05;2026-01-04;2026-01-02;1;2;102.44;0.0;102.44;0.0;Recebido;0;Boleto;E-commerce;CC-COMERCIAL;2025-12;VEN0318;Recebimento realizado dentro do prazo.
CR00322;VEN0217;CLI114;Fábio Ribeiro;2025-11-06;2026-01-05;2026-01-02;2;2;639.95;0.0;639.95;0.0;Recebido;0;Cartão de Débito;WhatsApp;CC-COMERCIAL;2025-11;VEN0217;Recebimento realizado dentro do prazo.
CR00324;VEN0218;CLI116;Caio Silva;2025-11-06;2026-01-05;2026-01-05;2;2;51.21;0.0;51.21;0.0;Recebido;0;Boleto;Loja Física;CC-COMERCIAL;2025-11;VEN0218;Recebimento realizado dentro do prazo.
CR00326;VEN0219;CLI026;Priscila Santos;2025-11-06;2026-01-05;2026-01-02;2;3;118.57;0.0;118.57;0.0;Recebido;0;Cartão de Crédito;Loja Física;CC-COMERCIAL;2025-11;VEN0219;Recebimento realizado dentro do prazo.
CR00329;VEN0220;CLI081;Leonardo Costa;2025-11-06;2026-01-05;2026-01-05;2;6;26.96;0.0;26.96;0.0;Recebido;0;PIX;E-commerce;CC-COMERCIAL;2025-11;VEN0220;Recebimento realizado dentro do prazo.
CR00335;VEN0221;CLI018;Fernanda Gomes;2025-11-06;2026-01-05;2026-01-03;2;4;13.6;0.0;13.6;0.0;Recebido;0;Cartão de Débito;WhatsApp;CC-COMERCIAL;2025-11;VEN0221;Recebimento realizado dentro do prazo.
CR00497;VEN0319;CLI073;Cláudia Gomes;2025-12-06;2026-01-05;2026-01-04;1;4;60.2;0.0;60.2;0.0;Recebido;0;Cartão de Crédito;Loja Física;CC-COMERCIAL;2025-12;VEN0319;Recebimento realizado dentro do prazo.
CR00501;VEN0321;CLI009;Vinicius Almeida;2025-12-06;2026-01-05;2026-01-03;1;1;559.49;0.0;559.49;0.0;Recebido;0;PIX;E-commerce;CC-COMERCIAL;2025-12;VEN0321;Recebimento realizado dentro do prazo.
CR00502;VEN0322;CLI042;Gustavo Costa;2025-12-06;2026-01-05;2026-01-04;1;1;288.92;0.0;288.92;0.0;Recebido;0;Cartão de Crédito;Loja Física;CC-COMERCIAL;2025-12;VEN0322;Recebimento realizado dentro do prazo.
CR00503;VEN0323;CLI053;Bianca Lima;2025-12-06;2026-01-05;2026-01-05;1;6;134.73;0.0;134.73;0.0;Recebido;0;Cartão de Crédito;E-commerce;CC-COMERCIAL;2025-12;VEN0323;Recebimento realizado dentro do prazo.
CR00224;VEN0139;CLI116;Caio Silva;2025-10-08;2026-01-06;2026-01-06;3;3;70.9;0.0;70.9;0.0;Recebido;0;PIX;Loja Física;CC-COMERCIAL;2025-10;VEN0139;Recebimento realizado dentro do prazo.
CR00339;VEN0223;CLI002;Helena Souza;2025-11-07;2026-01-06;2026-01-03;2;3;53.37;0.0;53.37;0.0;Recebido;0;PIX;Loja Física;CC-COMERCIAL;2025-11;VEN0223;Recebimento realizado dentro do prazo.
CR00509;VEN0324;CLI043;Natália Almeida;2025-12-07;2026-01-06;2026-01-23;1;1;241.07;4.64;245.71;0.0;Recebido com atraso;17;Cartão de Crédito;Loja Física;CC-COMERCIAL;2025-12;VEN0324;Recebimento realizado após o vencimento.
CR00510;VEN0326;CLI049;Vanessa Souza;2025-12-07;2026-01-06;2026-01-06;1;1;895.93;0.0;895.93;0.0;Recebido;0;Cartão de Crédito;Loja Física;CC-COMERCIAL;2025-12;VEN0326;Recebimento realizado dentro do prazo.
CR00511;VEN0327;CLI013;Aline Ribeiro;2025-12-07;2026-01-06;2026-01-05;1;3;71.43;0.0;71.43;0.0;Recebido;0;Cartão de Débito;Loja Física;CC-COMERCIAL;2025-12;VEN0327;Recebimento realizado dentro do prazo.
CR00131;VEN0075;CLI116;Caio Silva;2025-09-09;2026-01-07;2026-01-04;4;6;39.96;0.0;39.96;0.0;Recebido;0;Cartão de Débito;E-commerce;CC-COMERCIAL;2025-09;VEN0075;Recebimento realizado dentro do prazo.
CR00227;VEN0141;CLI060;Gustavo Almeida;2025-10-09;2026-01-07;2026-01-05;3;6;49.74;0.0;49.74;0.0;Recebido;0;Cartão de Crédito;Loja Física;CC-COMERCIAL;2025-10;VEN0141;Recebimento realizado dentro do prazo.
CR00344;VEN0227;CLI002;Helena Souza;2025-11-08;2026-01-07;2026-01-05;2;6;77.15;0.0;77.15;0.0;Recebido;0;PIX;E-commerce;CC-COMERCIAL;2025-11;VEN0227;Recebimento realizado dentro do prazo.
CR00351;VEN0229;CLI086;Rafael Santos;2025-11-08;2026-01-07;2026-01-06;2;6;66.61;0.0;66.61;0.0;Recebido;0;Cartão de Crédito;Loja Física;CC-COMERCIAL;2025-11;VEN0229;Recebimento realizado dentro do prazo.
CR00357;VEN0230;CLI042;Gustavo Costa;2025-11-08;2026-01-07;2026-01-06;2;3;123.0;0.0;123.0;0.0;Recebido;0;Cartão de Débito;E-commerce;CC-COMERCIAL;2025-11;VEN0230;Recebimento realizado dentro do prazo.
CR00514;VEN0331;CLI060;Gustavo Almeida;2025-12-08;2026-01-07;2026-01-06;1;1;142.12;0.0;142.12;0.0;Recebido;0;Boleto;WhatsApp;CC-COMERCIAL;2025-12;VEN0331;Recebimento realizado dentro do prazo.
CR00030;VEN0016;CLI035;Amanda Ferreira;2025-08-11;2026-01-08;2026-01-05;5;6;49.74;0.0;49.74;0.0;Recebido;0;Cartão de Débito;E-commerce;CC-COMERCIAL;2025-08;VEN0016;Recebimento realizado dentro do prazo.
CR00360;VEN0232;CLI020;Diego Almeida;2025-11-09;2026-01-08;2026-01-07;2;6;87.98;0.0;87.98;0.0;Recebido;0;Cartão de Débito;Loja Física;CC-COMERCIAL;2025-11;VEN0232;Recebimento realizado dentro do prazo.
CR00515;VEN0335;CLI043;Natália Almeida;2025-12-09;2026-01-08;2026-01-06;1;1;118.19;0.0;118.19;0.0;Recebido;0;Cartão de Débito;Loja Física;CC-COMERCIAL;2025-12;VEN0335;Recebimento realizado dentro do prazo.
CR00516;VEN0336;CLI010;Daniel Silva;2025-12-09;2026-01-08;2026-01-05;1;6;68.84;0.0;68.84;0.0;Recebido;0;Boleto;E-commerce;CC-COMERCIAL;2025-12;VEN0336;Recebimento realizado dentro do prazo.
CR00038;VEN0021;CLI035;Amanda Ferreira;2025-08-12;2026-01-09;2026-01-08;5;6;104.79;0.0;104.79;0.0;Recebido;0;Cartão de Crédito;Loja Física;CC-COMERCIAL;2025-08;VEN0021;Recebimento realizado dentro do prazo.
CR00522;VEN0337;CLI078;Ricardo Almeida;2025-12-10;2026-01-09;2026-01-06;1;6;76.3;0.0;76.3;0.0;Recebido;0;Boleto;WhatsApp;CC-COMERCIAL;2025-12;VEN0337;Recebimento realizado dentro do prazo.
CR00044;VEN0025;CLI112;Lucas Oliveira;2025-08-13;2026-01-10;2026-01-10;5;6;20.73;0.0;20.73;0.0;Recebido;0;PIX;Loja Física;CC-COMERCIAL;2025-08;VEN0025;Recebimento realizado dentro do prazo.
CR00367;VEN0237;CLI042;Gustavo Costa;2025-11-11;2026-01-10;2026-01-08;2;3;105.86;0.0;105.86;0.0;Recebido;0;PIX;Loja Física;CC-COMERCIAL;2025-11;VEN0237;Recebimento realizado dentro do prazo.
CR00370;VEN0238;CLI016;Aline Santos;2025-11-11;2026-01-10;2026-01-10;2;6;44.17;0.0;44.17;0.0;Recebido;0;Cartão de Débito;Loja Física;CC-COMERCIAL;2025-11;VEN0238;Recebimento realizado dentro do prazo.
CR00528;VEN0338;CLI084;Cláudia Silva;2025-12-11;2026-01-10;2026-01-15;1;3;43.47;0.71;44.18;0.0;Recebido com atraso;5;Cartão de Débito;Loja Física;CC-COMERCIAL;2025-12;VEN0338;Recebimento realizado após o vencimento.
CR00376;VEN0240;CLI073;Cláudia Gomes;2025-11-12;2026-01-11;2026-01-10;2;4;72.23;0.0;72.23;0.0;Recebido;0;Cartão de Débito;E-commerce;CC-COMERCIAL;2025-11;VEN0240;Recebimento realizado dentro do prazo.
CR00531;VEN0343;CLI072;Fábio Lima;2025-12-12;2026-01-11;2026-01-09;1;6;61.34;0.0;61.34;0.0;Recebido;0;Cartão de Crédito;Loja Física;CC-COMERCIAL;2025-12;VEN0343;Recebimento realizado dentro do prazo.
CR00537;VEN0346;CLI053;Bianca Lima;2025-12-12;2026-01-11;2026-01-11;1;3;43.47;0.0;43.47;0.0;Recebido;0;PIX;Loja Física;CC-COMERCIAL;2025-12;VEN0346;Recebimento realizado dentro do prazo.
CR00146;VEN0085;CLI042;Gustavo Costa;2025-09-14;2026-01-12;2026-01-12;4;6;51.47;0.0;51.47;0.0;Recebido;0;Boleto;Loja Física;CC-COMERCIAL;2025-09;VEN0085;Recebimento realizado dentro do prazo.
CR00540;VEN0347;CLI089;Larissa Souza;2025-12-13;2026-01-12;2026-01-12;1;4;78.51;0.0;78.51;0.0;Recebido;0;Cartão de Débito;Loja Física;CC-COMERCIAL;2025-12;VEN0347;Recebimento realizado dentro do prazo.
CR00544;VEN0348;CLI074;Camila Silva;2025-12-13;2026-01-12;2026-01-10;1;1;718.54;0.0;718.54;0.0;Recebido;0;Cartão de Débito;E-commerce;CC-COMERCIAL;2025-12;VEN0348;Recebimento realizado dentro do prazo.
CR00383;VEN0246;CLI013;Aline Ribeiro;2025-11-14;2026-01-13;2026-01-11;2;6;20.55;0.0;20.55;0.0;Recebido;0;PIX;Loja Física;CC-COMERCIAL;2025-11;VEN0246;Recebimento realizado dentro do prazo.
CR00389;VEN0247;CLI073;Cláudia Gomes;2025-11-14;2026-01-13;2026-01-13;2;2;326.92;0.0;326.92;0.0;Recebido;0;PIX;E-commerce;CC-COMERCIAL;2025-11;VEN0247;Recebimento realizado dentro do prazo.
CR00545;VEN0352;CLI015;Patricia Silva;2025-12-14;2026-01-13;2026-01-13;1;2;126.76;0.0;126.76;0.0;Recebido;0;Cartão de Débito;E-commerce;CC-COMERCIAL;2025-12;VEN0352;Recebimento realizado dentro do prazo.
CR00547;VEN0353;CLI038;Gustavo Silva;2025-12-14;2026-01-13;2026-01-12;1;3;105.86;0.0;105.86;0.0;Recebido;0;Cartão de Débito;Loja Física;CC-COMERCIAL;2025-12;VEN0353;Recebimento realizado dentro do prazo.
CR00550;VEN0354;CLI060;Gustavo Almeida;2025-12-14;2026-01-13;2026-01-13;1;4;33.74;0.0;33.74;0.0;Recebido;0;PIX;E-commerce;CC-COMERCIAL;2025-12;VEN0354;Recebimento realizado dentro do prazo.
CR00554;VEN0355;CLI046;Diego Silva;2025-12-14;2026-01-13;2026-01-30;1;1;190.74;3.67;194.41;0.0;Recebido com atraso;17;Boleto;Loja Física;CC-COMERCIAL;2025-12;VEN0355;Recebimento realizado após o vencimento.
CR00555;VEN0357;CLI054;Aline Almeida;2025-12-14;2026-01-13;2026-01-12;1;3;193.07;0.0;193.07;0.0;Recebido;0;Cartão de Débito;E-commerce;CC-COMERCIAL;2025-12;VEN0357;Recebimento realizado dentro do prazo.
CR00558;VEN0358;CLI116;Caio Silva;2025-12-14;2026-01-13;2026-01-13;1;6;31.52;0.0;31.52;0.0;Recebido;0;PIX;Loja Física;CC-COMERCIAL;2025-12;VEN0358;Recebimento realizado dentro do prazo.
CR00054;VEN0031;CLI044;Igor Souza;2025-08-17;2026-01-14;2026-01-25;5;6;48.87;0.87;49.74;0.0;Recebido com atraso;11;PIX;Loja Física;CC-COMERCIAL;2025-08;VEN0031;Recebimento realizado após o vencimento.
CR00564;VEN0360;CLI060;Gustavo Almeida;2025-12-15;2026-01-14;2026-01-14;1;3;37.32;0.0;37.32;0.0;Recebido;0;Cartão de Débito;E-commerce;CC-COMERCIAL;2025-12;VEN0360;Recebimento realizado dentro do prazo.
CR00567;VEN0361;CLI052;Gustavo Costa;2025-12-15;2026-01-14;2026-01-12;1;1;236.17;0.0;236.17;0.0;Recebido;0;Cartão de Débito;E-commerce;CC-COMERCIAL;2025-12;VEN0361;Recebimento realizado dentro do prazo.
CR00395;VEN0256;CLI101;Amanda Costa;2025-11-16;2026-01-15;2026-01-12;2;2;221.29;0.0;221.29;0.0;Recebido;0;Boleto;E-commerce;CC-COMERCIAL;2025-11;VEN0256;Recebimento realizado dentro do prazo.
CR00399;VEN0259;CLI065;Carlos Silva;2025-11-16;2026-01-15;2026-01-14;2;2;107.15;0.0;107.15;0.0;Recebido;0;Cartão de Débito;Loja Física;CC-COMERCIAL;2025-11;VEN0259;Recebimento realizado dentro do prazo.
CR00568;VEN0362;CLI044;Igor Souza;2025-12-16;2026-01-15;2026-01-12;1;4;57.34;0.0;57.34;0.0;Recebido;0;Cartão de Débito;WhatsApp;CC-COMERCIAL;2025-12;VEN0362;Recebimento realizado dentro do prazo.
CR00572;VEN0363;CLI074;Camila Silva;2025-12-16;2026-01-15;;1;1;359.27;0.0;0.0;359.27;Em atraso;197;Cartão de Crédito;Loja Física;CC-COMERCIAL;2025-12;VEN0363;Título pendente de recebimento.
CR00573;VEN0364;CLI114;Fábio Ribeiro;2025-12-16;2026-01-15;2026-01-13;1;1;273.65;0.0;273.65;0.0;Recebido;0;Cartão de Débito;E-commerce;CC-COMERCIAL;2025-12;VEN0364;Recebimento realizado dentro do prazo.
CR00060;VEN0032;CLI022;Eduardo Gomes;2025-08-19;2026-01-16;2026-01-13;5;6;26.69;0.0;26.69;0.0;Recebido;0;Cartão de Crédito;Loja Física;CC-COMERCIAL;2025-08;VEN0032;Recebimento realizado dentro do prazo.
CR00066;VEN0033;CLI069;Leonardo Ferreira;2025-08-19;2026-01-16;2026-01-15;5;6;64.38;0.0;64.38;0.0;Recebido;0;Cartão de Crédito;E-commerce;CC-COMERCIAL;2025-08;VEN0033;Recebimento realizado dentro do prazo.
CR00252;VEN0164;CLI073;Cláudia Gomes;2025-10-18;2026-01-16;2026-01-14;3;4;212.71;0.0;212.71;0.0;Recebido;0;Boleto;WhatsApp;CC-COMERCIAL;2025-10;VEN0164;Recebimento realizado dentro do prazo.
CR00574;VEN0365;CLI044;Igor Souza;2025-12-17;2026-01-16;2026-01-14;1;2;113.89;0.0;113.89;0.0;Recebido;0;Boleto;Loja Física;CC-COMERCIAL;2025-12;VEN0365;Recebimento realizado dentro do prazo.
CR00401;VEN0261;CLI043;Natália Almeida;2025-11-18;2026-01-17;2026-01-16;2;6;54.51;0.0;54.51;0.0;Recebido;0;Boleto;Loja Física;CC-COMERCIAL;2025-11;VEN0261;Recebimento realizado dentro do prazo.
CR00407;VEN0262;CLI064;Caio Silva;2025-11-18;2026-01-17;2026-01-15;2;6;41.18;0.0;41.18;0.0;Recebido;0;Cartão de Crédito;E-commerce;CC-COMERCIAL;2025-11;VEN0262;Recebimento realizado dentro do prazo.
CR00576;VEN0366;CLI074;Camila Silva;2025-12-18;2026-01-17;2026-01-16;1;6;49.25;0.0;49.25;0.0;Recebido;0;Boleto;WhatsApp;CC-COMERCIAL;2025-12;VEN0366;Recebimento realizado dentro do prazo.
CR00582;VEN0369;CLI017;Rafael Gomes;2025-12-18;2026-01-17;2026-01-16;1;4;76.4;0.0;76.4;0.0;Recebido;0;Cartão de Crédito;Loja Física;CC-COMERCIAL;2025-12;VEN0369;Recebimento realizado dentro do prazo.
CR00586;VEN0370;CLI119;Natália Gomes;2025-12-18;2026-01-17;2026-01-14;1;6;15.22;0.0;15.22;0.0;Recebido;0;PIX;Loja Física;CC-COMERCIAL;2025-12;VEN0370;Recebimento realizado dentro do prazo.
CR00592;VEN0372;CLI097;Lucas Ferreira;2025-12-19;2026-01-18;2026-01-15;1;1;68.69;0.0;68.69;0.0;Recebido;0;Cartão de Crédito;E-commerce;CC-COMERCIAL;2025-12;VEN0372;Recebimento realizado dentro do prazo.
CR00593;VEN0375;CLI049;Vanessa Souza;2025-12-19;2026-01-18;2026-01-17;1;6;31.21;0.0;31.21;0.0;Recebido;0;PIX;Loja Física;CC-COMERCIAL;2025-12;VEN0375;Recebimento realizado dentro do prazo.
CR00258;VEN0173;CLI116;Caio Silva;2025-10-21;2026-01-19;2026-01-18;3;3;76.33;0.0;76.33;0.0;Recebido;0;Boleto;E-commerce;CC-COMERCIAL;2025-10;VEN0173;Recebimento realizado dentro do prazo.
CR00415;VEN0269;CLI101;Amanda Costa;2025-11-20;2026-01-19;2026-01-16;2;4;154.89;0.0;154.89;0.0;Recebido;0;Cartão de Débito;WhatsApp;CC-COMERCIAL;2025-11;VEN0269;Recebimento realizado dentro do prazo.
CR00599;VEN0377;CLI089;Larissa Souza;2025-12-20;2026-01-19;2026-01-19;1;2;75.27;0.0;75.27;0.0;Recebido;0;Cartão de Crédito;E-commerce;CC-COMERCIAL;2025-12;VEN0377;Recebimento realizado dentro do prazo.
CR00601;VEN0378;CLI006;Thiago Ribeiro;2025-12-20;2026-01-19;2026-01-16;1;6;41.72;0.0;41.72;0.0;Recebido;0;Boleto;WhatsApp;CC-COMERCIAL;2025-12;VEN0378;Recebimento realizado dentro do prazo.
CR00607;VEN0379;CLI060;Gustavo Almeida;2025-12-20;2026-01-19;2026-01-19;1;2;68.73;0.0;68.73;0.0;Recebido;0;Boleto;E-commerce;CC-COMERCIAL;2025-12;VEN0379;Recebimento realizado dentro do prazo.
CR00419;VEN0270;CLI044;Igor Souza;2025-11-21;2026-01-20;;2;6;39.26;0.0;0.0;39.26;Em atraso;192;PIX;Loja Física;CC-COMERCIAL;2025-11;VEN0270;Título pendente de recebimento.
CR00609;VEN0382;CLI073;Cláudia Gomes;2025-12-21;2026-01-20;2026-01-18;1;1;137.8;0.0;137.8;0.0;Recebido;0;PIX;E-commerce;CC-COMERCIAL;2025-12;VEN0382;Recebimento realizado dentro do prazo.
CR00610;VEN0383;CLI052;Gustavo Costa;2025-12-21;2026-01-20;2026-01-20;1;4;275.21;0.0;275.21;0.0;Recebido;0;Cartão de Crédito;Loja Física;CC-COMERCIAL;2025-12;VEN0383;Recebimento realizado dentro do prazo.
CR00614;VEN0384;CLI074;Camila Silva;2025-12-21;2026-01-20;2026-01-19;1;1;86.88;0.0;86.88;0.0;Recebido;0;Boleto;Loja Física;CC-COMERCIAL;2025-12;VEN0384;Recebimento realizado dentro do prazo.
CR00615;VEN0386;CLI046;Diego Silva;2025-12-21;2026-01-20;2026-01-19;1;4;63.38;0.0;63.38;0.0;Recebido;0;Boleto;Loja Física;CC-COMERCIAL;2025-12;VEN0386;Recebimento realizado dentro do prazo.
CR00619;VEN0387;CLI102;Thiago Souza;2025-12-21;2026-01-20;;1;1;148.47;0.0;0.0;148.47;Em atraso;192;Cartão de Crédito;Loja Física;CC-COMERCIAL;2025-12;VEN0387;Título pendente de recebimento.
CR00168;VEN0101;CLI104;Helena Ribeiro;2025-09-23;2026-01-21;2026-01-20;4;4;41.25;0.0;41.25;0.0;Recebido;0;Boleto;Loja Física;CC-COMERCIAL;2025-09;VEN0101;Recebimento realizado dentro do prazo.
CR00265;VEN0177;CLI049;Vanessa Souza;2025-10-23;2026-01-21;2026-01-21;3;6;187.21;0.0;187.21;0.0;Recebido;0;Cartão de Crédito;WhatsApp;CC-COMERCIAL;2025-10;VEN0177;Recebimento realizado dentro do prazo.
CR00426;VEN0273;CLI097;Lucas Ferreira;2025-11-22;2026-01-21;;2;3;231.76;0.0;0.0;231.76;Em atraso;191;Cartão de Débito;Loja Física;CC-COMERCIAL;2025-11;VEN0273;Título pendente de recebimento.
CR00430;VEN0276;CLI095;Helena Costa;2025-11-22;2026-01-21;2026-01-20;2;4;68.38;0.0;68.38;0.0;Recebido;0;Cartão de Crédito;E-commerce;CC-COMERCIAL;2025-11;VEN0276;Recebimento realizado dentro do prazo.
CR00434;VEN0277;CLI042;Gustavo Costa;2025-11-22;2026-01-21;2026-01-20;2;6;88.34;0.0;88.34;0.0;Recebido;0;Cartão de Crédito;E-commerce;CC-COMERCIAL;2025-11;VEN0277;Recebimento realizado dentro do prazo.
CR00620;VEN0388;CLI006;Thiago Ribeiro;2025-12-22;2026-01-21;2026-01-19;1;1;395.98;0.0;395.98;0.0;Recebido;0;Cartão de Crédito;E-commerce;CC-COMERCIAL;2025-12;VEN0388;Recebimento realizado dentro do prazo.
CR00621;VEN0389;CLI114;Fábio Ribeiro;2025-12-22;2026-01-21;2026-01-19;1;3;121.26;0.0;121.26;0.0;Recebido;0;Cartão de Débito;Loja Física;CC-COMERCIAL;2025-12;VEN0389;Recebimento realizado dentro do prazo.
CR00624;VEN0390;CLI053;Bianca Lima;2025-12-22;2026-01-21;2026-02-10;1;2;209.63;4.19;213.82;0.0;Recebido com atraso;20;Cartão de Crédito;E-commerce;CC-COMERCIAL;2025-12;VEN0390;Recebimento realizado após o vencimento.
CR00626;VEN0391;CLI060;Gustavo Almeida;2025-12-22;2026-01-21;2026-01-20;1;1;144.69;0.0;144.69;0.0;Recebido;0;PIX;Loja Física;CC-COMERCIAL;2025-12;VEN0391;Recebimento realizado dentro do prazo.
CR00175;VEN0105;CLI006;Thiago Ribeiro;2025-09-24;2026-01-22;2026-01-25;4;4;289.71;4.56;294.27;0.0;Recebido com atraso;3;Boleto;E-commerce;CC-COMERCIAL;2025-09;VEN0105;Recebimento realizado após o vencimento.
CR00627;VEN0395;CLI095;Helena Costa;2025-12-23;2026-01-22;2026-01-19;1;6;87.98;0.0;87.98;0.0;Recebido;0;Cartão de Débito;Loja Física;CC-COMERCIAL;2025-12;VEN0395;Recebimento realizado dentro do prazo.
CR00633;VEN0396;CLI042;Gustavo Costa;2025-12-23;2026-01-22;2026-02-10;1;1;201.96;3.99;205.95;0.0;Recebido com atraso;19;PIX;E-commerce;CC-COMERCIAL;2025-12;VEN0396;Recebimento realizado após o vencimento.
CR00634;VEN0397;CLI116;Caio Silva;2025-12-23;2026-01-22;2026-01-20;1;6;139.76;0.0;139.76;0.0;Recebido;0;Boleto;Loja Física;CC-COMERCIAL;2025-12;VEN0397;Recebimento realizado dentro do prazo.
CR00441;VEN0281;CLI116;Caio Silva;2025-11-24;2026-01-23;2026-01-20;2;4;183.47;0.0;183.47;0.0;Recebido;0;Boleto;E-commerce;CC-COMERCIAL;2025-11;VEN0281;Recebimento realizado dentro do prazo.
CR00640;VEN0404;CLI073;Cláudia Gomes;2025-12-25;2026-01-24;2026-01-23;1;1;302.19;0.0;302.19;0.0;Recebido;0;Boleto;Loja Física;CC-COMERCIAL;2025-12;VEN0404;Recebimento realizado dentro do prazo.
CR00641;VEN0405;CLI044;Igor Souza;2025-12-25;2026-01-24;2026-01-22;1;3;61.38;0.0;61.38;0.0;Recebido;0;Cartão de Crédito;E-commerce;CC-COMERCIAL;2025-12;VEN0405;Recebimento realizado dentro do prazo.
CR00644;VEN0406;CLI060;Gustavo Almeida;2025-12-25;2026-01-24;2026-01-22;1;6;17.07;0.0;17.07;0.0;Recebido;0;Boleto;E-commerce;CC-COMERCIAL;2025-12;VEN0406;Recebimento realizado dentro do prazo.
CR00650;VEN0408;CLI116;Caio Silva;2025-12-25;2026-01-24;2026-01-24;1;2;132.51;0.0;132.51;0.0;Recebido;0;PIX;E-commerce;CC-COMERCIAL;2025-12;VEN0408;Recebimento realizado dentro do prazo.
CR00652;VEN0409;CLI002;Helena Souza;2025-12-25;2026-01-24;2026-01-22;1;1;184.14;0.0;184.14;0.0;Recebido;0;PIX;Loja Física;CC-COMERCIAL;2025-12;VEN0409;Recebimento realizado dentro do prazo.
CR00278;VEN0191;CLI078;Ricardo Almeida;2025-10-27;2026-01-25;2026-01-24;3;4;202.09;0.0;202.09;0.0;Recebido;0;Cartão de Débito;E-commerce;CC-COMERCIAL;2025-10;VEN0191;Recebimento realizado dentro do prazo.
CR00282;VEN0193;CLI114;Fábio Ribeiro;2025-10-27;2026-01-25;2026-01-22;3;6;46.31;0.0;46.31;0.0;Recebido;0;PIX;E-commerce;CC-COMERCIAL;2025-10;VEN0193;Recebimento realizado dentro do prazo.
CR00653;VEN0410;CLI116;Caio Silva;2025-12-26;2026-01-25;2026-01-22;1;1;383.98;0.0;383.98;0.0;Recebido;0;Cartão de Débito;E-commerce;CC-COMERCIAL;2025-12;VEN0410;Recebimento realizado dentro do prazo.
CR00654;VEN0411;CLI116;Caio Silva;2025-12-26;2026-01-25;2026-01-24;1;1;146.21;0.0;146.21;0.0;Recebido;0;Cartão de Débito;E-commerce;CC-COMERCIAL;2025-12;VEN0411;Recebimento realizado dentro do prazo.
CR00655;VEN0413;CLI114;Fábio Ribeiro;2025-12-26;2026-01-25;2026-02-09;1;3;270.11;5.06;275.17;0.0;Recebido com atraso;15;Boleto;E-commerce;CC-COMERCIAL;2025-12;VEN0413;Recebimento realizado após o vencimento.
CR00451;VEN0292;CLI112;Lucas Oliveira;2025-11-27;2026-01-26;2026-01-24;2;3;110.73;0.0;110.73;0.0;Recebido;0;Cartão de Crédito;Loja Física;CC-COMERCIAL;2025-11;VEN0292;Recebimento realizado dentro do prazo.
CR00658;VEN0415;CLI098;Sofia Ribeiro;2025-12-27;2026-01-26;2026-01-24;1;6;56.16;0.0;56.16;0.0;Recebido;0;PIX;Loja Física;CC-COMERCIAL;2025-12;VEN0415;Recebimento realizado dentro do prazo.
CR00664;VEN0416;CLI074;Camila Silva;2025-12-27;2026-01-26;2026-01-26;1;1;314.03;0.0;314.03;0.0;Recebido;0;Cartão de Débito;Loja Física;CC-COMERCIAL;2025-12;VEN0416;Recebimento realizado dentro do prazo.
CR00098;VEN0054;CLI032;Igor Souza;2025-08-30;2026-01-27;2026-01-27;5;6;72.16;0.0;72.16;0.0;Recebido;0;PIX;E-commerce;CC-COMERCIAL;2025-08;VEN0054;Recebimento realizado dentro do prazo.
CR00189;VEN0115;CLI074;Camila Silva;2025-09-29;2026-01-27;2026-01-25;4;4;37.4;0.0;37.4;0.0;Recebido;0;Cartão de Débito;E-commerce;CC-COMERCIAL;2025-09;VEN0115;Recebimento realizado dentro do prazo.
CR00198;VEN0121;CLI083;Camila Lima;2025-09-29;2026-01-27;2026-02-15;4;6;9.57;0.19;9.76;0.0;Recebido com atraso;19;Cartão de Débito;E-commerce;CC-COMERCIAL;2025-09;VEN0121;Recebimento realizado após o vencimento.
CR00665;VEN0420;CLI044;Igor Souza;2025-12-28;2026-01-27;2026-01-27;1;1;203.8;0.0;203.8;0.0;Recebido;0;PIX;E-commerce;CC-COMERCIAL;2025-12;VEN0420;Recebimento realizado dentro do prazo.
CR00666;VEN0422;CLI060;Gustavo Almeida;2025-12-28;2026-01-27;2026-01-24;1;3;313.73;0.0;313.73;0.0;Recebido;0;Cartão de Débito;Loja Física;CC-COMERCIAL;2025-12;VEN0422;Recebimento realizado dentro do prazo.
CR00669;VEN0423;CLI042;Gustavo Costa;2025-12-28;2026-01-27;2026-01-27;1;6;36.43;0.0;36.43;0.0;Recebido;0;Boleto;E-commerce;CC-COMERCIAL;2025-12;VEN0423;Recebimento realizado dentro do prazo.
CR00675;VEN0424;CLI060;Gustavo Almeida;2025-12-28;2026-01-27;2026-01-25;1;1;157.0;0.0;157.0;0.0;Recebido;0;Cartão de Crédito;E-commerce;CC-COMERCIAL;2025-12;VEN0424;Recebimento realizado dentro do prazo.
CR00676;VEN0425;CLI074;Camila Silva;2025-12-28;2026-01-27;2026-02-16;1;6;57.94;1.16;59.1;0.0;Recebido com atraso;20;Boleto;E-commerce;CC-COMERCIAL;2025-12;VEN0425;Recebimento realizado após o vencimento.
CR00682;VEN0426;CLI081;Leonardo Costa;2025-12-28;2026-01-27;2026-01-25;1;4;325.29;0.0;325.29;0.0;Recebido;0;Boleto;Loja Física;CC-COMERCIAL;2025-12;VEN0426;Recebimento realizado dentro do prazo.
CR00007;VEN0002;CLI118;Leonardo Oliveira;2025-08-01;2026-01-28;2026-01-25;6;6;88.88;0.0;88.88;0.0;Recebido;0;PIX;Loja Física;CC-COMERCIAL;2025-08;VEN0002;Recebimento realizado dentro do prazo.
CR00455;VEN0296;CLI041;Caio Santos;2025-11-29;2026-01-28;2026-01-25;2;4;36.17;0.0;36.17;0.0;Recebido;0;Cartão de Débito;Loja Física;CC-COMERCIAL;2025-11;VEN0296;Recebimento realizado dentro do prazo.
CR00686;VEN0427;CLI078;Ricardo Almeida;2025-12-29;2026-01-28;2026-01-26;1;1;265.02;0.0;265.02;0.0;Recebido;0;Boleto;E-commerce;CC-COMERCIAL;2025-12;VEN0427;Recebimento realizado dentro do prazo.
CR00687;VEN0428;CLI043;Natália Almeida;2025-12-29;2026-01-28;2026-01-28;1;3;71.93;0.0;71.93;0.0;Recebido;0;Boleto;E-commerce;CC-COMERCIAL;2025-12;VEN0428;Recebimento realizado dentro do prazo.
CR00690;VEN0429;CLI035;Amanda Ferreira;2025-12-29;2026-01-28;2026-01-25;1;1;222.48;0.0;222.48;0.0;Recebido;0;Boleto;WhatsApp;CC-COMERCIAL;2025-12;VEN0429;Recebimento realizado dentro do prazo.
CR00691;VEN0430;CLI013;Aline Ribeiro;2025-12-29;2026-01-28;;1;2;354.94;0.0;0.0;354.94;Em atraso;184;Boleto;Loja Física;CC-COMERCIAL;2025-12;VEN0430;Título pendente de recebimento.
CR00693;VEN0431;CLI042;Gustavo Costa;2025-12-30;2026-01-29;2026-01-27;1;1;313.73;0.0;313.73;0.0;Recebido;0;Cartão de Crédito;Loja Física;CC-COMERCIAL;2025-12;VEN0431;Recebimento realizado dentro do prazo.
CR00694;VEN0432;CLI114;Fábio Ribeiro;2025-12-30;2026-01-29;2026-01-26;1;6;45.02;0.0;45.02;0.0;Recebido;0;Cartão de Crédito;E-commerce;CC-COMERCIAL;2025-12;VEN0432;Recebimento realizado dentro do prazo.
CR00700;VEN0433;CLI101;Amanda Costa;2025-12-30;2026-01-29;2026-01-29;1;2;100.98;0.0;100.98;0.0;Recebido;0;PIX;Loja Física;CC-COMERCIAL;2025-12;VEN0433;Recebimento realizado dentro do prazo.
CR00702;VEN0434;CLI042;Gustavo Costa;2025-12-30;2026-01-29;2026-01-26;1;1;271.2;0.0;271.2;0.0;Recebido;0;Boleto;E-commerce;CC-COMERCIAL;2025-12;VEN0434;Recebimento realizado dentro do prazo.
CR00210;VEN0129;CLI081;Leonardo Costa;2025-10-02;2026-01-30;2026-01-30;4;6;50.02;0.0;50.02;0.0;Recebido;0;Cartão de Crédito;Loja Física;CC-COMERCIAL;2025-10;VEN0129;Recebimento realizado dentro do prazo.
CR00294;VEN0201;CLI042;Gustavo Costa;2025-11-01;2026-01-30;2026-01-27;3;4;50.95;0.0;50.95;0.0;Recebido;0;PIX;Loja Física;CC-COMERCIAL;2025-11;VEN0201;Recebimento realizado dentro do prazo.
CR00298;VEN0202;CLI036;Leonardo Santos;2025-11-01;2026-01-30;2026-01-27;3;3;136.54;0.0;136.54;0.0;Recebido;0;PIX;E-commerce;CC-COMERCIAL;2025-11;VEN0202;Recebimento realizado dentro do prazo.
CR00703;VEN0436;CLI022;Eduardo Gomes;2025-12-31;2026-01-30;2026-01-27;1;1;328.32;0.0;328.32;0.0;Recebido;0;PIX;Loja Física;CC-COMERCIAL;2025-12;VEN0436;Recebimento realizado dentro do prazo.
CR00704;VEN0437;CLI060;Gustavo Almeida;2025-12-31;2026-01-30;2026-01-28;1;4;95.43;0.0;95.43;0.0;Recebido;0;Cartão de Débito;Loja Física;CC-COMERCIAL;2025-12;VEN0437;Recebimento realizado dentro do prazo.
CR00708;VEN0438;CLI079;Cláudia Silva;2025-12-31;2026-01-30;2026-01-28;1;1;383.98;0.0;383.98;0.0;Recebido;0;PIX;E-commerce;CC-COMERCIAL;2025-12;VEN0438;Recebimento realizado dentro do prazo.
CR00709;VEN0439;CLI090;Vanessa Silva;2025-12-31;2026-01-30;2026-01-27;1;1;471.13;0.0;471.13;0.0;Recebido;0;Cartão de Débito;Loja Física;CC-COMERCIAL;2025-12;VEN0439;Recebimento realizado dentro do prazo.
CR00107;VEN0062;CLI036;Leonardo Santos;2025-09-03;2026-01-31;2026-01-28;5;6;80.32;0.0;80.32;0.0;Recebido;0;PIX;Loja Física;CC-COMERCIAL;2025-09;VEN0062;Recebimento realizado dentro do prazo.
CR00116;VEN0065;CLI044;Igor Souza;2025-09-03;2026-01-31;2026-01-29;5;6;104.79;0.0;104.79;0.0;Recebido;0;Boleto;Loja Física;CC-COMERCIAL;2025-09;VEN0065;Recebimento realizado dentro do prazo.
CR00307;VEN0207;CLI001;Vanessa Oliveira;2025-11-02;2026-01-31;2026-01-31;3;3;134.21;0.0;134.21;0.0;Recebido;0;PIX;E-commerce;CC-COMERCIAL;2025-11;VEN0207;Recebimento realizado dentro do prazo.
CR00310;VEN0208;CLI056;Larissa Lima;2025-11-02;2026-01-31;2026-01-29;3;6;53.92;0.0;53.92;0.0;Recebido;0;PIX;WhatsApp;CC-COMERCIAL;2025-11;VEN0208;Recebimento realizado dentro do prazo.
CR00462;VEN0302;CLI049;Vanessa Souza;2025-12-02;2026-01-31;2026-01-28;2;3;36.61;0.0;36.61;0.0;Recebido;0;Cartão de Débito;Loja Física;CC-COMERCIAL;2025-12;VEN0302;Recebimento realizado dentro do prazo.
CR00465;VEN0303;CLI060;Gustavo Almeida;2025-12-02;2026-01-31;2026-01-29;2;2;139.28;0.0;139.28;0.0;Recebido;0;PIX;Loja Física;CC-COMERCIAL;2025-12;VEN0303;Recebimento realizado dentro do prazo.
CR00467;VEN0304;CLI108;Cláudia Oliveira;2025-12-02;2026-01-31;2026-01-28;2;2;76.4;0.0;76.4;0.0;Recebido;0;PIX;E-commerce;CC-COMERCIAL;2025-12;VEN0304;Recebimento realizado dentro do prazo.
CR00469;VEN0306;CLI043;Natália Almeida;2025-12-02;2026-01-31;2026-02-16;2;4;23.0;0.44;23.44;0.0;Recebido com atraso;16;Cartão de Débito;Loja Física;CC-COMERCIAL;2025-12;VEN0306;Recebimento realizado após o vencimento.
CR00473;VEN0307;CLI042;Gustavo Costa;2025-12-02;2026-01-31;2026-01-28;2;6;22.6;0.0;22.6;0.0;Recebido;0;Cartão de Crédito;Loja Física;CC-COMERCIAL;2025-12;VEN0307;Recebimento realizado dentro do prazo.
CR00710;VEN0443;CLI013;Aline Ribeiro;2026-01-01;2026-01-31;2026-01-29;1;6;29.83;0.0;29.83;0.0;Recebido;0;Cartão de Débito;E-commerce;CC-COMERCIAL;2026-01;VEN0443;Recebimento realizado dentro do prazo.
CR00716;VEN0445;CLI107;João Silva;2026-01-01;2026-01-31;2026-01-31;1;1;232.1;0.0;232.1;0.0;Recebido;0;Cartão de Crédito;Loja Física;CC-COMERCIAL;2026-01;VEN0445;Recebimento realizado dentro do prazo.
CR00013;VEN0003;CLI043;Natália Almeida;2025-08-05;2026-02-01;2026-01-29;6;6;47.26;0.0;47.26;0.0;Recebido;0;PIX;WhatsApp;CC-COMERCIAL;2025-08;VEN0003;Recebimento realizado dentro do prazo.
CR00480;VEN0309;CLI063;Beatriz Ribeiro;2025-12-03;2026-02-01;2026-02-01;2;4;151.09;0.0;151.09;0.0;Recebido;0;Cartão de Débito;E-commerce;CC-COMERCIAL;2025-12;VEN0309;Recebimento realizado dentro do prazo.
CR00486;VEN0313;CLI114;Fábio Ribeiro;2025-12-04;2026-02-02;2026-01-31;2;4;163.94;0.0;163.94;0.0;Recebido;0;PIX;WhatsApp;CC-COMERCIAL;2025-12;VEN0313;Recebimento realizado dentro do prazo.
CR00490;VEN0316;CLI069;Leonardo Ferreira;2025-12-05;2026-02-03;2026-02-03;2;4;168.49;0.0;168.49;0.0;Recebido;0;PIX;Loja Física;CC-COMERCIAL;2025-12;VEN0316;Recebimento realizado dentro do prazo.
CR00494;VEN0317;CLI033;Mariana Ribeiro;2025-12-05;2026-02-03;;2;2;91.99;0.0;0.0;91.99;Em atraso;178;PIX;E-commerce;CC-COMERCIAL;2025-12;VEN0317;Título pendente de recebimento.
CR00496;VEN0318;CLI074;Camila Silva;2025-12-05;2026-02-03;2026-01-31;2;2;102.43;0.0;102.43;0.0;Recebido;0;Boleto;E-commerce;CC-COMERCIAL;2025-12;VEN0318;Recebimento realizado dentro do prazo.
CR00327;VEN0219;CLI026;Priscila Santos;2025-11-06;2026-02-04;2026-02-03;3;3;118.56;0.0;118.56;0.0;Recebido;0;Cartão de Crédito;Loja Física;CC-COMERCIAL;2025-11;VEN0219;Recebimento realizado dentro do prazo.
CR00330;VEN0220;CLI081;Leonardo Costa;2025-11-06;2026-02-04;2026-02-01;3;6;26.96;0.0;26.96;0.0;Recebido;0;PIX;E-commerce;CC-COMERCIAL;2025-11;VEN0220;Recebimento realizado dentro do prazo.
CR00336;VEN0221;CLI018;Fernanda Gomes;2025-11-06;2026-02-04;2026-02-03;3;4;13.6;0.0;13.6;0.0;Recebido;0;Cartão de Débito;WhatsApp;CC-COMERCIAL;2025-11;VEN0221;Recebimento realizado dentro do prazo.
CR00498;VEN0319;CLI073;Cláudia Gomes;2025-12-06;2026-02-04;2026-02-01;2;4;60.2;0.0;60.2;0.0;Recebido;0;Cartão de Crédito;Loja Física;CC-COMERCIAL;2025-12;VEN0319;Recebimento realizado dentro do prazo.
CR00504;VEN0323;CLI053;Bianca Lima;2025-12-06;2026-02-04;2026-02-03;2;6;134.73;0.0;134.73;0.0;Recebido;0;Cartão de Crédito;E-commerce;CC-COMERCIAL;2025-12;VEN0323;Recebimento realizado dentro do prazo.
CR00717;VEN0448;CLI081;Leonardo Costa;2026-01-05;2026-02-04;2026-02-02;1;2;80.42;0.0;80.42;0.0;Recebido;0;Cartão de Crédito;Loja Física;CC-COMERCIAL;2026-01;VEN0448;Recebimento realizado dentro do prazo.
CR00719;VEN0450;CLI043;Natália Almeida;2026-01-05;2026-02-04;2026-02-01;1;3;299.39;0.0;299.39;0.0;Recebido;0;Boleto;Loja Física;CC-COMERCIAL;2026-01;VEN0450;Recebimento realizado dentro do prazo.
CR00340;VEN0223;CLI002;Helena Souza;2025-11-07;2026-02-05;2026-02-03;3;3;53.38;0.0;53.38;0.0;Recebido;0;PIX;Loja Física;CC-COMERCIAL;2025-11;VEN0223;Recebimento realizado dentro do prazo.
CR00512;VEN0327;CLI013;Aline Ribeiro;2025-12-07;2026-02-05;2026-02-04;2;3;71.43;0.0;71.43;0.0;Recebido;0;Cartão de Débito;Loja Física;CC-COMERCIAL;2025-12;VEN0327;Recebimento realizado dentro do prazo.
CR00722;VEN0451;CLI060;Gustavo Almeida;2026-01-06;2026-02-05;2026-02-23;1;6;79.92;1.56;81.48;0.0;Recebido com atraso;18;Cartão de Débito;E-commerce;CC-COMERCIAL;2026-01;VEN0451;Recebimento realizado após o vencimento.
CR00728;VEN0453;CLI074;Camila Silva;2026-01-06;2026-02-05;2026-02-04;1;1;711.0;0.0;711.0;0.0;Recebido;0;Cartão de Crédito;Loja Física;CC-COMERCIAL;2026-01;VEN0453;Recebimento realizado dentro do prazo.
CR00729;VEN0454;CLI060;Gustavo Almeida;2026-01-06;2026-02-05;2026-02-04;1;1;355.52;0.0;355.52;0.0;Recebido;0;Boleto;E-commerce;CC-COMERCIAL;2026-01;VEN0454;Recebimento realizado dentro do prazo.
CR00730;VEN0455;CLI040;Cláudia Santos;2026-01-06;2026-02-05;2026-02-03;1;2;29.52;0.0;29.52;0.0;Recebido;0;Boleto;Loja Física;CC-COMERCIAL;2026-01;VEN0455;Recebimento realizado dentro do prazo.
CR00132;VEN0075;CLI116;Caio Silva;2025-09-09;2026-02-06;2026-02-19;5;6;39.96;0.73;40.69;0.0;Recebido com atraso;13;Cartão de Débito;E-commerce;CC-COMERCIAL;2025-09;VEN0075;Recebimento realizado após o vencimento.
CR00228;VEN0141;CLI060;Gustavo Almeida;2025-10-09;2026-02-06;2026-02-03;4;6;49.74;0.0;49.74;0.0;Recebido;0;Cartão de Crédito;Loja Física;CC-COMERCIAL;2025-10;VEN0141;Recebimento realizado dentro do prazo.
CR00345;VEN0227;CLI002;Helena Souza;2025-11-08;2026-02-06;2026-02-05;3;6;77.15;0.0;77.15;0.0;Recebido;0;PIX;E-commerce;CC-COMERCIAL;2025-11;VEN0227;Recebimento realizado dentro do prazo.
CR00352;VEN0229;CLI086;Rafael Santos;2025-11-08;2026-02-06;2026-02-03;3;6;66.61;0.0;66.61;0.0;Recebido;0;Cartão de Crédito;Loja Física;CC-COMERCIAL;2025-11;VEN0229;Recebimento realizado dentro do prazo.
CR00358;VEN0230;CLI042;Gustavo Costa;2025-11-08;2026-02-06;2026-02-06;3;3;123.01;0.0;123.01;0.0;Recebido;0;Cartão de Débito;E-commerce;CC-COMERCIAL;2025-11;VEN0230;Recebimento realizado dentro do prazo.
CR00031;VEN0016;CLI035;Amanda Ferreira;2025-08-11;2026-02-07;2026-02-04;6;6;49.71;0.0;49.71;0.0;Recebido;0;Cartão de Débito;E-commerce;CC-COMERCIAL;2025-08;VEN0016;Recebimento realizado dentro do prazo.
CR00361;VEN0232;CLI020;Diego Almeida;2025-11-09;2026-02-07;2026-02-05;3;6;87.98;0.0;87.98;0.0;Recebido;0;Cartão de Débito;Loja Física;CC-COMERCIAL;2025-11;VEN0232;Recebimento realizado dentro do prazo.
CR00517;VEN0336;CLI010;Daniel Silva;2025-12-09;2026-02-07;2026-02-05;2;6;68.84;0.0;68.84;0.0;Recebido;0;Boleto;E-commerce;CC-COMERCIAL;2025-12;VEN0336;Recebimento realizado dentro do prazo.
CR00732;VEN0459;CLI043;Natália Almeida;2026-01-08;2026-02-07;2026-02-05;1;3;198.94;0.0;198.94;0.0;Recebido;0;Cartão de Débito;E-commerce;CC-COMERCIAL;2026-01;VEN0459;Recebimento realizado dentro do prazo.
CR00735;VEN0460;CLI034;Fernanda Santos;2026-01-08;2026-02-07;2026-02-07;1;3;53.38;0.0;53.38;0.0;Recebido;0;Boleto;Loja Física;CC-COMERCIAL;2026-01;VEN0460;Recebimento realizado dentro do prazo.
CR00738;VEN0461;CLI042;Gustavo Costa;2026-01-08;2026-02-07;2026-02-04;1;1;400.84;0.0;400.84;0.0;Recebido;0;Boleto;E-commerce;CC-COMERCIAL;2026-01;VEN0461;Recebimento realizado dentro do prazo.
CR00039;VEN0021;CLI035;Amanda Ferreira;2025-08-12;2026-02-08;2026-02-07;6;6;104.77;0.0;104.77;0.0;Recebido;0;Cartão de Crédito;Loja Física;CC-COMERCIAL;2025-08;VEN0021;Recebimento realizado dentro do prazo.
CR00523;VEN0337;CLI078;Ricardo Almeida;2025-12-10;2026-02-08;2026-02-07;2;6;76.3;0.0;76.3;0.0;Recebido;0;Boleto;WhatsApp;CC-COMERCIAL;2025-12;VEN0337;Recebimento realizado dentro do prazo.
CR00739;VEN0462;CLI073;Cláudia Gomes;2026-01-09;2026-02-08;2026-02-06;1;2;102.3;0.0;102.3;0.0;Recebido;0;Cartão de Crédito;WhatsApp;CC-COMERCIAL;2026-01;VEN0462;Recebimento realizado dentro do prazo.
CR00741;VEN0464;CLI112;Lucas Oliveira;2026-01-09;2026-02-08;2026-02-05;1;4;92.36;0.0;92.36;0.0;Recebido;0;Cartão de Crédito;Loja Física;CC-COMERCIAL;2026-01;VEN0464;Recebimento realizado dentro do prazo.
CR00045;VEN0025;CLI112;Lucas Oliveira;2025-08-13;2026-02-09;2026-02-06;6;6;20.76;0.0;20.76;0.0;Recebido;0;PIX;Loja Física;CC-COMERCIAL;2025-08;VEN0025;Recebimento realizado dentro do prazo.
CR00368;VEN0237;CLI042;Gustavo Costa;2025-11-11;2026-02-09;;3;3;105.86;0.0;0.0;105.86;Em atraso;172;PIX;Loja Física;CC-COMERCIAL;2025-11;VEN0237;Título pendente de recebimento.
CR00371;VEN0238;CLI016;Aline Santos;2025-11-11;2026-02-09;2026-02-09;3;6;44.17;0.0;44.17;0.0;Recebido;0;Cartão de Débito;Loja Física;CC-COMERCIAL;2025-11;VEN0238;Recebimento realizado dentro do prazo.
CR00529;VEN0338;CLI084;Cláudia Silva;2025-12-11;2026-02-09;2026-02-08;2;3;43.47;0.0;43.47;0.0;Recebido;0;Cartão de Débito;Loja Física;CC-COMERCIAL;2025-12;VEN0338;Recebimento realizado dentro do prazo.
CR00745;VEN0467;CLI002;Helena Souza;2026-01-10;2026-02-09;2026-02-06;1;2;224.54;0.0;224.54;0.0;Recebido;0;PIX;E-commerce;CC-COMERCIAL;2026-01;VEN0467;Recebimento realizado dentro do prazo.
CR00747;VEN0468;CLI081;Leonardo Costa;2026-01-10;2026-02-09;2026-02-06;1;3;203.79;0.0;203.79;0.0;Recebido;0;Cartão de Débito;E-commerce;CC-COMERCIAL;2026-01;VEN0468;Recebimento realizado dentro do prazo.
CR00750;VEN0469;CLI114;Fábio Ribeiro;2026-01-10;2026-02-09;2026-02-08;1;4;36.18;0.0;36.18;0.0;Recebido;0;Cartão de Crédito;Loja Física;CC-COMERCIAL;2026-01;VEN0469;Recebimento realizado dentro do prazo.
CR00754;VEN0470;CLI015;Patricia Silva;2026-01-10;2026-02-09;2026-02-06;1;6;79.77;0.0;79.77;0.0;Recebido;0;Cartão de Débito;Loja Física;CC-COMERCIAL;2026-01;VEN0470;Recebimento realizado dentro do prazo.
CR00377;VEN0240;CLI073;Cláudia Gomes;2025-11-12;2026-02-10;2026-02-07;3;4;72.23;0.0;72.23;0.0;Recebido;0;Cartão de Débito;E-commerce;CC-COMERCIAL;2025-11;VEN0240;Recebimento realizado dentro do prazo.
CR00532;VEN0343;CLI072;Fábio Lima;2025-12-12;2026-02-10;2026-02-10;2;6;61.34;0.0;61.34;0.0;Recebido;0;Cartão de Crédito;Loja Física;CC-COMERCIAL;2025-12;VEN0343;Recebimento realizado dentro do prazo.
CR00538;VEN0346;CLI053;Bianca Lima;2025-12-12;2026-02-10;2026-02-08;2;3;43.47;0.0;43.47;0.0;Recebido;0;PIX;Loja Física;CC-COMERCIAL;2025-12;VEN0346;Recebimento realizado dentro do prazo.
CR00760;VEN0473;CLI039;Lucas Silva;2026-01-11;2026-02-10;2026-02-07;1;2;72.36;0.0;72.36;0.0;Recebido;0;Boleto;Loja Física;CC-COMERCIAL;2026-01;VEN0473;Recebimento realizado dentro do prazo.
CR00762;VEN0474;CLI037;Eduardo Silva;2026-01-11;2026-02-10;2026-02-09;1;4;79.77;0.0;79.77;0.0;Recebido;0;PIX;E-commerce;CC-COMERCIAL;2026-01;VEN0474;Recebimento realizado dentro do prazo.
CR00147;VEN0085;CLI042;Gustavo Costa;2025-09-14;2026-02-11;2026-02-09;5;6;51.47;0.0;51.47;0.0;Recebido;0;Boleto;Loja Física;CC-COMERCIAL;2025-09;VEN0085;Recebimento realizado dentro do prazo.
CR00541;VEN0347;CLI089;Larissa Souza;2025-12-13;2026-02-11;2026-02-11;2;4;78.51;0.0;78.51;0.0;Recebido;0;Cartão de Débito;Loja Física;CC-COMERCIAL;2025-12;VEN0347;Recebimento realizado dentro do prazo.
CR00766;VEN0475;CLI112;Lucas Oliveira;2026-01-12;2026-02-11;2026-02-14;1;4;80.44;1.27;81.71;0.0;Recebido com atraso;3;PIX;WhatsApp;CC-COMERCIAL;2026-01;VEN0475;Recebimento realizado após o vencimento.
CR00770;VEN0477;CLI104;Helena Ribeiro;2026-01-12;2026-02-11;2026-02-08;1;3;125.59;0.0;125.59;0.0;Recebido;0;Cartão de Crédito;Loja Física;CC-COMERCIAL;2026-01;VEN0477;Recebimento realizado dentro do prazo.
CR00384;VEN0246;CLI013;Aline Ribeiro;2025-11-14;2026-02-12;2026-02-09;3;6;20.55;0.0;20.55;0.0;Recebido;0;PIX;Loja Física;CC-COMERCIAL;2025-11;VEN0246;Recebimento realizado dentro do prazo.
CR00546;VEN0352;CLI015;Patricia Silva;2025-12-14;2026-02-12;;2;2;126.76;0.0;0.0;126.76;Em atraso;169;Cartão de Débito;E-commerce;CC-COMERCIAL;2025-12;VEN0352;Título pendente de recebimento.
CR00548;VEN0353;CLI038;Gustavo Silva;2025-12-14;2026-02-12;2026-02-10;2;3;105.86;0.0;105.86;0.0;Recebido;0;Cartão de Débito;Loja Física;CC-COMERCIAL;2025-12;VEN0353;Recebimento realizado dentro do prazo.
CR00551;VEN0354;CLI060;Gustavo Almeida;2025-12-14;2026-02-12;2026-02-10;2;4;33.74;0.0;33.74;0.0;Recebido;0;PIX;E-commerce;CC-COMERCIAL;2025-12;VEN0354;Recebimento realizado dentro do prazo.
CR00556;VEN0357;CLI054;Aline Almeida;2025-12-14;2026-02-12;2026-02-10;2;3;193.07;0.0;193.07;0.0;Recebido;0;Cartão de Débito;E-commerce;CC-COMERCIAL;2025-12;VEN0357;Recebimento realizado dentro do prazo.
CR00559;VEN0358;CLI116;Caio Silva;2025-12-14;2026-02-12;2026-02-11;2;6;31.52;0.0;31.52;0.0;Recebido;0;PIX;Loja Física;CC-COMERCIAL;2025-12;VEN0358;Recebimento realizado dentro do prazo.
CR00055;VEN0031;CLI044;Igor Souza;2025-08-17;2026-02-13;;6;6;48.87;0.0;0.0;48.87;Em atraso;168;PIX;Loja Física;CC-COMERCIAL;2025-08;VEN0031;Título pendente de recebimento.
CR00565;VEN0360;CLI060;Gustavo Almeida;2025-12-15;2026-02-13;2026-02-15;2;3;37.32;0.58;37.9;0.0;Recebido com atraso;2;Cartão de Débito;E-commerce;CC-COMERCIAL;2025-12;VEN0360;Recebimento realizado após o vencimento.
CR00773;VEN0478;CLI030;Renata Ribeiro;2026-01-14;2026-02-13;2026-02-27;1;3;155.29;2.87;158.16;0.0;Recebido com atraso;14;Cartão de Crédito;Loja Física;CC-COMERCIAL;2026-01;VEN0478;Recebimento realizado após o vencimento.
CR00569;VEN0362;CLI044;Igor Souza;2025-12-16;2026-02-14;2026-02-14;2;4;57.34;0.0;57.34;0.0;Recebido;0;Cartão de Débito;WhatsApp;CC-COMERCIAL;2025-12;VEN0362;Recebimento realizado dentro do prazo.
CR00061;VEN0032;CLI022;Eduardo Gomes;2025-08-19;2026-02-15;2026-02-24;6;6;26.7;0.46;27.16;0.0;Recebido com atraso;9;Cartão de Crédito;Loja Física;CC-COMERCIAL;2025-08;VEN0032;Recebimento realizado após o vencimento.
CR00067;VEN0033;CLI069;Leonardo Ferreira;2025-08-19;2026-02-15;2026-02-14;6;6;64.36;0.0;64.36;0.0;Recebido;0;Cartão de Crédito;E-commerce;CC-COMERCIAL;2025-08;VEN0033;Recebimento realizado dentro do prazo.
CR00253;VEN0164;CLI073;Cláudia Gomes;2025-10-18;2026-02-15;2026-02-14;4;4;212.7;0.0;212.7;0.0;Recebido;0;Boleto;WhatsApp;CC-COMERCIAL;2025-10;VEN0164;Recebimento realizado dentro do prazo.
CR00575;VEN0365;CLI044;Igor Souza;2025-12-17;2026-02-15;2026-02-15;2;2;113.89;0.0;113.89;0.0;Recebido;0;Boleto;Loja Física;CC-COMERCIAL;2025-12;VEN0365;Recebimento realizado dentro do prazo.
CR00776;VEN0481;CLI116;Caio Silva;2026-01-16;2026-02-15;2026-02-15;1;1;485.92;0.0;485.92;0.0;Recebido;0;Cartão de Crédito;Loja Física;CC-COMERCIAL;2026-01;VEN0481;Recebimento realizado dentro do prazo.
CR00402;VEN0261;CLI043;Natália Almeida;2025-11-18;2026-02-16;2026-02-14;3;6;54.51;0.0;54.51;0.0;Recebido;0;Boleto;Loja Física;CC-COMERCIAL;2025-11;VEN0261;Recebimento realizado dentro do prazo.
CR00408;VEN0262;CLI064;Caio Silva;2025-11-18;2026-02-16;2026-02-15;3;6;41.18;0.0;41.18;0.0;Recebido;0;Cartão de Crédito;E-commerce;CC-COMERCIAL;2025-11;VEN0262;Recebimento realizado dentro do prazo.
CR00577;VEN0366;CLI074;Camila Silva;2025-12-18;2026-02-16;2026-02-13;2;6;49.25;0.0;49.25;0.0;Recebido;0;Boleto;WhatsApp;CC-COMERCIAL;2025-12;VEN0366;Recebimento realizado dentro do prazo.
CR00583;VEN0369;CLI017;Rafael Gomes;2025-12-18;2026-02-16;2026-02-13;2;4;76.4;0.0;76.4;0.0;Recebido;0;Cartão de Crédito;Loja Física;CC-COMERCIAL;2025-12;VEN0369;Recebimento realizado dentro do prazo.
CR00587;VEN0370;CLI119;Natália Gomes;2025-12-18;2026-02-16;2026-02-14;2;6;15.22;0.0;15.22;0.0;Recebido;0;PIX;Loja Física;CC-COMERCIAL;2025-12;VEN0370;Recebimento realizado dentro do prazo.
CR00594;VEN0375;CLI049;Vanessa Souza;2025-12-19;2026-02-17;2026-02-16;2;6;31.21;0.0;31.21;0.0;Recebido;0;PIX;Loja Física;CC-COMERCIAL;2025-12;VEN0375;Recebimento realizado dentro do prazo.
CR00777;VEN0482;CLI043;Natália Almeida;2026-01-18;2026-02-17;2026-02-17;1;2;202.09;0.0;202.09;0.0;Recebido;0;Cartão de Crédito;Loja Física;CC-COMERCIAL;2026-01;VEN0482;Recebimento realizado dentro do prazo.
CR00416;VEN0269;CLI101;Amanda Costa;2025-11-20;2026-02-18;2026-02-17;3;4;154.89;0.0;154.89;0.0;Recebido;0;Cartão de Débito;WhatsApp;CC-COMERCIAL;2025-11;VEN0269;Recebimento realizado dentro do prazo.
CR00600;VEN0377;CLI089;Larissa Souza;2025-12-20;2026-02-18;2026-02-18;2;2;75.26;0.0;75.26;0.0;Recebido;0;Cartão de Crédito;E-commerce;CC-COMERCIAL;2025-12;VEN0377;Recebimento realizado dentro do prazo.
CR00602;VEN0378;CLI006;Thiago Ribeiro;2025-12-20;2026-02-18;2026-02-15;2;6;41.72;0.0;41.72;0.0;Recebido;0;Boleto;WhatsApp;CC-COMERCIAL;2025-12;VEN0378;Recebimento realizado dentro do prazo.
CR00608;VEN0379;CLI060;Gustavo Almeida;2025-12-20;2026-02-18;2026-02-17;2;2;68.74;0.0;68.74;0.0;Recebido;0;Boleto;E-commerce;CC-COMERCIAL;2025-12;VEN0379;Recebimento realizado dentro do prazo.
CR00779;VEN0485;CLI066;Amanda Silva;2026-01-19;2026-02-18;2026-02-16;1;4;36.18;0.0;36.18;0.0;Recebido;0;Boleto;E-commerce;CC-COMERCIAL;2026-01;VEN0485;Recebimento realizado dentro do prazo.
CR00420;VEN0270;CLI044;Igor Souza;2025-11-21;2026-02-19;2026-02-17;3;6;39.26;0.0;39.26;0.0;Recebido;0;PIX;Loja Física;CC-COMERCIAL;2025-11;VEN0270;Recebimento realizado dentro do prazo.
CR00611;VEN0383;CLI052;Gustavo Costa;2025-12-21;2026-02-19;2026-02-17;2;4;275.21;0.0;275.21;0.0;Recebido;0;Cartão de Crédito;Loja Física;CC-COMERCIAL;2025-12;VEN0383;Recebimento realizado dentro do prazo.
CR00616;VEN0386;CLI046;Diego Silva;2025-12-21;2026-02-19;2026-02-17;2;4;63.38;0.0;63.38;0.0;Recebido;0;Boleto;Loja Física;CC-COMERCIAL;2025-12;VEN0386;Recebimento realizado dentro do prazo.
CR00266;VEN0177;CLI049;Vanessa Souza;2025-10-23;2026-02-20;2026-02-18;4;6;187.21;0.0;187.21;0.0;Recebido;0;Cartão de Crédito;WhatsApp;CC-COMERCIAL;2025-10;VEN0177;Recebimento realizado dentro do prazo.
CR00427;VEN0273;CLI097;Lucas Ferreira;2025-11-22;2026-02-20;2026-02-18;3;3;231.75;0.0;231.75;0.0;Recebido;0;Cartão de Débito;Loja Física;CC-COMERCIAL;2025-11;VEN0273;Recebimento realizado dentro do prazo.
CR00431;VEN0276;CLI095;Helena Costa;2025-11-22;2026-02-20;2026-02-20;3;4;68.38;0.0;68.38;0.0;Recebido;0;Cartão de Crédito;E-commerce;CC-COMERCIAL;2025-11;VEN0276;Recebimento realizado dentro do prazo.
CR00435;VEN0277;CLI042;Gustavo Costa;2025-11-22;2026-02-20;2026-02-19;3;6;88.34;0.0;88.34;0.0;Recebido;0;Cartão de Crédito;E-commerce;CC-COMERCIAL;2025-11;VEN0277;Recebimento realizado dentro do prazo.
CR00622;VEN0389;CLI114;Fábio Ribeiro;2025-12-22;2026-02-20;2026-02-17;2;3;121.26;0.0;121.26;0.0;Recebido;0;Cartão de Débito;Loja Física;CC-COMERCIAL;2025-12;VEN0389;Recebimento realizado dentro do prazo.
CR00625;VEN0390;CLI053;Bianca Lima;2025-12-22;2026-02-20;2026-02-18;2;2;209.64;0.0;209.64;0.0;Recebido;0;Cartão de Crédito;E-commerce;CC-COMERCIAL;2025-12;VEN0390;Recebimento realizado dentro do prazo.
CR00783;VEN0489;CLI074;Camila Silva;2026-01-21;2026-02-20;2026-02-18;1;3;128.75;0.0;128.75;0.0;Recebido;0;Cartão de Crédito;E-commerce;CC-COMERCIAL;2026-01;VEN0489;Recebimento realizado dentro do prazo.
CR00786;VEN0490;CLI081;Leonardo Costa;2026-01-21;2026-02-20;2026-02-17;1;1;137.27;0.0;137.27;0.0;Recebido;0;Boleto;Loja Física;CC-COMERCIAL;2026-01;VEN0490;Recebimento realizado dentro do prazo.
CR00628;VEN0395;CLI095;Helena Costa;2025-12-23;2026-02-21;2026-02-20;2;6;87.98;0.0;87.98;0.0;Recebido;0;Cartão de Débito;Loja Física;CC-COMERCIAL;2025-12;VEN0395;Recebimento realizado dentro do prazo.
CR00635;VEN0397;CLI116;Caio Silva;2025-12-23;2026-02-21;2026-02-21;2;6;139.76;0.0;139.76;0.0;Recebido;0;Boleto;Loja Física;CC-COMERCIAL;2025-12;VEN0397;Recebimento realizado dentro do prazo.
CR00442;VEN0281;CLI116;Caio Silva;2025-11-24;2026-02-22;2026-02-19;3;4;183.47;0.0;183.47;0.0;Recebido;0;Boleto;E-commerce;CC-COMERCIAL;2025-11;VEN0281;Recebimento realizado dentro do prazo.
CR00642;VEN0405;CLI044;Igor Souza;2025-12-25;2026-02-23;2026-02-23;2;3;61.38;0.0;61.38;0.0;Recebido;0;Cartão de Crédito;E-commerce;CC-COMERCIAL;2025-12;VEN0405;Recebimento realizado dentro do prazo.
CR00645;VEN0406;CLI060;Gustavo Almeida;2025-12-25;2026-02-23;2026-02-21;2;6;17.07;0.0;17.07;0.0;Recebido;0;Boleto;E-commerce;CC-COMERCIAL;2025-12;VEN0406;Recebimento realizado dentro do prazo.
CR00651;VEN0408;CLI116;Caio Silva;2025-12-25;2026-02-23;2026-02-23;2;2;132.51;0.0;132.51;0.0;Recebido;0;PIX;E-commerce;CC-COMERCIAL;2025-12;VEN0408;Recebimento realizado dentro do prazo.
CR00787;VEN0492;CLI042;Gustavo Costa;2026-01-24;2026-02-23;2026-02-20;1;6;104.79;0.0;104.79;0.0;Recebido;0;Boleto;Loja Física;CC-COMERCIAL;2026-01;VEN0492;Recebimento realizado dentro do prazo.
CR00279;VEN0191;CLI078;Ricardo Almeida;2025-10-27;2026-02-24;2026-02-23;4;4;202.11;0.0;202.11;0.0;Recebido;0;Cartão de Débito;E-commerce;CC-COMERCIAL;2025-10;VEN0191;Recebimento realizado dentro do prazo.
CR00283;VEN0193;CLI114;Fábio Ribeiro;2025-10-27;2026-02-24;2026-03-02;4;6;46.31;0.76;47.07;0.0;Recebido com atraso;6;PIX;E-commerce;CC-COMERCIAL;2025-10;VEN0193;Recebimento realizado após o vencimento.
CR00656;VEN0413;CLI114;Fábio Ribeiro;2025-12-26;2026-02-24;2026-02-23;2;3;270.11;0.0;270.11;0.0;Recebido;0;Boleto;E-commerce;CC-COMERCIAL;2025-12;VEN0413;Recebimento realizado dentro do prazo.
CR00793;VEN0494;CLI114;Fábio Ribeiro;2026-01-25;2026-02-24;2026-02-23;1;4;112.27;0.0;112.27;0.0;Recebido;0;PIX;WhatsApp;CC-COMERCIAL;2026-01;VEN0494;Recebimento realizado dentro do prazo.
CR00452;VEN0292;CLI112;Lucas Oliveira;2025-11-27;2026-02-25;2026-02-22;3;3;110.72;0.0;110.72;0.0;Recebido;0;Cartão de Crédito;Loja Física;CC-COMERCIAL;2025-11;VEN0292;Recebimento realizado dentro do prazo.
CR00659;VEN0415;CLI098;Sofia Ribeiro;2025-12-27;2026-02-25;2026-02-23;2;6;56.16;0.0;56.16;0.0;Recebido;0;PIX;Loja Física;CC-COMERCIAL;2025-12;VEN0415;Recebimento realizado dentro do prazo.
CR00797;VEN0497;CLI010;Daniel Silva;2026-01-26;2026-02-25;2026-02-24;1;3;92.69;0.0;92.69;0.0;Recebido;0;Cartão de Crédito;Loja Física;CC-COMERCIAL;2026-01;VEN0497;Recebimento realizado dentro do prazo.
CR00099;VEN0054;CLI032;Igor Souza;2025-08-30;2026-02-26;2026-02-23;6;6;72.16;0.0;72.16;0.0;Recebido;0;PIX;E-commerce;CC-COMERCIAL;2025-08;VEN0054;Recebimento realizado dentro do prazo.
CR00199;VEN0121;CLI083;Camila Lima;2025-09-29;2026-02-26;2026-02-23;5;6;9.57;0.0;9.57;0.0;Recebido;0;Cartão de Débito;E-commerce;CC-COMERCIAL;2025-09;VEN0121;Recebimento realizado dentro do prazo.
CR00667;VEN0422;CLI060;Gustavo Almeida;2025-12-28;2026-02-26;2026-02-24;2;3;313.73;0.0;313.73;0.0;Recebido;0;Cartão de Débito;Loja Física;CC-COMERCIAL;2025-12;VEN0422;Recebimento realizado dentro do prazo.
CR00670;VEN0423;CLI042;Gustavo Costa;2025-12-28;2026-02-26;2026-02-26;2;6;36.43;0.0;36.43;0.0;Recebido;0;Boleto;E-commerce;CC-COMERCIAL;2025-12;VEN0423;Recebimento realizado dentro do prazo.
CR00677;VEN0425;CLI074;Camila Silva;2025-12-28;2026-02-26;2026-02-24;2;6;57.94;0.0;57.94;0.0;Recebido;0;Boleto;E-commerce;CC-COMERCIAL;2025-12;VEN0425;Recebimento realizado dentro do prazo.
CR00683;VEN0426;CLI081;Leonardo Costa;2025-12-28;2026-02-26;2026-02-25;2;4;325.29;0.0;325.29;0.0;Recebido;0;Boleto;Loja Física;CC-COMERCIAL;2025-12;VEN0426;Recebimento realizado dentro do prazo.
CR00456;VEN0296;CLI041;Caio Santos;2025-11-29;2026-02-27;2026-02-24;3;4;36.17;0.0;36.17;0.0;Recebido;0;Cartão de Débito;Loja Física;CC-COMERCIAL;2025-11;VEN0296;Recebimento realizado dentro do prazo.
CR00688;VEN0428;CLI043;Natália Almeida;2025-12-29;2026-02-27;2026-03-06;2;3;71.93;1.2;73.13;0.0;Recebido com atraso;7;Boleto;E-commerce;CC-COMERCIAL;2025-12;VEN0428;Recebimento realizado após o vencimento.
CR00692;VEN0430;CLI013;Aline Ribeiro;2025-12-29;2026-02-27;2026-03-16;2;2;354.94;6.83;361.77;0.0;Recebido com atraso;17;Boleto;Loja Física;CC-COMERCIAL;2025-12;VEN0430;Recebimento realizado após o vencimento.
CR00695;VEN0432;CLI114;Fábio Ribeiro;2025-12-30;2026-02-28;2026-02-25;2;6;45.02;0.0;45.02;0.0;Recebido;0;Cartão de Crédito;E-commerce;CC-COMERCIAL;2025-12;VEN0432;Recebimento realizado dentro do prazo.
CR00701;VEN0433;CLI101;Amanda Costa;2025-12-30;2026-02-28;2026-02-25;2;2;100.98;0.0;100.98;0.0;Recebido;0;PIX;Loja Física;CC-COMERCIAL;2025-12;VEN0433;Recebimento realizado dentro do prazo.
CR00800;VEN0499;CLI053;Bianca Lima;2026-01-29;2026-02-28;2026-02-27;1;2;164.97;0.0;164.97;0.0;Recebido;0;Cartão de Débito;E-commerce;CC-COMERCIAL;2026-01;VEN0499;Recebimento realizado dentro do prazo.
CR00802;VEN0500;CLI013;Aline Ribeiro;2026-01-29;2026-02-28;2026-02-28;1;1;481.91;0.0;481.91;0.0;Recebido;0;Cartão de Crédito;Loja Física;CC-COMERCIAL;2026-01;VEN0500;Recebimento realizado dentro do prazo.
CR00211;VEN0129;CLI081;Leonardo Costa;2025-10-02;2026-03-01;2026-03-06;5;6;50.02;0.81;50.83;0.0;Recebido com atraso;5;Cartão de Crédito;Loja Física;CC-COMERCIAL;2025-10;VEN0129;Recebimento realizado após o vencimento.
CR00295;VEN0201;CLI042;Gustavo Costa;2025-11-01;2026-03-01;2026-02-27;4;4;50.95;0.0;50.95;0.0;Recebido;0;PIX;Loja Física;CC-COMERCIAL;2025-11;VEN0201;Recebimento realizado dentro do prazo.
CR00705;VEN0437;CLI060;Gustavo Almeida;2025-12-31;2026-03-01;;2;4;95.43;0.0;0.0;95.43;Em atraso;152;Cartão de Débito;Loja Física;CC-COMERCIAL;2025-12;VEN0437;Título pendente de recebimento.
CR00803;VEN0502;CLI062;Paula Lima;2026-01-30;2026-03-01;2026-03-11;1;1;222.15;3.89;226.04;0.0;Recebido com atraso;10;Boleto;Loja Física;CC-COMERCIAL;2026-01;VEN0502;Recebimento realizado após o vencimento.
CR00108;VEN0062;CLI036;Leonardo Santos;2025-09-03;2026-03-02;2026-03-02;6;6;80.31;0.0;80.31;0.0;Recebido;0;PIX;Loja Física;CC-COMERCIAL;2025-09;VEN0062;Recebimento realizado dentro do prazo.
CR00117;VEN0065;CLI044;Igor Souza;2025-09-03;2026-03-02;2026-03-01;6;6;104.77;0.0;104.77;0.0;Recebido;0;Boleto;Loja Física;CC-COMERCIAL;2025-09;VEN0065;Recebimento realizado dentro do prazo.
CR00311;VEN0208;CLI056;Larissa Lima;2025-11-02;2026-03-02;2026-03-02;4;6;53.92;0.0;53.92;0.0;Recebido;0;PIX;WhatsApp;CC-COMERCIAL;2025-11;VEN0208;Recebimento realizado dentro do prazo.
CR00463;VEN0302;CLI049;Vanessa Souza;2025-12-02;2026-03-02;2026-03-01;3;3;36.62;0.0;36.62;0.0;Recebido;0;Cartão de Débito;Loja Física;CC-COMERCIAL;2025-12;VEN0302;Recebimento realizado dentro do prazo.
CR00470;VEN0306;CLI043;Natália Almeida;2025-12-02;2026-03-02;2026-03-02;3;4;23.0;0.0;23.0;0.0;Recebido;0;Cartão de Débito;Loja Física;CC-COMERCIAL;2025-12;VEN0306;Recebimento realizado dentro do prazo.
CR00474;VEN0307;CLI042;Gustavo Costa;2025-12-02;2026-03-02;;3;6;22.6;0.0;0.0;22.6;Em atraso;151;Cartão de Crédito;Loja Física;CC-COMERCIAL;2025-12;VEN0307;Título pendente de recebimento.
CR00711;VEN0443;CLI013;Aline Ribeiro;2026-01-01;2026-03-02;2026-03-01;2;6;29.83;0.0;29.83;0.0;Recebido;0;Cartão de Débito;E-commerce;CC-COMERCIAL;2026-01;VEN0443;Recebimento realizado dentro do prazo.
CR00804;VEN0503;CLI047;Carolina Costa;2026-01-31;2026-03-02;2026-03-01;1;1;239.51;0.0;239.51;0.0;Recebido;0;Boleto;Loja Física;CC-COMERCIAL;2026-01;VEN0503;Recebimento realizado dentro do prazo.
CR00481;VEN0309;CLI063;Beatriz Ribeiro;2025-12-03;2026-03-03;2026-03-02;3;4;151.09;0.0;151.09;0.0;Recebido;0;Cartão de Débito;E-commerce;CC-COMERCIAL;2025-12;VEN0309;Recebimento realizado dentro do prazo.
CR00805;VEN0505;CLI114;Fábio Ribeiro;2026-02-01;2026-03-03;2026-03-01;1;2;204.6;0.0;204.6;0.0;Recebido;0;PIX;WhatsApp;CC-COMERCIAL;2026-02;VEN0505;Recebimento realizado dentro do prazo.
CR00807;VEN0506;CLI024;Beatriz Souza;2026-02-01;2026-03-03;2026-03-03;1;6;111.02;0.0;111.02;0.0;Recebido;0;Cartão de Débito;Loja Física;CC-COMERCIAL;2026-02;VEN0506;Recebimento realizado dentro do prazo.
CR00487;VEN0313;CLI114;Fábio Ribeiro;2025-12-04;2026-03-04;2026-03-02;3;4;163.94;0.0;163.94;0.0;Recebido;0;PIX;WhatsApp;CC-COMERCIAL;2025-12;VEN0313;Recebimento realizado dentro do prazo.
CR00491;VEN0316;CLI069;Leonardo Ferreira;2025-12-05;2026-03-05;2026-03-02;3;4;168.49;0.0;168.49;0.0;Recebido;0;PIX;Loja Física;CC-COMERCIAL;2025-12;VEN0316;Recebimento realizado dentro do prazo.
CR00813;VEN0509;CLI116;Caio Silva;2026-02-03;2026-03-05;2026-03-03;1;2;158.79;0.0;158.79;0.0;Recebido;0;Boleto;Loja Física;CC-COMERCIAL;2026-02;VEN0509;Recebimento realizado dentro do prazo.
CR00815;VEN0510;CLI053;Bianca Lima;2026-02-03;2026-03-05;2026-03-19;1;1;172.09;3.18;175.27;0.0;Recebido com atraso;14;Cartão de Débito;E-commerce;CC-COMERCIAL;2026-02;VEN0510;Recebimento realizado após o vencimento.
CR00331;VEN0220;CLI081;Leonardo Costa;2025-11-06;2026-03-06;2026-03-19;4;6;26.96;0.49;27.45;0.0;Recebido com atraso;13;PIX;E-commerce;CC-COMERCIAL;2025-11;VEN0220;Recebimento realizado após o vencimento.
CR00337;VEN0221;CLI018;Fernanda Gomes;2025-11-06;2026-03-06;2026-03-06;4;4;13.6;0.0;13.6;0.0;Recebido;0;Cartão de Débito;WhatsApp;CC-COMERCIAL;2025-11;VEN0221;Recebimento realizado dentro do prazo.
CR00499;VEN0319;CLI073;Cláudia Gomes;2025-12-06;2026-03-06;2026-03-06;3;4;60.2;0.0;60.2;0.0;Recebido;0;Cartão de Crédito;Loja Física;CC-COMERCIAL;2025-12;VEN0319;Recebimento realizado dentro do prazo.
CR00505;VEN0323;CLI053;Bianca Lima;2025-12-06;2026-03-06;2026-03-03;3;6;134.73;0.0;134.73;0.0;Recebido;0;Cartão de Crédito;E-commerce;CC-COMERCIAL;2025-12;VEN0323;Recebimento realizado dentro do prazo.
CR00718;VEN0448;CLI081;Leonardo Costa;2026-01-05;2026-03-06;2026-03-06;2;2;80.43;0.0;80.43;0.0;Recebido;0;Cartão de Crédito;Loja Física;CC-COMERCIAL;2026-01;VEN0448;Recebimento realizado dentro do prazo.
CR00720;VEN0450;CLI043;Natália Almeida;2026-01-05;2026-03-06;2026-03-05;2;3;299.39;0.0;299.39;0.0;Recebido;0;Boleto;Loja Física;CC-COMERCIAL;2026-01;VEN0450;Recebimento realizado dentro do prazo.
CR00816;VEN0511;CLI073;Cláudia Gomes;2026-02-04;2026-03-06;2026-03-05;1;6;80.32;0.0;80.32;0.0;Recebido;0;PIX;Loja Física;CC-COMERCIAL;2026-02;VEN0511;Recebimento realizado dentro do prazo.
CR00822;VEN0512;CLI070;Lucas Ferreira;2026-02-04;2026-03-06;2026-03-04;1;1;321.7;0.0;321.7;0.0;Recebido;0;Boleto;Loja Física;CC-COMERCIAL;2026-02;VEN0512;Recebimento realizado dentro do prazo.
CR00513;VEN0327;CLI013;Aline Ribeiro;2025-12-07;2026-03-07;2026-03-04;3;3;71.44;0.0;71.44;0.0;Recebido;0;Cartão de Débito;Loja Física;CC-COMERCIAL;2025-12;VEN0327;Recebimento realizado dentro do prazo.
CR00723;VEN0451;CLI060;Gustavo Almeida;2026-01-06;2026-03-07;2026-03-06;2;6;79.92;0.0;79.92;0.0;Recebido;0;Cartão de Débito;E-commerce;CC-COMERCIAL;2026-01;VEN0451;Recebimento realizado dentro do prazo.
CR00731;VEN0455;CLI040;Cláudia Santos;2026-01-06;2026-03-07;2026-03-07;2;2;29.51;0.0;29.51;0.0;Recebido;0;Boleto;Loja Física;CC-COMERCIAL;2026-01;VEN0455;Recebimento realizado dentro do prazo.
CR00823;VEN0514;CLI042;Gustavo Costa;2026-02-05;2026-03-07;;1;4;63.03;0.0;0.0;63.03;Em atraso;146;Cartão de Débito;E-commerce;CC-COMERCIAL;2026-02;VEN0514;Título pendente de recebimento.
CR00827;VEN0515;CLI083;Camila Lima;2026-02-05;2026-03-07;2026-03-04;1;2;88.55;0.0;88.55;0.0;Recebido;0;Cartão de Crédito;E-commerce;CC-COMERCIAL;2026-02;VEN0515;Recebimento realizado dentro do prazo.
CR00133;VEN0075;CLI116;Caio Silva;2025-09-09;2026-03-08;2026-03-23;6;6;39.97;0.75;40.72;0.0;Recebido com atraso;15;Cartão de Débito;E-commerce;CC-COMERCIAL;2025-09;VEN0075;Recebimento realizado após o vencimento.
CR00229;VEN0141;CLI060;Gustavo Almeida;2025-10-09;2026-03-08;2026-03-27;5;6;49.74;0.98;50.72;0.0;Recebido com atraso;19;Cartão de Crédito;Loja Física;CC-COMERCIAL;2025-10;VEN0141;Recebimento realizado após o vencimento.
CR00346;VEN0227;CLI002;Helena Souza;2025-11-08;2026-03-08;2026-03-08;4;6;77.15;0.0;77.15;0.0;Recebido;0;PIX;E-commerce;CC-COMERCIAL;2025-11;VEN0227;Recebimento realizado dentro do prazo.
CR00353;VEN0229;CLI086;Rafael Santos;2025-11-08;2026-03-08;2026-03-07;4;6;66.61;0.0;66.61;0.0;Recebido;0;Cartão de Crédito;Loja Física;CC-COMERCIAL;2025-11;VEN0229;Recebimento realizado dentro do prazo.
CR00362;VEN0232;CLI020;Diego Almeida;2025-11-09;2026-03-09;2026-03-06;4;6;87.98;0.0;87.98;0.0;Recebido;0;Cartão de Débito;Loja Física;CC-COMERCIAL;2025-11;VEN0232;Recebimento realizado dentro do prazo.
CR00518;VEN0336;CLI010;Daniel Silva;2025-12-09;2026-03-09;2026-03-06;3;6;68.84;0.0;68.84;0.0;Recebido;0;Boleto;E-commerce;CC-COMERCIAL;2025-12;VEN0336;Recebimento realizado dentro do prazo.
CR00733;VEN0459;CLI043;Natália Almeida;2026-01-08;2026-03-09;2026-03-09;2;3;198.94;0.0;198.94;0.0;Recebido;0;Cartão de Débito;E-commerce;CC-COMERCIAL;2026-01;VEN0459;Recebimento realizado dentro do prazo.
CR00736;VEN0460;CLI034;Fernanda Santos;2026-01-08;2026-03-09;2026-03-09;2;3;53.38;0.0;53.38;0.0;Recebido;0;Boleto;Loja Física;CC-COMERCIAL;2026-01;VEN0460;Recebimento realizado dentro do prazo.
CR00524;VEN0337;CLI078;Ricardo Almeida;2025-12-10;2026-03-10;2026-03-10;3;6;76.3;0.0;76.3;0.0;Recebido;0;Boleto;WhatsApp;CC-COMERCIAL;2025-12;VEN0337;Recebimento realizado dentro do prazo.
CR00740;VEN0462;CLI073;Cláudia Gomes;2026-01-09;2026-03-10;2026-03-09;2;2;102.3;0.0;102.3;0.0;Recebido;0;Cartão de Crédito;WhatsApp;CC-COMERCIAL;2026-01;VEN0462;Recebimento realizado dentro do prazo.
CR00742;VEN0464;CLI112;Lucas Oliveira;2026-01-09;2026-03-10;2026-03-07;2;4;92.36;0.0;92.36;0.0;Recebido;0;Cartão de Crédito;Loja Física;CC-COMERCIAL;2026-01;VEN0464;Recebimento realizado dentro do prazo.
CR00829;VEN0517;CLI116;Caio Silva;2026-02-08;2026-03-10;2026-03-08;1;1;283.61;0.0;283.61;0.0;Recebido;0;PIX;E-commerce;CC-COMERCIAL;2026-02;VEN0517;Recebimento realizado dentro do prazo.
CR00830;VEN0518;CLI044;Igor Souza;2026-02-08;2026-03-10;2026-03-08;1;2;164.97;0.0;164.97;0.0;Recebido;0;PIX;Loja Física;CC-COMERCIAL;2026-02;VEN0518;Recebimento realizado dentro do prazo.
CR00372;VEN0238;CLI016;Aline Santos;2025-11-11;2026-03-11;2026-03-11;4;6;44.17;0.0;44.17;0.0;Recebido;0;Cartão de Débito;Loja Física;CC-COMERCIAL;2025-11;VEN0238;Recebimento realizado dentro do prazo.
CR00530;VEN0338;CLI084;Cláudia Silva;2025-12-11;2026-03-11;2026-03-08;3;3;43.47;0.0;43.47;0.0;Recebido;0;Cartão de Débito;Loja Física;CC-COMERCIAL;2025-12;VEN0338;Recebimento realizado dentro do prazo.
CR00746;VEN0467;CLI002;Helena Souza;2026-01-10;2026-03-11;;2;2;224.55;0.0;0.0;224.55;Em atraso;142;PIX;E-commerce;CC-COMERCIAL;2026-01;VEN0467;Título pendente de recebimento.
CR00748;VEN0468;CLI081;Leonardo Costa;2026-01-10;2026-03-11;2026-03-08;2;3;203.79;0.0;203.79;0.0;Recebido;0;Cartão de Débito;E-commerce;CC-COMERCIAL;2026-01;VEN0468;Recebimento realizado dentro do prazo.
CR00751;VEN0469;CLI114;Fábio Ribeiro;2026-01-10;2026-03-11;2026-03-09;2;4;36.18;0.0;36.18;0.0;Recebido;0;Cartão de Crédito;Loja Física;CC-COMERCIAL;2026-01;VEN0469;Recebimento realizado dentro do prazo.
CR00755;VEN0470;CLI015;Patricia Silva;2026-01-10;2026-03-11;2026-03-09;2;6;79.77;0.0;79.77;0.0;Recebido;0;Cartão de Débito;Loja Física;CC-COMERCIAL;2026-01;VEN0470;Recebimento realizado dentro do prazo.
CR00832;VEN0519;CLI094;Larissa Almeida;2026-02-09;2026-03-11;2026-03-08;1;1;738.18;0.0;738.18;0.0;Recebido;0;Cartão de Crédito;WhatsApp;CC-COMERCIAL;2026-02;VEN0519;Recebimento realizado dentro do prazo.
CR00833;VEN0520;CLI112;Lucas Oliveira;2026-02-09;2026-03-11;2026-03-08;1;3;45.93;0.0;45.93;0.0;Recebido;0;Cartão de Crédito;Loja Física;CC-COMERCIAL;2026-02;VEN0520;Recebimento realizado dentro do prazo.
CR00378;VEN0240;CLI073;Cláudia Gomes;2025-11-12;2026-03-12;2026-03-09;4;4;72.23;0.0;72.23;0.0;Recebido;0;Cartão de Débito;E-commerce;CC-COMERCIAL;2025-11;VEN0240;Recebimento realizado dentro do prazo.
CR00533;VEN0343;CLI072;Fábio Lima;2025-12-12;2026-03-12;2026-03-10;3;6;61.34;0.0;61.34;0.0;Recebido;0;Cartão de Crédito;Loja Física;CC-COMERCIAL;2025-12;VEN0343;Recebimento realizado dentro do prazo.
CR00539;VEN0346;CLI053;Bianca Lima;2025-12-12;2026-03-12;2026-03-10;3;3;43.47;0.0;43.47;0.0;Recebido;0;PIX;Loja Física;CC-COMERCIAL;2025-12;VEN0346;Recebimento realizado dentro do prazo.
CR00761;VEN0473;CLI039;Lucas Silva;2026-01-11;2026-03-12;2026-03-11;2;2;72.35;0.0;72.35;0.0;Recebido;0;Boleto;Loja Física;CC-COMERCIAL;2026-01;VEN0473;Recebimento realizado dentro do prazo.
CR00763;VEN0474;CLI037;Eduardo Silva;2026-01-11;2026-03-12;2026-03-12;2;4;79.77;0.0;79.77;0.0;Recebido;0;PIX;E-commerce;CC-COMERCIAL;2026-01;VEN0474;Recebimento realizado dentro do prazo.
CR00836;VEN0522;CLI052;Gustavo Costa;2026-02-10;2026-03-12;2026-03-11;1;1;588.94;0.0;588.94;0.0;Recebido;0;PIX;E-commerce;CC-COMERCIAL;2026-02;VEN0522;Recebimento realizado dentro do prazo.
CR00148;VEN0085;CLI042;Gustavo Costa;2025-09-14;2026-03-13;;6;6;51.48;0.0;0.0;51.48;Em atraso;140;Boleto;Loja Física;CC-COMERCIAL;2025-09;VEN0085;Título pendente de recebimento.
CR00542;VEN0347;CLI089;Larissa Souza;2025-12-13;2026-03-13;2026-03-12;3;4;78.51;0.0;78.51;0.0;Recebido;0;Cartão de Débito;Loja Física;CC-COMERCIAL;2025-12;VEN0347;Recebimento realizado dentro do prazo.
CR00767;VEN0475;CLI112;Lucas Oliveira;2026-01-12;2026-03-13;2026-03-11;2;4;80.44;0.0;80.44;0.0;Recebido;0;PIX;WhatsApp;CC-COMERCIAL;2026-01;VEN0475;Recebimento realizado dentro do prazo.
CR00771;VEN0477;CLI104;Helena Ribeiro;2026-01-12;2026-03-13;2026-03-11;2;3;125.59;0.0;125.59;0.0;Recebido;0;Cartão de Crédito;Loja Física;CC-COMERCIAL;2026-01;VEN0477;Recebimento realizado dentro do prazo.
CR00385;VEN0246;CLI013;Aline Ribeiro;2025-11-14;2026-03-14;2026-03-13;4;6;20.55;0.0;20.55;0.0;Recebido;0;PIX;Loja Física;CC-COMERCIAL;2025-11;VEN0246;Recebimento realizado dentro do prazo.
CR00549;VEN0353;CLI038;Gustavo Silva;2025-12-14;2026-03-14;2026-03-12;3;3;105.86;0.0;105.86;0.0;Recebido;0;Cartão de Débito;Loja Física;CC-COMERCIAL;2025-12;VEN0353;Recebimento realizado dentro do prazo.
CR00552;VEN0354;CLI060;Gustavo Almeida;2025-12-14;2026-03-14;;3;4;33.74;0.0;0.0;33.74;Em atraso;139;PIX;E-commerce;CC-COMERCIAL;2025-12;VEN0354;Título pendente de recebimento.
CR00557;VEN0357;CLI054;Aline Almeida;2025-12-14;2026-03-14;2026-03-12;3;3;193.06;0.0;193.06;0.0;Recebido;0;Cartão de Débito;E-commerce;CC-COMERCIAL;2025-12;VEN0357;Recebimento realizado dentro do prazo.
CR00560;VEN0358;CLI116;Caio Silva;2025-12-14;2026-03-14;2026-03-14;3;6;31.52;0.0;31.52;0.0;Recebido;0;PIX;Loja Física;CC-COMERCIAL;2025-12;VEN0358;Recebimento realizado dentro do prazo.
CR00566;VEN0360;CLI060;Gustavo Almeida;2025-12-15;2026-03-15;2026-03-13;3;3;37.33;0.0;37.33;0.0;Recebido;0;Cartão de Débito;E-commerce;CC-COMERCIAL;2025-12;VEN0360;Recebimento realizado dentro do prazo.
CR00774;VEN0478;CLI030;Renata Ribeiro;2026-01-14;2026-03-15;2026-03-13;2;3;155.29;0.0;155.29;0.0;Recebido;0;Cartão de Crédito;Loja Física;CC-COMERCIAL;2026-01;VEN0478;Recebimento realizado dentro do prazo.
CR00570;VEN0362;CLI044;Igor Souza;2025-12-16;2026-03-16;2026-03-15;3;4;57.34;0.0;57.34;0.0;Recebido;0;Cartão de Débito;WhatsApp;CC-COMERCIAL;2025-12;VEN0362;Recebimento realizado dentro do prazo.
CR00837;VEN0526;CLI046;Diego Silva;2026-02-14;2026-03-16;2026-03-13;1;4;184.72;0.0;184.72;0.0;Recebido;0;PIX;E-commerce;CC-COMERCIAL;2026-02;VEN0526;Recebimento realizado dentro do prazo.
CR00841;VEN0527;CLI073;Cláudia Gomes;2026-02-15;2026-03-17;2026-03-14;1;3;192.95;0.0;192.95;0.0;Recebido;0;Cartão de Débito;Loja Física;CC-COMERCIAL;2026-02;VEN0527;Recebimento realizado dentro do prazo.
CR00844;VEN0528;CLI025;Thiago Lima;2026-02-15;2026-03-17;2026-03-14;1;1;217.51;0.0;217.51;0.0;Recebido;0;Boleto;Loja Física;CC-COMERCIAL;2026-02;VEN0528;Recebimento realizado dentro do prazo.
CR00403;VEN0261;CLI043;Natália Almeida;2025-11-18;2026-03-18;2026-03-22;4;6;54.51;0.87;55.38;0.0;Recebido com atraso;4;Boleto;Loja Física;CC-COMERCIAL;2025-11;VEN0261;Recebimento realizado após o vencimento.
CR00409;VEN0262;CLI064;Caio Silva;2025-11-18;2026-03-18;2026-03-16;4;6;41.18;0.0;41.18;0.0;Recebido;0;Cartão de Crédito;E-commerce;CC-COMERCIAL;2025-11;VEN0262;Recebimento realizado dentro do prazo.
CR00578;VEN0366;CLI074;Camila Silva;2025-12-18;2026-03-18;2026-03-17;3;6;49.25;0.0;49.25;0.0;Recebido;0;Boleto;WhatsApp;CC-COMERCIAL;2025-12;VEN0366;Recebimento realizado dentro do prazo.
CR00584;VEN0369;CLI017;Rafael Gomes;2025-12-18;2026-03-18;;3;4;76.4;0.0;0.0;76.4;Em atraso;135;Cartão de Crédito;Loja Física;CC-COMERCIAL;2025-12;VEN0369;Título pendente de recebimento.
CR00588;VEN0370;CLI119;Natália Gomes;2025-12-18;2026-03-18;2026-03-15;3;6;15.22;0.0;15.22;0.0;Recebido;0;PIX;Loja Física;CC-COMERCIAL;2025-12;VEN0370;Recebimento realizado dentro do prazo.
CR00845;VEN0530;CLI061;Camila Almeida;2026-02-16;2026-03-18;2026-03-15;1;1;114.52;0.0;114.52;0.0;Recebido;0;PIX;E-commerce;CC-COMERCIAL;2026-02;VEN0530;Recebimento realizado dentro do prazo.
CR00595;VEN0375;CLI049;Vanessa Souza;2025-12-19;2026-03-19;2026-04-07;3;6;31.21;0.62;31.83;0.0;Recebido com atraso;19;PIX;Loja Física;CC-COMERCIAL;2025-12;VEN0375;Recebimento realizado após o vencimento.
CR00778;VEN0482;CLI043;Natália Almeida;2026-01-18;2026-03-19;2026-03-19;2;2;202.1;0.0;202.1;0.0;Recebido;0;Cartão de Crédito;Loja Física;CC-COMERCIAL;2026-01;VEN0482;Recebimento realizado dentro do prazo.
CR00417;VEN0269;CLI101;Amanda Costa;2025-11-20;2026-03-20;2026-03-18;4;4;154.88;0.0;154.88;0.0;Recebido;0;Cartão de Débito;WhatsApp;CC-COMERCIAL;2025-11;VEN0269;Recebimento realizado dentro do prazo.
CR00603;VEN0378;CLI006;Thiago Ribeiro;2025-12-20;2026-03-20;2026-03-17;3;6;41.72;0.0;41.72;0.0;Recebido;0;Boleto;WhatsApp;CC-COMERCIAL;2025-12;VEN0378;Recebimento realizado dentro do prazo.
CR00780;VEN0485;CLI066;Amanda Silva;2026-01-19;2026-03-20;2026-03-19;2;4;36.18;0.0;36.18;0.0;Recebido;0;Boleto;E-commerce;CC-COMERCIAL;2026-01;VEN0485;Recebimento realizado dentro do prazo.
CR00846;VEN0532;CLI042;Gustavo Costa;2026-02-18;2026-03-20;2026-04-09;1;1;416.14;8.32;424.46;0.0;Recebido com atraso;20;Cartão de Débito;Loja Física;CC-COMERCIAL;2026-02;VEN0532;Recebimento realizado após o vencimento.
CR00421;VEN0270;CLI044;Igor Souza;2025-11-21;2026-03-21;2026-03-18;4;6;39.26;0.0;39.26;0.0;Recebido;0;PIX;Loja Física;CC-COMERCIAL;2025-11;VEN0270;Recebimento realizado dentro do prazo.
CR00612;VEN0383;CLI052;Gustavo Costa;2025-12-21;2026-03-21;2026-03-18;3;4;275.21;0.0;275.21;0.0;Recebido;0;Cartão de Crédito;Loja Física;CC-COMERCIAL;2025-12;VEN0383;Recebimento realizado dentro do prazo.
CR00617;VEN0386;CLI046;Diego Silva;2025-12-21;2026-03-21;2026-03-19;3;4;63.38;0.0;63.38;0.0;Recebido;0;Boleto;Loja Física;CC-COMERCIAL;2025-12;VEN0386;Recebimento realizado dentro do prazo.
CR00847;VEN0534;CLI060;Gustavo Almeida;2026-02-19;2026-03-21;2026-03-18;1;4;57.06;0.0;57.06;0.0;Recebido;0;Cartão de Débito;Loja Física;CC-COMERCIAL;2026-02;VEN0534;Recebimento realizado dentro do prazo.
CR00851;VEN0535;CLI087;Thiago Lima;2026-02-19;2026-03-21;2026-03-18;1;6;36.5;0.0;36.5;0.0;Recebido;0;Cartão de Crédito;E-commerce;CC-COMERCIAL;2026-02;VEN0535;Recebimento realizado dentro do prazo.
CR00857;VEN0536;CLI056;Larissa Lima;2026-02-19;2026-03-21;2026-03-19;1;6;53.62;0.0;53.62;0.0;Recebido;0;PIX;Loja Física;CC-COMERCIAL;2026-02;VEN0536;Recebimento realizado dentro do prazo.
CR00267;VEN0177;CLI049;Vanessa Souza;2025-10-23;2026-03-22;2026-03-22;5;6;187.21;0.0;187.21;0.0;Recebido;0;Cartão de Crédito;WhatsApp;CC-COMERCIAL;2025-10;VEN0177;Recebimento realizado dentro do prazo.
CR00432;VEN0276;CLI095;Helena Costa;2025-11-22;2026-03-22;2026-03-20;4;4;68.37;0.0;68.37;0.0;Recebido;0;Cartão de Crédito;E-commerce;CC-COMERCIAL;2025-11;VEN0276;Recebimento realizado dentro do prazo.
CR00436;VEN0277;CLI042;Gustavo Costa;2025-11-22;2026-03-22;2026-03-22;4;6;88.34;0.0;88.34;0.0;Recebido;0;Cartão de Crédito;E-commerce;CC-COMERCIAL;2025-11;VEN0277;Recebimento realizado dentro do prazo.
CR00623;VEN0389;CLI114;Fábio Ribeiro;2025-12-22;2026-03-22;2026-03-22;3;3;121.25;0.0;121.25;0.0;Recebido;0;Cartão de Débito;Loja Física;CC-COMERCIAL;2025-12;VEN0389;Recebimento realizado dentro do prazo.
CR00784;VEN0489;CLI074;Camila Silva;2026-01-21;2026-03-22;2026-03-20;2;3;128.75;0.0;128.75;0.0;Recebido;0;Cartão de Crédito;E-commerce;CC-COMERCIAL;2026-01;VEN0489;Recebimento realizado dentro do prazo.
CR00629;VEN0395;CLI095;Helena Costa;2025-12-23;2026-03-23;2026-03-22;3;6;87.98;0.0;87.98;0.0;Recebido;0;Cartão de Débito;Loja Física;CC-COMERCIAL;2025-12;VEN0395;Recebimento realizado dentro do prazo.
CR00636;VEN0397;CLI116;Caio Silva;2025-12-23;2026-03-23;2026-03-22;3;6;139.76;0.0;139.76;0.0;Recebido;0;Boleto;Loja Física;CC-COMERCIAL;2025-12;VEN0397;Recebimento realizado dentro do prazo.
CR00443;VEN0281;CLI116;Caio Silva;2025-11-24;2026-03-24;2026-03-22;4;4;183.48;0.0;183.48;0.0;Recebido;0;Boleto;E-commerce;CC-COMERCIAL;2025-11;VEN0281;Recebimento realizado dentro do prazo.
CR00863;VEN0537;CLI067;Renata Oliveira;2026-02-22;2026-03-24;2026-03-24;1;3;214.52;0.0;214.52;0.0;Recebido;0;PIX;Loja Física;CC-COMERCIAL;2026-02;VEN0537;Recebimento realizado dentro do prazo.
CR00643;VEN0405;CLI044;Igor Souza;2025-12-25;2026-03-25;2026-03-25;3;3;61.38;0.0;61.38;0.0;Recebido;0;Cartão de Crédito;E-commerce;CC-COMERCIAL;2025-12;VEN0405;Recebimento realizado dentro do prazo.
CR00646;VEN0406;CLI060;Gustavo Almeida;2025-12-25;2026-03-25;2026-03-31;3;6;17.07;0.28;17.35;0.0;Recebido com atraso;6;Boleto;E-commerce;CC-COMERCIAL;2025-12;VEN0406;Recebimento realizado após o vencimento.
CR00788;VEN0492;CLI042;Gustavo Costa;2026-01-24;2026-03-25;2026-03-23;2;6;104.79;0.0;104.79;0.0;Recebido;0;Boleto;Loja Física;CC-COMERCIAL;2026-01;VEN0492;Recebimento realizado dentro do prazo.
CR00866;VEN0540;CLI104;Helena Ribeiro;2026-02-23;2026-03-25;2026-03-22;1;1;216.48;0.0;216.48;0.0;Recebido;0;Cartão de Crédito;Loja Física;CC-COMERCIAL;2026-02;VEN0540;Recebimento realizado dentro do prazo.
CR00867;VEN0541;CLI015;Patricia Silva;2026-02-23;2026-03-25;2026-03-23;1;1;290.16;0.0;290.16;0.0;Recebido;0;Cartão de Débito;E-commerce;CC-COMERCIAL;2026-02;VEN0541;Recebimento realizado dentro do prazo.
CR00284;VEN0193;CLI114;Fábio Ribeiro;2025-10-27;2026-03-26;2026-03-23;5;6;46.31;0.0;46.31;0.0;Recebido;0;PIX;E-commerce;CC-COMERCIAL;2025-10;VEN0193;Recebimento realizado dentro do prazo.
CR00657;VEN0413;CLI114;Fábio Ribeiro;2025-12-26;2026-03-26;2026-03-24;3;3;270.1;0.0;270.1;0.0;Recebido;0;Boleto;E-commerce;CC-COMERCIAL;2025-12;VEN0413;Recebimento realizado dentro do prazo.
CR00794;VEN0494;CLI114;Fábio Ribeiro;2026-01-25;2026-03-26;2026-03-26;2;4;112.27;0.0;112.27;0.0;Recebido;0;PIX;WhatsApp;CC-COMERCIAL;2026-01;VEN0494;Recebimento realizado dentro do prazo.
CR00868;VEN0544;CLI114;Fábio Ribeiro;2026-02-24;2026-03-26;2026-03-25;1;1;289.42;0.0;289.42;0.0;Recebido;0;PIX;WhatsApp;CC-COMERCIAL;2026-02;VEN0544;Recebimento realizado dentro do prazo.
CR00660;VEN0415;CLI098;Sofia Ribeiro;2025-12-27;2026-03-27;;3;6;56.16;0.0;0.0;56.16;Em atraso;126;PIX;Loja Física;CC-COMERCIAL;2025-12;VEN0415;Título pendente de recebimento.
CR00798;VEN0497;CLI010;Daniel Silva;2026-01-26;2026-03-27;2026-04-14;2;3;92.69;1.81;94.5;0.0;Recebido com atraso;18;Cartão de Crédito;Loja Física;CC-COMERCIAL;2026-01;VEN0497;Recebimento realizado após o vencimento.
CR00869;VEN0545;CLI081;Leonardo Costa;2026-02-25;2026-03-27;2026-03-26;1;4;70.25;0.0;70.25;0.0;Recebido;0;Cartão de Crédito;Loja Física;CC-COMERCIAL;2026-02;VEN0545;Recebimento realizado dentro do prazo.
CR00873;VEN0546;CLI044;Igor Souza;2026-02-25;2026-03-27;2026-04-14;1;1;363.41;7.09;370.5;0.0;Recebido com atraso;18;Boleto;E-commerce;CC-COMERCIAL;2026-02;VEN0546;Recebimento realizado após o vencimento.
CR00874;VEN0547;CLI002;Helena Souza;2026-02-25;2026-03-27;2026-03-27;1;1;225.1;0.0;225.1;0.0;Recebido;0;PIX;Loja Física;CC-COMERCIAL;2026-02;VEN0547;Recebimento realizado dentro do prazo.
CR00200;VEN0121;CLI083;Camila Lima;2025-09-29;2026-03-28;2026-03-25;6;6;9.56;0.0;9.56;0.0;Recebido;0;Cartão de Débito;E-commerce;CC-COMERCIAL;2025-09;VEN0121;Recebimento realizado dentro do prazo.
CR00668;VEN0422;CLI060;Gustavo Almeida;2025-12-28;2026-03-28;2026-04-02;3;3;313.72;5.1;318.82;0.0;Recebido com atraso;5;Cartão de Débito;Loja Física;CC-COMERCIAL;2025-12;VEN0422;Recebimento realizado após o vencimento.
CR00671;VEN0423;CLI042;Gustavo Costa;2025-12-28;2026-03-28;;3;6;36.43;0.0;0.0;36.43;Em atraso;125;Boleto;E-commerce;CC-COMERCIAL;2025-12;VEN0423;Título pendente de recebimento.
CR00678;VEN0425;CLI074;Camila Silva;2025-12-28;2026-03-28;2026-03-25;3;6;57.94;0.0;57.94;0.0;Recebido;0;Boleto;E-commerce;CC-COMERCIAL;2025-12;VEN0425;Recebimento realizado dentro do prazo.
CR00684;VEN0426;CLI081;Leonardo Costa;2025-12-28;2026-03-28;2026-03-27;3;4;325.29;0.0;325.29;0.0;Recebido;0;Boleto;Loja Física;CC-COMERCIAL;2025-12;VEN0426;Recebimento realizado dentro do prazo.
CR00875;VEN0548;CLI094;Larissa Almeida;2026-02-26;2026-03-28;2026-03-26;1;4;36.72;0.0;36.72;0.0;Recebido;0;PIX;E-commerce;CC-COMERCIAL;2026-02;VEN0548;Recebimento realizado dentro do prazo.
CR00457;VEN0296;CLI041;Caio Santos;2025-11-29;2026-03-29;2026-03-27;4;4;36.18;0.0;36.18;0.0;Recebido;0;Cartão de Débito;Loja Física;CC-COMERCIAL;2025-11;VEN0296;Recebimento realizado dentro do prazo.
CR00689;VEN0428;CLI043;Natália Almeida;2025-12-29;2026-03-29;2026-03-28;3;3;71.93;0.0;71.93;0.0;Recebido;0;Boleto;E-commerce;CC-COMERCIAL;2025-12;VEN0428;Recebimento realizado dentro do prazo.
CR00879;VEN0550;CLI112;Lucas Oliveira;2026-02-27;2026-03-29;2026-03-29;1;3;80.48;0.0;80.48;0.0;Recebido;0;Boleto;Loja Física;CC-COMERCIAL;2026-02;VEN0550;Recebimento realizado dentro do prazo.
CR00696;VEN0432;CLI114;Fábio Ribeiro;2025-12-30;2026-03-30;2026-03-28;3;6;45.02;0.0;45.02;0.0;Recebido;0;Cartão de Crédito;E-commerce;CC-COMERCIAL;2025-12;VEN0432;Recebimento realizado dentro do prazo.
CR00801;VEN0499;CLI053;Bianca Lima;2026-01-29;2026-03-30;2026-03-29;2;2;164.97;0.0;164.97;0.0;Recebido;0;Cartão de Débito;E-commerce;CC-COMERCIAL;2026-01;VEN0499;Recebimento realizado dentro do prazo.
CR00212;VEN0129;CLI081;Leonardo Costa;2025-10-02;2026-03-31;2026-03-29;6;6;50.02;0.0;50.02;0.0;Recebido;0;Cartão de Crédito;Loja Física;CC-COMERCIAL;2025-10;VEN0129;Recebimento realizado dentro do prazo.
CR00706;VEN0437;CLI060;Gustavo Almeida;2025-12-31;2026-03-31;2026-04-19;3;4;95.43;1.88;97.31;0.0;Recebido com atraso;19;Cartão de Débito;Loja Física;CC-COMERCIAL;2025-12;VEN0437;Recebimento realizado após o vencimento.
CR00312;VEN0208;CLI056;Larissa Lima;2025-11-02;2026-04-01;2026-03-30;5;6;53.92;0.0;53.92;0.0;Recebido;0;PIX;WhatsApp;CC-COMERCIAL;2025-11;VEN0208;Recebimento realizado dentro do prazo.
CR00471;VEN0306;CLI043;Natália Almeida;2025-12-02;2026-04-01;2026-04-05;4;4;22.99;0.37;23.36;0.0;Recebido com atraso;4;Cartão de Débito;Loja Física;CC-COMERCIAL;2025-12;VEN0306;Recebimento realizado após o vencimento.
CR00475;VEN0307;CLI042;Gustavo Costa;2025-12-02;2026-04-01;2026-04-21;4;6;22.6;0.45;23.05;0.0;Recebido com atraso;20;Cartão de Crédito;Loja Física;CC-COMERCIAL;2025-12;VEN0307;Recebimento realizado após o vencimento.
CR00712;VEN0443;CLI013;Aline Ribeiro;2026-01-01;2026-04-01;2026-04-01;3;6;29.83;0.0;29.83;0.0;Recebido;0;Cartão de Débito;E-commerce;CC-COMERCIAL;2026-01;VEN0443;Recebimento realizado dentro do prazo.
CR00482;VEN0309;CLI063;Beatriz Ribeiro;2025-12-03;2026-04-02;2026-04-02;4;4;151.08;0.0;151.08;0.0;Recebido;0;Cartão de Débito;E-commerce;CC-COMERCIAL;2025-12;VEN0309;Recebimento realizado dentro do prazo.
CR00806;VEN0505;CLI114;Fábio Ribeiro;2026-02-01;2026-04-02;2026-04-01;2;2;204.6;0.0;204.6;0.0;Recebido;0;PIX;WhatsApp;CC-COMERCIAL;2026-02;VEN0505;Recebimento realizado dentro do prazo.
CR00808;VEN0506;CLI024;Beatriz Souza;2026-02-01;2026-04-02;2026-04-01;2;6;111.02;0.0;111.02;0.0;Recebido;0;Cartão de Débito;Loja Física;CC-COMERCIAL;2026-02;VEN0506;Recebimento realizado dentro do prazo.
CR00882;VEN0555;CLI106;Helena Santos;2026-03-03;2026-04-02;2026-03-30;1;1;261.74;0.0;261.74;0.0;Recebido;0;Cartão de Crédito;E-commerce;CC-COMERCIAL;2026-03;VEN0555;Recebimento realizado dentro do prazo.
CR00883;VEN0556;CLI061;Camila Almeida;2026-03-03;2026-04-02;2026-04-02;1;2;36.25;0.0;36.25;0.0;Recebido;0;Cartão de Débito;E-commerce;CC-COMERCIAL;2026-03;VEN0556;Recebimento realizado dentro do prazo.
CR00885;VEN0557;CLI025;Thiago Lima;2026-03-03;2026-04-02;2026-03-31;1;1;329.94;0.0;329.94;0.0;Recebido;0;Cartão de Crédito;E-commerce;CC-COMERCIAL;2026-03;VEN0557;Recebimento realizado dentro do prazo.
CR00886;VEN0558;CLI024;Beatriz Souza;2026-03-03;2026-04-02;2026-03-30;1;3;40.17;0.0;40.17;0.0;Recebido;0;PIX;Loja Física;CC-COMERCIAL;2026-03;VEN0558;Recebimento realizado dentro do prazo.
CR00488;VEN0313;CLI114;Fábio Ribeiro;2025-12-04;2026-04-03;2026-04-02;4;4;163.96;0.0;163.96;0.0;Recebido;0;PIX;WhatsApp;CC-COMERCIAL;2025-12;VEN0313;Recebimento realizado dentro do prazo.
CR00889;VEN0559;CLI104;Helena Ribeiro;2026-03-04;2026-04-03;2026-04-03;1;1;293.22;0.0;293.22;0.0;Recebido;0;Cartão de Crédito;Loja Física;CC-COMERCIAL;2026-03;VEN0559;Recebimento realizado dentro do prazo.
CR00890;VEN0560;CLI053;Bianca Lima;2026-03-04;2026-04-03;2026-04-01;1;3;36.14;0.0;36.14;0.0;Recebido;0;PIX;Loja Física;CC-COMERCIAL;2026-03;VEN0560;Recebimento realizado dentro do prazo.
CR00893;VEN0561;CLI081;Leonardo Costa;2026-03-04;2026-04-03;2026-04-03;1;1;283.61;0.0;283.61;0.0;Recebido;0;Cartão de Débito;E-commerce;CC-COMERCIAL;2026-03;VEN0561;Recebimento realizado dentro do prazo.
CR00492;VEN0316;CLI069;Leonardo Ferreira;2025-12-05;2026-04-04;2026-04-04;4;4;168.49;0.0;168.49;0.0;Recebido;0;PIX;Loja Física;CC-COMERCIAL;2025-12;VEN0316;Recebimento realizado dentro do prazo.
CR00814;VEN0509;CLI116;Caio Silva;2026-02-03;2026-04-04;;2;2;158.79;0.0;0.0;158.79;Em atraso;118;Boleto;Loja Física;CC-COMERCIAL;2026-02;VEN0509;Título pendente de recebimento.
CR00894;VEN0562;CLI114;Fábio Ribeiro;2026-03-05;2026-04-04;2026-04-01;1;6;38.97;0.0;38.97;0.0;Recebido;0;Cartão de Débito;Loja Física;CC-COMERCIAL;2026-03;VEN0562;Recebimento realizado dentro do prazo.
CR00900;VEN0563;CLI028;Natália Silva;2026-03-05;2026-04-04;2026-04-01;1;6;96.47;0.0;96.47;0.0;Recebido;0;Cartão de Débito;Loja Física;CC-COMERCIAL;2026-03;VEN0563;Recebimento realizado dentro do prazo.
CR00906;VEN0564;CLI013;Aline Ribeiro;2026-03-05;2026-04-04;2026-04-01;1;1;281.02;0.0;281.02;0.0;Recebido;0;Cartão de Débito;WhatsApp;CC-COMERCIAL;2026-03;VEN0564;Recebimento realizado dentro do prazo.
CR00332;VEN0220;CLI081;Leonardo Costa;2025-11-06;2026-04-05;2026-04-03;5;6;26.96;0.0;26.96;0.0;Recebido;0;PIX;E-commerce;CC-COMERCIAL;2025-11;VEN0220;Recebimento realizado dentro do prazo.
CR00500;VEN0319;CLI073;Cláudia Gomes;2025-12-06;2026-04-05;2026-04-02;4;4;60.21;0.0;60.21;0.0;Recebido;0;Cartão de Crédito;Loja Física;CC-COMERCIAL;2025-12;VEN0319;Recebimento realizado dentro do prazo.
CR00506;VEN0323;CLI053;Bianca Lima;2025-12-06;2026-04-05;2026-04-05;4;6;134.73;0.0;134.73;0.0;Recebido;0;Cartão de Crédito;E-commerce;CC-COMERCIAL;2025-12;VEN0323;Recebimento realizado dentro do prazo.
CR00721;VEN0450;CLI043;Natália Almeida;2026-01-05;2026-04-05;2026-04-02;3;3;299.4;0.0;299.4;0.0;Recebido;0;Boleto;Loja Física;CC-COMERCIAL;2026-01;VEN0450;Recebimento realizado dentro do prazo.
CR00817;VEN0511;CLI073;Cláudia Gomes;2026-02-04;2026-04-05;2026-04-02;2;6;80.32;0.0;80.32;0.0;Recebido;0;PIX;Loja Física;CC-COMERCIAL;2026-02;VEN0511;Recebimento realizado dentro do prazo.
CR00907;VEN0565;CLI002;Helena Souza;2026-03-06;2026-04-05;2026-04-05;1;2;373.62;0.0;373.62;0.0;Recebido;0;Boleto;Loja Física;CC-COMERCIAL;2026-03;VEN0565;Recebimento realizado dentro do prazo.
CR00909;VEN0566;CLI114;Fábio Ribeiro;2026-03-06;2026-04-05;2026-04-04;1;1;434.13;0.0;434.13;0.0;Recebido;0;Cartão de Débito;E-commerce;CC-COMERCIAL;2026-03;VEN0566;Recebimento realizado dentro do prazo.
CR00724;VEN0451;CLI060;Gustavo Almeida;2026-01-06;2026-04-06;2026-04-05;3;6;79.92;0.0;79.92;0.0;Recebido;0;Cartão de Débito;E-commerce;CC-COMERCIAL;2026-01;VEN0451;Recebimento realizado dentro do prazo.
CR00824;VEN0514;CLI042;Gustavo Costa;2026-02-05;2026-04-06;2026-04-04;2;4;63.03;0.0;63.03;0.0;Recebido;0;Cartão de Débito;E-commerce;CC-COMERCIAL;2026-02;VEN0514;Recebimento realizado dentro do prazo.
CR00828;VEN0515;CLI083;Camila Lima;2026-02-05;2026-04-06;2026-04-05;2;2;88.54;0.0;88.54;0.0;Recebido;0;Cartão de Crédito;E-commerce;CC-COMERCIAL;2026-02;VEN0515;Recebimento realizado dentro do prazo.
CR00910;VEN0568;CLI008;Beatriz Santos;2026-03-07;2026-04-06;2026-04-04;1;3;108.31;0.0;108.31;0.0;Recebido;0;Cartão de Débito;E-commerce;CC-COMERCIAL;2026-03;VEN0568;Recebimento realizado dentro do prazo.
CR00230;VEN0141;CLI060;Gustavo Almeida;2025-10-09;2026-04-07;2026-04-05;6;6;49.71;0.0;49.71;0.0;Recebido;0;Cartão de Crédito;Loja Física;CC-COMERCIAL;2025-10;VEN0141;Recebimento realizado dentro do prazo.
CR00347;VEN0227;CLI002;Helena Souza;2025-11-08;2026-04-07;2026-04-05;5;6;77.15;0.0;77.15;0.0;Recebido;0;PIX;E-commerce;CC-COMERCIAL;2025-11;VEN0227;Recebimento realizado dentro do prazo.
CR00354;VEN0229;CLI086;Rafael Santos;2025-11-08;2026-04-07;2026-04-04;5;6;66.61;0.0;66.61;0.0;Recebido;0;Cartão de Crédito;Loja Física;CC-COMERCIAL;2025-11;VEN0229;Recebimento realizado dentro do prazo.
CR00913;VEN0571;CLI053;Bianca Lima;2026-03-08;2026-04-07;2026-04-05;1;3;84.04;0.0;84.04;0.0;Recebido;0;Cartão de Débito;WhatsApp;CC-COMERCIAL;2026-03;VEN0571;Recebimento realizado dentro do prazo.
CR00363;VEN0232;CLI020;Diego Almeida;2025-11-09;2026-04-08;2026-04-08;5;6;87.98;0.0;87.98;0.0;Recebido;0;Cartão de Débito;Loja Física;CC-COMERCIAL;2025-11;VEN0232;Recebimento realizado dentro do prazo.
CR00519;VEN0336;CLI010;Daniel Silva;2025-12-09;2026-04-08;2026-04-05;4;6;68.84;0.0;68.84;0.0;Recebido;0;Boleto;E-commerce;CC-COMERCIAL;2025-12;VEN0336;Recebimento realizado dentro do prazo.
CR00734;VEN0459;CLI043;Natália Almeida;2026-01-08;2026-04-08;2026-04-05;3;3;198.94;0.0;198.94;0.0;Recebido;0;Cartão de Débito;E-commerce;CC-COMERCIAL;2026-01;VEN0459;Recebimento realizado dentro do prazo.
CR00737;VEN0460;CLI034;Fernanda Santos;2026-01-08;2026-04-08;2026-04-05;3;3;53.39;0.0;53.39;0.0;Recebido;0;Boleto;Loja Física;CC-COMERCIAL;2026-01;VEN0460;Recebimento realizado dentro do prazo.
CR00916;VEN0573;CLI043;Natália Almeida;2026-03-09;2026-04-08;2026-04-06;1;1;308.83;0.0;308.83;0.0;Recebido;0;Cartão de Crédito;E-commerce;CC-COMERCIAL;2026-03;VEN0573;Recebimento realizado dentro do prazo.
CR00917;VEN0574;CLI060;Gustavo Almeida;2026-03-09;2026-04-08;2026-04-07;1;2;119.89;0.0;119.89;0.0;Recebido;0;Boleto;Loja Física;CC-COMERCIAL;2026-03;VEN0574;Recebimento realizado dentro do prazo.
CR00525;VEN0337;CLI078;Ricardo Almeida;2025-12-10;2026-04-09;2026-04-09;4;6;76.3;0.0;76.3;0.0;Recebido;0;Boleto;WhatsApp;CC-COMERCIAL;2025-12;VEN0337;Recebimento realizado dentro do prazo.
CR00743;VEN0464;CLI112;Lucas Oliveira;2026-01-09;2026-04-09;2026-04-06;3;4;92.36;0.0;92.36;0.0;Recebido;0;Cartão de Crédito;Loja Física;CC-COMERCIAL;2026-01;VEN0464;Recebimento realizado dentro do prazo.
CR00831;VEN0518;CLI044;Igor Souza;2026-02-08;2026-04-09;2026-04-09;2;2;164.97;0.0;164.97;0.0;Recebido;0;PIX;Loja Física;CC-COMERCIAL;2026-02;VEN0518;Recebimento realizado dentro do prazo.
CR00919;VEN0575;CLI042;Gustavo Costa;2026-03-10;2026-04-09;2026-04-14;1;1;403.68;6.56;410.24;0.0;Recebido com atraso;5;PIX;Loja Física;CC-COMERCIAL;2026-03;VEN0575;Recebimento realizado após o vencimento.
CR00373;VEN0238;CLI016;Aline Santos;2025-11-11;2026-04-10;2026-04-09;5;6;44.17;0.0;44.17;0.0;Recebido;0;Cartão de Débito;Loja Física;CC-COMERCIAL;2025-11;VEN0238;Recebimento realizado dentro do prazo.
CR00749;VEN0468;CLI081;Leonardo Costa;2026-01-10;2026-04-10;2026-04-07;3;3;203.8;0.0;203.8;0.0;Recebido;0;Cartão de Débito;E-commerce;CC-COMERCIAL;2026-01;VEN0468;Recebimento realizado dentro do prazo.
CR00752;VEN0469;CLI114;Fábio Ribeiro;2026-01-10;2026-04-10;2026-04-10;3;4;36.18;0.0;36.18;0.0;Recebido;0;Cartão de Crédito;Loja Física;CC-COMERCIAL;2026-01;VEN0469;Recebimento realizado dentro do prazo.
CR00756;VEN0470;CLI015;Patricia Silva;2026-01-10;2026-04-10;2026-04-10;3;6;79.77;0.0;79.77;0.0;Recebido;0;Cartão de Débito;Loja Física;CC-COMERCIAL;2026-01;VEN0470;Recebimento realizado dentro do prazo.
CR00834;VEN0520;CLI112;Lucas Oliveira;2026-02-09;2026-04-10;2026-04-07;2;3;45.93;0.0;45.93;0.0;Recebido;0;Cartão de Crédito;Loja Física;CC-COMERCIAL;2026-02;VEN0520;Recebimento realizado dentro do prazo.
CR00920;VEN0576;CLI116;Caio Silva;2026-03-11;2026-04-10;2026-04-08;1;4;96.56;0.0;96.56;0.0;Recebido;0;Boleto;Loja Física;CC-COMERCIAL;2026-03;VEN0576;Recebimento realizado dentro do prazo.
CR00924;VEN0577;CLI114;Fábio Ribeiro;2026-03-11;2026-04-10;2026-04-08;1;2;87.94;0.0;87.94;0.0;Recebido;0;Cartão de Débito;E-commerce;CC-COMERCIAL;2026-03;VEN0577;Recebimento realizado dentro do prazo.
CR00926;VEN0578;CLI018;Fernanda Gomes;2026-03-11;2026-04-10;2026-04-10;1;4;92.27;0.0;92.27;0.0;Recebido;0;Boleto;Loja Física;CC-COMERCIAL;2026-03;VEN0578;Recebimento realizado dentro do prazo.
CR00534;VEN0343;CLI072;Fábio Lima;2025-12-12;2026-04-11;2026-04-11;4;6;61.34;0.0;61.34;0.0;Recebido;0;Cartão de Crédito;Loja Física;CC-COMERCIAL;2025-12;VEN0343;Recebimento realizado dentro do prazo.
CR00764;VEN0474;CLI037;Eduardo Silva;2026-01-11;2026-04-11;2026-04-10;3;4;79.77;0.0;79.77;0.0;Recebido;0;PIX;E-commerce;CC-COMERCIAL;2026-01;VEN0474;Recebimento realizado dentro do prazo.
CR00930;VEN0579;CLI010;Daniel Silva;2026-03-12;2026-04-11;2026-04-08;1;1;1153.83;0.0;1153.83;0.0;Recebido;0;PIX;E-commerce;CC-COMERCIAL;2026-03;VEN0579;Recebimento realizado dentro do prazo.
CR00931;VEN0581;CLI050;Lucas Lima;2026-03-12;2026-04-11;2026-04-11;1;1;145.08;0.0;145.08;0.0;Recebido;0;Cartão de Débito;E-commerce;CC-COMERCIAL;2026-03;VEN0581;Recebimento realizado dentro do prazo.
CR00932;VEN0582;CLI052;Gustavo Costa;2026-03-12;2026-04-11;2026-04-10;1;1;304.13;0.0;304.13;0.0;Recebido;0;Boleto;Loja Física;CC-COMERCIAL;2026-03;VEN0582;Recebimento realizado dentro do prazo.
CR00543;VEN0347;CLI089;Larissa Souza;2025-12-13;2026-04-12;2026-04-15;4;4;78.5;1.24;79.74;0.0;Recebido com atraso;3;Cartão de Débito;Loja Física;CC-COMERCIAL;2025-12;VEN0347;Recebimento realizado após o vencimento.
CR00768;VEN0475;CLI112;Lucas Oliveira;2026-01-12;2026-04-12;2026-04-11;3;4;80.44;0.0;80.44;0.0;Recebido;0;PIX;WhatsApp;CC-COMERCIAL;2026-01;VEN0475;Recebimento realizado dentro do prazo.
CR00772;VEN0477;CLI104;Helena Ribeiro;2026-01-12;2026-04-12;2026-04-10;3;3;125.58;0.0;125.58;0.0;Recebido;0;Cartão de Crédito;Loja Física;CC-COMERCIAL;2026-01;VEN0477;Recebimento realizado dentro do prazo.
CR00933;VEN0584;CLI073;Cláudia Gomes;2026-03-13;2026-04-12;2026-04-11;1;3;128.75;0.0;128.75;0.0;Recebido;0;Cartão de Crédito;WhatsApp;CC-COMERCIAL;2026-03;VEN0584;Recebimento realizado dentro do prazo.
CR00936;VEN0585;CLI114;Fábio Ribeiro;2026-03-13;2026-04-12;2026-04-09;1;1;467.68;0.0;467.68;0.0;Recebido;0;Cartão de Crédito;E-commerce;CC-COMERCIAL;2026-03;VEN0585;Recebimento realizado dentro do prazo.
CR00937;VEN0586;CLI044;Igor Souza;2026-03-13;2026-04-12;2026-04-12;1;1;479.54;0.0;479.54;0.0;Recebido;0;Cartão de Crédito;Loja Física;CC-COMERCIAL;2026-03;VEN0586;Recebimento realizado dentro do prazo.
CR00386;VEN0246;CLI013;Aline Ribeiro;2025-11-14;2026-04-13;2026-04-11;5;6;20.55;0.0;20.55;0.0;Recebido;0;PIX;Loja Física;CC-COMERCIAL;2025-11;VEN0246;Recebimento realizado dentro do prazo.
CR00553;VEN0354;CLI060;Gustavo Almeida;2025-12-14;2026-04-13;2026-04-12;4;4;33.75;0.0;33.75;0.0;Recebido;0;PIX;E-commerce;CC-COMERCIAL;2025-12;VEN0354;Recebimento realizado dentro do prazo.
CR00561;VEN0358;CLI116;Caio Silva;2025-12-14;2026-04-13;2026-04-10;4;6;31.52;0.0;31.52;0.0;Recebido;0;PIX;Loja Física;CC-COMERCIAL;2025-12;VEN0358;Recebimento realizado dentro do prazo.
CR00938;VEN0589;CLI073;Cláudia Gomes;2026-03-14;2026-04-13;2026-04-10;1;1;159.53;0.0;159.53;0.0;Recebido;0;Cartão de Débito;Loja Física;CC-COMERCIAL;2026-03;VEN0589;Recebimento realizado dentro do prazo.
CR00939;VEN0590;CLI060;Gustavo Almeida;2026-03-14;2026-04-13;2026-04-11;1;4;58.02;0.0;58.02;0.0;Recebido;0;Boleto;Loja Física;CC-COMERCIAL;2026-03;VEN0590;Recebimento realizado dentro do prazo.
CR00775;VEN0478;CLI030;Renata Ribeiro;2026-01-14;2026-04-14;2026-04-12;3;3;155.28;0.0;155.28;0.0;Recebido;0;Cartão de Crédito;Loja Física;CC-COMERCIAL;2026-01;VEN0478;Recebimento realizado dentro do prazo.
CR00943;VEN0591;CLI073;Cláudia Gomes;2026-03-15;2026-04-14;2026-04-14;1;3;257.17;0.0;257.17;0.0;Recebido;0;Boleto;E-commerce;CC-COMERCIAL;2026-03;VEN0591;Recebimento realizado dentro do prazo.
CR00571;VEN0362;CLI044;Igor Souza;2025-12-16;2026-04-15;2026-04-28;4;4;57.34;1.05;58.39;0.0;Recebido com atraso;13;Cartão de Débito;WhatsApp;CC-COMERCIAL;2025-12;VEN0362;Recebimento realizado após o vencimento.
CR00838;VEN0526;CLI046;Diego Silva;2026-02-14;2026-04-15;2026-04-29;2;4;184.72;3.42;188.14;0.0;Recebido com atraso;14;PIX;E-commerce;CC-COMERCIAL;2026-02;VEN0526;Recebimento realizado após o vencimento.
CR00946;VEN0592;CLI055;Fernanda Almeida;2026-03-16;2026-04-15;2026-04-12;1;2;72.36;0.0;72.36;0.0;Recebido;0;Boleto;Loja Física;CC-COMERCIAL;2026-03;VEN0592;Recebimento realizado dentro do prazo.
CR00842;VEN0527;CLI073;Cláudia Gomes;2026-02-15;2026-04-16;2026-04-13;2;3;192.95;0.0;192.95;0.0;Recebido;0;Cartão de Débito;Loja Física;CC-COMERCIAL;2026-02;VEN0527;Recebimento realizado dentro do prazo.
CR00948;VEN0593;CLI108;Cláudia Oliveira;2026-03-17;2026-04-16;;1;1;374.42;0.0;0.0;374.42;Em atraso;106;Cartão de Débito;Loja Física;CC-COMERCIAL;2026-03;VEN0593;Título pendente de recebimento.
CR00949;VEN0594;CLI049;Vanessa Souza;2026-03-17;2026-04-16;2026-04-30;1;2;28.63;0.53;29.16;0.0;Recebido com atraso;14;Cartão de Débito;Loja Física;CC-COMERCIAL;2026-03;VEN0594;Recebimento realizado após o vencimento.
CR00404;VEN0261;CLI043;Natália Almeida;2025-11-18;2026-04-17;2026-04-14;5;6;54.51;0.0;54.51;0.0;Recebido;0;Boleto;Loja Física;CC-COMERCIAL;2025-11;VEN0261;Recebimento realizado dentro do prazo.
CR00410;VEN0262;CLI064;Caio Silva;2025-11-18;2026-04-17;2026-04-14;5;6;41.18;0.0;41.18;0.0;Recebido;0;Cartão de Crédito;E-commerce;CC-COMERCIAL;2025-11;VEN0262;Recebimento realizado dentro do prazo.
CR00579;VEN0366;CLI074;Camila Silva;2025-12-18;2026-04-17;2026-04-14;4;6;49.25;0.0;49.25;0.0;Recebido;0;Boleto;WhatsApp;CC-COMERCIAL;2025-12;VEN0366;Recebimento realizado dentro do prazo.
CR00585;VEN0369;CLI017;Rafael Gomes;2025-12-18;2026-04-17;2026-04-17;4;4;76.41;0.0;76.41;0.0;Recebido;0;Cartão de Crédito;Loja Física;CC-COMERCIAL;2025-12;VEN0369;Recebimento realizado dentro do prazo.
CR00589;VEN0370;CLI119;Natália Gomes;2025-12-18;2026-04-17;2026-04-17;4;6;15.22;0.0;15.22;0.0;Recebido;0;PIX;Loja Física;CC-COMERCIAL;2025-12;VEN0370;Recebimento realizado dentro do prazo.
CR00951;VEN0595;CLI083;Camila Lima;2026-03-18;2026-04-17;2026-04-14;1;2;72.36;0.0;72.36;0.0;Recebido;0;Boleto;E-commerce;CC-COMERCIAL;2026-03;VEN0595;Recebimento realizado dentro do prazo.
CR00953;VEN0596;CLI060;Gustavo Almeida;2026-03-18;2026-04-17;2026-05-04;1;6;65.89;1.27;67.16;0.0;Recebido com atraso;17;PIX;Loja Física;CC-COMERCIAL;2026-03;VEN0596;Recebimento realizado após o vencimento.
CR00959;VEN0597;CLI088;Larissa Ribeiro;2026-03-18;2026-04-17;2026-04-14;1;3;99.47;0.0;99.47;0.0;Recebido;0;PIX;E-commerce;CC-COMERCIAL;2026-03;VEN0597;Recebimento realizado dentro do prazo.
CR00596;VEN0375;CLI049;Vanessa Souza;2025-12-19;2026-04-18;2026-04-16;4;6;31.21;0.0;31.21;0.0;Recebido;0;PIX;Loja Física;CC-COMERCIAL;2025-12;VEN0375;Recebimento realizado dentro do prazo.
CR00962;VEN0599;CLI063;Beatriz Ribeiro;2026-03-19;2026-04-18;2026-04-16;1;3;102.89;0.0;102.89;0.0;Recebido;0;Boleto;E-commerce;CC-COMERCIAL;2026-03;VEN0599;Recebimento realizado dentro do prazo.
CR00604;VEN0378;CLI006;Thiago Ribeiro;2025-12-20;2026-04-19;2026-04-18;4;6;41.72;0.0;41.72;0.0;Recebido;0;Boleto;WhatsApp;CC-COMERCIAL;2025-12;VEN0378;Recebimento realizado dentro do prazo.
CR00781;VEN0485;CLI066;Amanda Silva;2026-01-19;2026-04-19;2026-04-19;3;4;36.18;0.0;36.18;0.0;Recebido;0;Boleto;E-commerce;CC-COMERCIAL;2026-01;VEN0485;Recebimento realizado dentro do prazo.
CR00965;VEN0601;CLI101;Amanda Costa;2026-03-20;2026-04-19;2026-04-16;1;1;188.38;0.0;188.38;0.0;Recebido;0;Cartão de Crédito;E-commerce;CC-COMERCIAL;2026-03;VEN0601;Recebimento realizado dentro do prazo.
CR00966;VEN0602;CLI101;Amanda Costa;2026-03-20;2026-04-19;2026-04-18;1;4;128.59;0.0;128.59;0.0;Recebido;0;Boleto;E-commerce;CC-COMERCIAL;2026-03;VEN0602;Recebimento realizado dentro do prazo.
CR00970;VEN0603;CLI025;Thiago Lima;2026-03-20;2026-04-19;2026-04-19;1;1;289.42;0.0;289.42;0.0;Recebido;0;Cartão de Débito;WhatsApp;CC-COMERCIAL;2026-03;VEN0603;Recebimento realizado dentro do prazo.
CR00422;VEN0270;CLI044;Igor Souza;2025-11-21;2026-04-20;2026-04-18;5;6;39.26;0.0;39.26;0.0;Recebido;0;PIX;Loja Física;CC-COMERCIAL;2025-11;VEN0270;Recebimento realizado dentro do prazo.
CR00613;VEN0383;CLI052;Gustavo Costa;2025-12-21;2026-04-20;2026-04-17;4;4;275.21;0.0;275.21;0.0;Recebido;0;Cartão de Crédito;Loja Física;CC-COMERCIAL;2025-12;VEN0383;Recebimento realizado dentro do prazo.
CR00618;VEN0386;CLI046;Diego Silva;2025-12-21;2026-04-20;2026-04-17;4;4;63.38;0.0;63.38;0.0;Recebido;0;Boleto;Loja Física;CC-COMERCIAL;2025-12;VEN0386;Recebimento realizado dentro do prazo.
CR00848;VEN0534;CLI060;Gustavo Almeida;2026-02-19;2026-04-20;2026-04-17;2;4;57.06;0.0;57.06;0.0;Recebido;0;Cartão de Débito;Loja Física;CC-COMERCIAL;2026-02;VEN0534;Recebimento realizado dentro do prazo.
CR00852;VEN0535;CLI087;Thiago Lima;2026-02-19;2026-04-20;2026-04-20;2;6;36.5;0.0;36.5;0.0;Recebido;0;Cartão de Crédito;E-commerce;CC-COMERCIAL;2026-02;VEN0535;Recebimento realizado dentro do prazo.
CR00858;VEN0536;CLI056;Larissa Lima;2026-02-19;2026-04-20;2026-04-19;2;6;53.62;0.0;53.62;0.0;Recebido;0;PIX;Loja Física;CC-COMERCIAL;2026-02;VEN0536;Recebimento realizado dentro do prazo.
CR00971;VEN0604;CLI049;Vanessa Souza;2026-03-21;2026-04-20;2026-04-20;1;2;232.93;0.0;232.93;0.0;Recebido;0;Cartão de Crédito;E-commerce;CC-COMERCIAL;2026-03;VEN0604;Recebimento realizado dentro do prazo.
CR00268;VEN0177;CLI049;Vanessa Souza;2025-10-23;2026-04-21;2026-04-18;6;6;187.21;0.0;187.21;0.0;Recebido;0;Cartão de Crédito;WhatsApp;CC-COMERCIAL;2025-10;VEN0177;Recebimento realizado dentro do prazo.
CR00437;VEN0277;CLI042;Gustavo Costa;2025-11-22;2026-04-21;2026-04-18;5;6;88.34;0.0;88.34;0.0;Recebido;0;Cartão de Crédito;E-commerce;CC-COMERCIAL;2025-11;VEN0277;Recebimento realizado dentro do prazo.
CR00785;VEN0489;CLI074;Camila Silva;2026-01-21;2026-04-21;2026-04-18;3;3;128.76;0.0;128.76;0.0;Recebido;0;Cartão de Crédito;E-commerce;CC-COMERCIAL;2026-01;VEN0489;Recebimento realizado dentro do prazo.
CR00973;VEN0605;CLI006;Thiago Ribeiro;2026-03-22;2026-04-21;2026-04-19;1;6;82.89;0.0;82.89;0.0;Recebido;0;Boleto;E-commerce;CC-COMERCIAL;2026-03;VEN0605;Recebimento realizado dentro do prazo.
CR00979;VEN0606;CLI013;Aline Ribeiro;2026-03-22;2026-04-21;2026-04-21;1;3;24.93;0.0;24.93;0.0;Recebido;0;PIX;Loja Física;CC-COMERCIAL;2026-03;VEN0606;Recebimento realizado dentro do prazo.
CR00630;VEN0395;CLI095;Helena Costa;2025-12-23;2026-04-22;;4;6;87.98;0.0;0.0;87.98;Em atraso;100;Cartão de Débito;Loja Física;CC-COMERCIAL;2025-12;VEN0395;Título pendente de recebimento.
CR00637;VEN0397;CLI116;Caio Silva;2025-12-23;2026-04-22;2026-04-19;4;6;139.76;0.0;139.76;0.0;Recebido;0;Boleto;Loja Física;CC-COMERCIAL;2025-12;VEN0397;Recebimento realizado dentro do prazo.
CR00982;VEN0608;CLI042;Gustavo Costa;2026-03-23;2026-04-22;2026-05-07;1;1;666.15;12.49;678.64;0.0;Recebido com atraso;15;PIX;Loja Física;CC-COMERCIAL;2026-03;VEN0608;Recebimento realizado após o vencimento.
CR00983;VEN0609;CLI043;Natália Almeida;2026-03-23;2026-04-22;2026-04-20;1;1;175.88;0.0;175.88;0.0;Recebido;0;PIX;Loja Física;CC-COMERCIAL;2026-03;VEN0609;Recebimento realizado dentro do prazo.
CR00984;VEN0610;CLI073;Cláudia Gomes;2026-03-23;2026-04-22;2026-04-22;1;1;898.18;0.0;898.18;0.0;Recebido;0;PIX;E-commerce;CC-COMERCIAL;2026-03;VEN0610;Recebimento realizado dentro do prazo.
CR00864;VEN0537;CLI067;Renata Oliveira;2026-02-22;2026-04-23;2026-05-06;2;3;214.52;3.91;218.43;0.0;Recebido com atraso;13;PIX;Loja Física;CC-COMERCIAL;2026-02;VEN0537;Recebimento realizado após o vencimento.
CR00985;VEN0614;CLI109;Bianca Almeida;2026-03-24;2026-04-23;2026-04-21;1;2;553.63;0.0;553.63;0.0;Recebido;0;Cartão de Crédito;E-commerce;CC-COMERCIAL;2026-03;VEN0614;Recebimento realizado dentro do prazo.
CR00647;VEN0406;CLI060;Gustavo Almeida;2025-12-25;2026-04-24;2026-04-24;4;6;17.07;0.0;17.07;0.0;Recebido;0;Boleto;E-commerce;CC-COMERCIAL;2025-12;VEN0406;Recebimento realizado dentro do prazo.
CR00789;VEN0492;CLI042;Gustavo Costa;2026-01-24;2026-04-24;2026-04-23;3;6;104.79;0.0;104.79;0.0;Recebido;0;Boleto;Loja Física;CC-COMERCIAL;2026-01;VEN0492;Recebimento realizado dentro do prazo.
CR00285;VEN0193;CLI114;Fábio Ribeiro;2025-10-27;2026-04-25;2026-04-25;6;6;46.3;0.0;46.3;0.0;Recebido;0;PIX;E-commerce;CC-COMERCIAL;2025-10;VEN0193;Recebimento realizado dentro do prazo.
CR00795;VEN0494;CLI114;Fábio Ribeiro;2026-01-25;2026-04-25;2026-04-22;3;4;112.27;0.0;112.27;0.0;Recebido;0;PIX;WhatsApp;CC-COMERCIAL;2026-01;VEN0494;Recebimento realizado dentro do prazo.
CR00987;VEN0616;CLI053;Bianca Lima;2026-03-26;2026-04-25;2026-04-22;1;1;158.79;0.0;158.79;0.0;Recebido;0;Cartão de Débito;E-commerce;CC-COMERCIAL;2026-03;VEN0616;Recebimento realizado dentro do prazo.
CR00661;VEN0415;CLI098;Sofia Ribeiro;2025-12-27;2026-04-26;2026-04-25;4;6;56.16;0.0;56.16;0.0;Recebido;0;PIX;Loja Física;CC-COMERCIAL;2025-12;VEN0415;Recebimento realizado dentro do prazo.
CR00799;VEN0497;CLI010;Daniel Silva;2026-01-26;2026-04-26;2026-04-24;3;3;92.68;0.0;92.68;0.0;Recebido;0;Cartão de Crédito;Loja Física;CC-COMERCIAL;2026-01;VEN0497;Recebimento realizado dentro do prazo.
CR00870;VEN0545;CLI081;Leonardo Costa;2026-02-25;2026-04-26;;2;4;70.25;0.0;0.0;70.25;Em atraso;96;Cartão de Crédito;Loja Física;CC-COMERCIAL;2026-02;VEN0545;Título pendente de recebimento.
CR00672;VEN0423;CLI042;Gustavo Costa;2025-12-28;2026-04-27;2026-04-24;4;6;36.43;0.0;36.43;0.0;Recebido;0;Boleto;E-commerce;CC-COMERCIAL;2025-12;VEN0423;Recebimento realizado dentro do prazo.
CR00679;VEN0425;CLI074;Camila Silva;2025-12-28;2026-04-27;2026-04-25;4;6;57.94;0.0;57.94;0.0;Recebido;0;Boleto;E-commerce;CC-COMERCIAL;2025-12;VEN0425;Recebimento realizado dentro do prazo.
CR00685;VEN0426;CLI081;Leonardo Costa;2025-12-28;2026-04-27;2026-05-17;4;4;325.29;6.51;331.8;0.0;Recebido com atraso;20;Boleto;Loja Física;CC-COMERCIAL;2025-12;VEN0426;Recebimento realizado após o vencimento.
CR00876;VEN0548;CLI094;Larissa Almeida;2026-02-26;2026-04-27;2026-04-27;2;4;36.72;0.0;36.72;0.0;Recebido;0;PIX;E-commerce;CC-COMERCIAL;2026-02;VEN0548;Recebimento realizado dentro do prazo.
CR00988;VEN0617;CLI071;Amanda Costa;2026-03-28;2026-04-27;2026-04-24;1;2;532.41;0.0;532.41;0.0;Recebido;0;PIX;Loja Física;CC-COMERCIAL;2026-03;VEN0617;Recebimento realizado dentro do prazo.
CR00880;VEN0550;CLI112;Lucas Oliveira;2026-02-27;2026-04-28;2026-04-25;2;3;80.48;0.0;80.48;0.0;Recebido;0;Boleto;Loja Física;CC-COMERCIAL;2026-02;VEN0550;Recebimento realizado dentro do prazo.
CR00697;VEN0432;CLI114;Fábio Ribeiro;2025-12-30;2026-04-29;2026-04-26;4;6;45.02;0.0;45.02;0.0;Recebido;0;Cartão de Crédito;E-commerce;CC-COMERCIAL;2025-12;VEN0432;Recebimento realizado dentro do prazo.
CR00990;VEN0618;CLI049;Vanessa Souza;2026-03-30;2026-04-29;2026-04-27;1;2;232.93;0.0;232.93;0.0;Recebido;0;Boleto;Loja Física;CC-COMERCIAL;2026-03;VEN0618;Recebimento realizado dentro do prazo.
CR00707;VEN0437;CLI060;Gustavo Almeida;2025-12-31;2026-04-30;2026-04-30;4;4;95.44;0.0;95.44;0.0;Recebido;0;Cartão de Débito;Loja Física;CC-COMERCIAL;2025-12;VEN0437;Recebimento realizado dentro do prazo.
CR00992;VEN0620;CLI079;Cláudia Silva;2026-03-31;2026-04-30;2026-04-30;1;2;145.05;0.0;145.05;0.0;Recebido;0;Boleto;Loja Física;CC-COMERCIAL;2026-03;VEN0620;Recebimento realizado dentro do prazo.
CR00994;VEN0622;CLI006;Thiago Ribeiro;2026-03-31;2026-04-30;2026-04-27;1;2;200.42;0.0;200.42;0.0;Recebido;0;Cartão de Débito;Loja Física;CC-COMERCIAL;2026-03;VEN0622;Recebimento realizado dentro do prazo.
CR00313;VEN0208;CLI056;Larissa Lima;2025-11-02;2026-05-01;2026-04-30;6;6;53.93;0.0;53.93;0.0;Recebido;0;PIX;WhatsApp;CC-COMERCIAL;2025-11;VEN0208;Recebimento realizado dentro do prazo.
CR00476;VEN0307;CLI042;Gustavo Costa;2025-12-02;2026-05-01;2026-04-28;5;6;22.6;0.0;22.6;0.0;Recebido;0;Cartão de Crédito;Loja Física;CC-COMERCIAL;2025-12;VEN0307;Recebimento realizado dentro do prazo.
CR00713;VEN0443;CLI013;Aline Ribeiro;2026-01-01;2026-05-01;2026-04-30;4;6;29.83;0.0;29.83;0.0;Recebido;0;Cartão de Débito;E-commerce;CC-COMERCIAL;2026-01;VEN0443;Recebimento realizado dentro do prazo.
CR00996;VEN0625;CLI006;Thiago Ribeiro;2026-04-01;2026-05-01;2026-04-28;1;4;32.6;0.0;32.6;0.0;Recebido;0;Cartão de Débito;Loja Física;CC-COMERCIAL;2026-04;VEN0625;Recebimento realizado dentro do prazo.
CR01000;VEN0626;CLI060;Gustavo Almeida;2026-04-01;2026-05-01;2026-05-01;1;1;244.31;0.0;244.31;0.0;Recebido;0;Boleto;Loja Física;CC-COMERCIAL;2026-04;VEN0626;Recebimento realizado dentro do prazo.
CR00809;VEN0506;CLI024;Beatriz Souza;2026-02-01;2026-05-02;2026-04-30;3;6;111.02;0.0;111.02;0.0;Recebido;0;Cartão de Débito;Loja Física;CC-COMERCIAL;2026-02;VEN0506;Recebimento realizado dentro do prazo.
CR00884;VEN0556;CLI061;Camila Almeida;2026-03-03;2026-05-02;2026-04-29;2;2;36.25;0.0;36.25;0.0;Recebido;0;Cartão de Débito;E-commerce;CC-COMERCIAL;2026-03;VEN0556;Recebimento realizado dentro do prazo.
CR00887;VEN0558;CLI024;Beatriz Souza;2026-03-03;2026-05-02;2026-05-05;2;3;40.17;0.63;40.8;0.0;Recebido com atraso;3;PIX;Loja Física;CC-COMERCIAL;2026-03;VEN0558;Recebimento realizado após o vencimento.
CR01001;VEN0627;CLI051;Vanessa Costa;2026-04-02;2026-05-02;2026-05-02;1;1;76.32;0.0;76.32;0.0;Recebido;0;Boleto;Loja Física;CC-COMERCIAL;2026-04;VEN0627;Recebimento realizado dentro do prazo.
CR01002;VEN0628;CLI078;Ricardo Almeida;2026-04-02;2026-05-02;2026-05-01;1;2;252.12;0.0;252.12;0.0;Recebido;0;PIX;Loja Física;CC-COMERCIAL;2026-04;VEN0628;Recebimento realizado dentro do prazo.
CR00891;VEN0560;CLI053;Bianca Lima;2026-03-04;2026-05-03;;2;3;36.14;0.0;0.0;36.14;Em atraso;89;PIX;Loja Física;CC-COMERCIAL;2026-03;VEN0560;Título pendente de recebimento.
CR01004;VEN0631;CLI074;Camila Silva;2026-04-03;2026-05-03;2026-05-21;1;1;102.21;1.99;104.2;0.0;Recebido com atraso;18;PIX;Loja Física;CC-COMERCIAL;2026-04;VEN0631;Recebimento realizado após o vencimento.
CR00895;VEN0562;CLI114;Fábio Ribeiro;2026-03-05;2026-05-04;;2;6;38.97;0.0;0.0;38.97;Em atraso;88;Cartão de Débito;Loja Física;CC-COMERCIAL;2026-03;VEN0562;Título pendente de recebimento.
CR00901;VEN0563;CLI028;Natália Silva;2026-03-05;2026-05-04;2026-05-04;2;6;96.47;0.0;96.47;0.0;Recebido;0;Cartão de Débito;Loja Física;CC-COMERCIAL;2026-03;VEN0563;Recebimento realizado dentro do prazo.
CR00333;VEN0220;CLI081;Leonardo Costa;2025-11-06;2026-05-05;2026-05-02;6;6;26.96;0.0;26.96;0.0;Recebido;0;PIX;E-commerce;CC-COMERCIAL;2025-11;VEN0220;Recebimento realizado dentro do prazo.
CR00507;VEN0323;CLI053;Bianca Lima;2025-12-06;2026-05-05;2026-05-05;5;6;134.73;0.0;134.73;0.0;Recebido;0;Cartão de Crédito;E-commerce;CC-COMERCIAL;2025-12;VEN0323;Recebimento realizado dentro do prazo.
CR00818;VEN0511;CLI073;Cláudia Gomes;2026-02-04;2026-05-05;2026-05-02;3;6;80.32;0.0;80.32;0.0;Recebido;0;PIX;Loja Física;CC-COMERCIAL;2026-02;VEN0511;Recebimento realizado dentro do prazo.
CR00908;VEN0565;CLI002;Helena Souza;2026-03-06;2026-05-05;2026-05-02;2;2;373.62;0.0;373.62;0.0;Recebido;0;Boleto;Loja Física;CC-COMERCIAL;2026-03;VEN0565;Recebimento realizado dentro do prazo.
CR00725;VEN0451;CLI060;Gustavo Almeida;2026-01-06;2026-05-06;2026-05-04;4;6;79.92;0.0;79.92;0.0;Recebido;0;Cartão de Débito;E-commerce;CC-COMERCIAL;2026-01;VEN0451;Recebimento realizado dentro do prazo.
CR00825;VEN0514;CLI042;Gustavo Costa;2026-02-05;2026-05-06;2026-05-05;3;4;63.03;0.0;63.03;0.0;Recebido;0;Cartão de Débito;E-commerce;CC-COMERCIAL;2026-02;VEN0514;Recebimento realizado dentro do prazo.
CR00911;VEN0568;CLI008;Beatriz Santos;2026-03-07;2026-05-06;2026-05-04;2;3;108.31;0.0;108.31;0.0;Recebido;0;Cartão de Débito;E-commerce;CC-COMERCIAL;2026-03;VEN0568;Recebimento realizado dentro do prazo.
CR01005;VEN0636;CLI044;Igor Souza;2026-04-06;2026-05-06;2026-05-05;1;4;126.06;0.0;126.06;0.0;Recebido;0;PIX;Loja Física;CC-COMERCIAL;2026-04;VEN0636;Recebimento realizado dentro do prazo.
CR01009;VEN0637;CLI065;Carlos Silva;2026-04-06;2026-05-06;2026-05-05;1;6;26.81;0.0;26.81;0.0;Recebido;0;Cartão de Débito;Loja Física;CC-COMERCIAL;2026-04;VEN0637;Recebimento realizado dentro do prazo.
CR00348;VEN0227;CLI002;Helena Souza;2025-11-08;2026-05-07;2026-05-07;6;6;77.16;0.0;77.16;0.0;Recebido;0;PIX;E-commerce;CC-COMERCIAL;2025-11;VEN0227;Recebimento realizado dentro do prazo.
CR00355;VEN0229;CLI086;Rafael Santos;2025-11-08;2026-05-07;2026-05-21;6;6;66.64;1.23;67.87;0.0;Recebido com atraso;14;Cartão de Crédito;Loja Física;CC-COMERCIAL;2025-11;VEN0229;Recebimento realizado após o vencimento.
CR00914;VEN0571;CLI053;Bianca Lima;2026-03-08;2026-05-07;2026-05-06;2;3;84.04;0.0;84.04;0.0;Recebido;0;Cartão de Débito;WhatsApp;CC-COMERCIAL;2026-03;VEN0571;Recebimento realizado dentro do prazo.
CR01015;VEN0638;CLI074;Camila Silva;2026-04-07;2026-05-07;2026-05-07;1;1;481.91;0.0;481.91;0.0;Recebido;0;Cartão de Débito;E-commerce;CC-COMERCIAL;2026-04;VEN0638;Recebimento realizado dentro do prazo.
CR00364;VEN0232;CLI020;Diego Almeida;2025-11-09;2026-05-08;2026-05-05;6;6;88.01;0.0;88.01;0.0;Recebido;0;Cartão de Débito;Loja Física;CC-COMERCIAL;2025-11;VEN0232;Recebimento realizado dentro do prazo.
CR00520;VEN0336;CLI010;Daniel Silva;2025-12-09;2026-05-08;2026-05-05;5;6;68.84;0.0;68.84;0.0;Recebido;0;Boleto;E-commerce;CC-COMERCIAL;2025-12;VEN0336;Recebimento realizado dentro do prazo.
CR00918;VEN0574;CLI060;Gustavo Almeida;2026-03-09;2026-05-08;2026-05-07;2;2;119.88;0.0;119.88;0.0;Recebido;0;Boleto;Loja Física;CC-COMERCIAL;2026-03;VEN0574;Recebimento realizado dentro do prazo.
CR00526;VEN0337;CLI078;Ricardo Almeida;2025-12-10;2026-05-09;2026-05-09;5;6;76.3;0.0;76.3;0.0;Recebido;0;Boleto;WhatsApp;CC-COMERCIAL;2025-12;VEN0337;Recebimento realizado dentro do prazo.
CR00744;VEN0464;CLI112;Lucas Oliveira;2026-01-09;2026-05-09;2026-05-08;4;4;92.37;0.0;92.37;0.0;Recebido;0;Cartão de Crédito;Loja Física;CC-COMERCIAL;2026-01;VEN0464;Recebimento realizado dentro do prazo.
CR01016;VEN0642;CLI052;Gustavo Costa;2026-04-09;2026-05-09;2026-05-08;1;3;123.15;0.0;123.15;0.0;Recebido;0;Cartão de Débito;Loja Física;CC-COMERCIAL;2026-04;VEN0642;Recebimento realizado dentro do prazo.
CR00374;VEN0238;CLI016;Aline Santos;2025-11-11;2026-05-10;2026-05-10;6;6;44.17;0.0;44.17;0.0;Recebido;0;Cartão de Débito;Loja Física;CC-COMERCIAL;2025-11;VEN0238;Recebimento realizado dentro do prazo.
CR00753;VEN0469;CLI114;Fábio Ribeiro;2026-01-10;2026-05-10;2026-05-09;4;4;36.17;0.0;36.17;0.0;Recebido;0;Cartão de Crédito;Loja Física;CC-COMERCIAL;2026-01;VEN0469;Recebimento realizado dentro do prazo.
CR00757;VEN0470;CLI015;Patricia Silva;2026-01-10;2026-05-10;2026-05-09;4;6;79.77;0.0;79.77;0.0;Recebido;0;Cartão de Débito;Loja Física;CC-COMERCIAL;2026-01;VEN0470;Recebimento realizado dentro do prazo.
CR00835;VEN0520;CLI112;Lucas Oliveira;2026-02-09;2026-05-10;2026-05-10;3;3;45.94;0.0;45.94;0.0;Recebido;0;Cartão de Crédito;Loja Física;CC-COMERCIAL;2026-02;VEN0520;Recebimento realizado dentro do prazo.
CR00921;VEN0576;CLI116;Caio Silva;2026-03-11;2026-05-10;2026-05-09;2;4;96.56;0.0;96.56;0.0;Recebido;0;Boleto;Loja Física;CC-COMERCIAL;2026-03;VEN0576;Recebimento realizado dentro do prazo.
CR00925;VEN0577;CLI114;Fábio Ribeiro;2026-03-11;2026-05-10;2026-05-10;2;2;87.94;0.0;87.94;0.0;Recebido;0;Cartão de Débito;E-commerce;CC-COMERCIAL;2026-03;VEN0577;Recebimento realizado dentro do prazo.
CR00927;VEN0578;CLI018;Fernanda Gomes;2026-03-11;2026-05-10;2026-05-09;2;4;92.27;0.0;92.27;0.0;Recebido;0;Boleto;Loja Física;CC-COMERCIAL;2026-03;VEN0578;Recebimento realizado dentro do prazo.
CR01019;VEN0645;CLI081;Leonardo Costa;2026-04-10;2026-05-10;2026-05-09;1;2;72.36;0.0;72.36;0.0;Recebido;0;Cartão de Débito;E-commerce;CC-COMERCIAL;2026-04;VEN0645;Recebimento realizado dentro do prazo.
CR00535;VEN0343;CLI072;Fábio Lima;2025-12-12;2026-05-11;;5;6;61.34;0.0;0.0;61.34;Em atraso;81;Cartão de Crédito;Loja Física;CC-COMERCIAL;2025-12;VEN0343;Título pendente de recebimento.
CR00765;VEN0474;CLI037;Eduardo Silva;2026-01-11;2026-05-11;2026-05-10;4;4;79.75;0.0;79.75;0.0;Recebido;0;PIX;E-commerce;CC-COMERCIAL;2026-01;VEN0474;Recebimento realizado dentro do prazo.
CR01021;VEN0646;CLI043;Natália Almeida;2026-04-11;2026-05-11;2026-05-11;1;1;596.82;0.0;596.82;0.0;Recebido;0;Cartão de Débito;Loja Física;CC-COMERCIAL;2026-04;VEN0646;Recebimento realizado dentro do prazo.
CR01022;VEN0647;CLI101;Amanda Costa;2026-04-11;2026-05-11;2026-05-22;1;1;204.6;3.63;208.23;0.0;Recebido com atraso;11;Boleto;E-commerce;CC-COMERCIAL;2026-04;VEN0647;Recebimento realizado após o vencimento.
CR01023;VEN0648;CLI104;Helena Ribeiro;2026-04-11;2026-05-11;2026-05-09;1;4;54.76;0.0;54.76;0.0;Recebido;0;Cartão de Crédito;Loja Física;CC-COMERCIAL;2026-04;VEN0648;Recebimento realizado dentro do prazo.
CR01027;VEN0650;CLI015;Patricia Silva;2026-04-11;2026-05-11;2026-05-08;1;6;72.16;0.0;72.16;0.0;Recebido;0;Boleto;Loja Física;CC-COMERCIAL;2026-04;VEN0650;Recebimento realizado dentro do prazo.
CR01033;VEN0651;CLI053;Bianca Lima;2026-04-11;2026-05-11;2026-05-31;1;3;41.47;0.83;42.3;0.0;Recebido com atraso;20;Cartão de Crédito;E-commerce;CC-COMERCIAL;2026-04;VEN0651;Recebimento realizado após o vencimento.
CR00769;VEN0475;CLI112;Lucas Oliveira;2026-01-12;2026-05-12;2026-05-11;4;4;80.46;0.0;80.46;0.0;Recebido;0;PIX;WhatsApp;CC-COMERCIAL;2026-01;VEN0475;Recebimento realizado dentro do prazo.
CR00934;VEN0584;CLI073;Cláudia Gomes;2026-03-13;2026-05-12;2026-05-10;2;3;128.75;0.0;128.75;0.0;Recebido;0;Cartão de Crédito;WhatsApp;CC-COMERCIAL;2026-03;VEN0584;Recebimento realizado dentro do prazo.
CR01036;VEN0652;CLI073;Cláudia Gomes;2026-04-12;2026-05-12;2026-05-10;1;1;732.1;0.0;732.1;0.0;Recebido;0;Boleto;E-commerce;CC-COMERCIAL;2026-04;VEN0652;Recebimento realizado dentro do prazo.
CR00387;VEN0246;CLI013;Aline Ribeiro;2025-11-14;2026-05-13;2026-05-11;6;6;20.57;0.0;20.57;0.0;Recebido;0;PIX;Loja Física;CC-COMERCIAL;2025-11;VEN0246;Recebimento realizado dentro do prazo.
CR00562;VEN0358;CLI116;Caio Silva;2025-12-14;2026-05-13;2026-05-13;5;6;31.52;0.0;31.52;0.0;Recebido;0;PIX;Loja Física;CC-COMERCIAL;2025-12;VEN0358;Recebimento realizado dentro do prazo.
CR00940;VEN0590;CLI060;Gustavo Almeida;2026-03-14;2026-05-13;2026-05-10;2;4;58.02;0.0;58.02;0.0;Recebido;0;Boleto;Loja Física;CC-COMERCIAL;2026-03;VEN0590;Recebimento realizado dentro do prazo.
CR01037;VEN0654;CLI114;Fábio Ribeiro;2026-04-13;2026-05-13;2026-05-12;1;1;87.94;0.0;87.94;0.0;Recebido;0;Boleto;E-commerce;CC-COMERCIAL;2026-04;VEN0654;Recebimento realizado dentro do prazo.
CR01038;VEN0655;CLI044;Igor Souza;2026-04-13;2026-05-13;2026-05-10;1;2;139.03;0.0;139.03;0.0;Recebido;0;Cartão de Débito;E-commerce;CC-COMERCIAL;2026-04;VEN0655;Recebimento realizado dentro do prazo.
CR00944;VEN0591;CLI073;Cláudia Gomes;2026-03-15;2026-05-14;2026-05-13;2;3;257.17;0.0;257.17;0.0;Recebido;0;Boleto;E-commerce;CC-COMERCIAL;2026-03;VEN0591;Recebimento realizado dentro do prazo.
CR01040;VEN0658;CLI120;Rodrigo Ferreira;2026-04-14;2026-05-14;2026-05-31;1;1;747.24;14.38;761.62;0.0;Recebido com atraso;17;Boleto;WhatsApp;CC-COMERCIAL;2026-04;VEN0658;Recebimento realizado após o vencimento.
CR00839;VEN0526;CLI046;Diego Silva;2026-02-14;2026-05-15;2026-05-13;3;4;184.72;0.0;184.72;0.0;Recebido;0;PIX;E-commerce;CC-COMERCIAL;2026-02;VEN0526;Recebimento realizado dentro do prazo.
CR00947;VEN0592;CLI055;Fernanda Almeida;2026-03-16;2026-05-15;2026-05-13;2;2;72.35;0.0;72.35;0.0;Recebido;0;Boleto;Loja Física;CC-COMERCIAL;2026-03;VEN0592;Recebimento realizado dentro do prazo.
CR01041;VEN0659;CLI086;Rafael Santos;2026-04-15;2026-05-15;2026-05-13;1;4;79.77;0.0;79.77;0.0;Recebido;0;PIX;WhatsApp;CC-COMERCIAL;2026-04;VEN0659;Recebimento realizado dentro do prazo.
CR00843;VEN0527;CLI073;Cláudia Gomes;2026-02-15;2026-05-16;2026-05-13;3;3;192.94;0.0;192.94;0.0;Recebido;0;Cartão de Débito;Loja Física;CC-COMERCIAL;2026-02;VEN0527;Recebimento realizado dentro do prazo.
CR00950;VEN0594;CLI049;Vanessa Souza;2026-03-17;2026-05-16;2026-05-13;2;2;28.63;0.0;28.63;0.0;Recebido;0;Cartão de Débito;Loja Física;CC-COMERCIAL;2026-03;VEN0594;Recebimento realizado dentro do prazo.
CR01045;VEN0661;CLI074;Camila Silva;2026-04-16;2026-05-16;2026-05-14;1;4;14.31;0.0;14.31;0.0;Recebido;0;Cartão de Débito;Loja Física;CC-COMERCIAL;2026-04;VEN0661;Recebimento realizado dentro do prazo.
CR01049;VEN0662;CLI114;Fábio Ribeiro;2026-04-16;2026-05-16;2026-05-14;1;1;326.97;0.0;326.97;0.0;Recebido;0;Cartão de Débito;E-commerce;CC-COMERCIAL;2026-04;VEN0662;Recebimento realizado dentro do prazo.
CR00405;VEN0261;CLI043;Natália Almeida;2025-11-18;2026-05-17;2026-05-14;6;6;54.52;0.0;54.52;0.0;Recebido;0;Boleto;Loja Física;CC-COMERCIAL;2025-11;VEN0261;Recebimento realizado dentro do prazo.
CR00411;VEN0262;CLI064;Caio Silva;2025-11-18;2026-05-17;2026-05-17;6;6;41.19;0.0;41.19;0.0;Recebido;0;Cartão de Crédito;E-commerce;CC-COMERCIAL;2025-11;VEN0262;Recebimento realizado dentro do prazo.
CR00580;VEN0366;CLI074;Camila Silva;2025-12-18;2026-05-17;2026-05-16;5;6;49.25;0.0;49.25;0.0;Recebido;0;Boleto;WhatsApp;CC-COMERCIAL;2025-12;VEN0366;Recebimento realizado dentro do prazo.
CR00590;VEN0370;CLI119;Natália Gomes;2025-12-18;2026-05-17;2026-05-14;5;6;15.22;0.0;15.22;0.0;Recebido;0;PIX;Loja Física;CC-COMERCIAL;2025-12;VEN0370;Recebimento realizado dentro do prazo.
CR00952;VEN0595;CLI083;Camila Lima;2026-03-18;2026-05-17;2026-05-14;2;2;72.35;0.0;72.35;0.0;Recebido;0;Boleto;E-commerce;CC-COMERCIAL;2026-03;VEN0595;Recebimento realizado dentro do prazo.
CR00954;VEN0596;CLI060;Gustavo Almeida;2026-03-18;2026-05-17;2026-05-29;2;6;65.89;1.19;67.08;0.0;Recebido com atraso;12;PIX;Loja Física;CC-COMERCIAL;2026-03;VEN0596;Recebimento realizado após o vencimento.
CR00960;VEN0597;CLI088;Larissa Ribeiro;2026-03-18;2026-05-17;2026-05-15;2;3;99.47;0.0;99.47;0.0;Recebido;0;PIX;E-commerce;CC-COMERCIAL;2026-03;VEN0597;Recebimento realizado dentro do prazo.
CR01050;VEN0663;CLI044;Igor Souza;2026-04-17;2026-05-17;2026-05-17;1;1;898.18;0.0;898.18;0.0;Recebido;0;Cartão de Débito;WhatsApp;CC-COMERCIAL;2026-04;VEN0663;Recebimento realizado dentro do prazo.
CR01051;VEN0664;CLI035;Amanda Ferreira;2026-04-17;2026-05-17;2026-05-15;1;1;384.61;0.0;384.61;0.0;Recebido;0;Boleto;WhatsApp;CC-COMERCIAL;2026-04;VEN0664;Recebimento realizado dentro do prazo.
CR00597;VEN0375;CLI049;Vanessa Souza;2025-12-19;2026-05-18;2026-05-15;5;6;31.21;0.0;31.21;0.0;Recebido;0;PIX;Loja Física;CC-COMERCIAL;2025-12;VEN0375;Recebimento realizado dentro do prazo.
CR00963;VEN0599;CLI063;Beatriz Ribeiro;2026-03-19;2026-05-18;2026-05-18;2;3;102.89;0.0;102.89;0.0;Recebido;0;Boleto;E-commerce;CC-COMERCIAL;2026-03;VEN0599;Recebimento realizado dentro do prazo.
CR00605;VEN0378;CLI006;Thiago Ribeiro;2025-12-20;2026-05-19;2026-05-17;5;6;41.72;0.0;41.72;0.0;Recebido;0;Boleto;WhatsApp;CC-COMERCIAL;2025-12;VEN0378;Recebimento realizado dentro do prazo.
CR00782;VEN0485;CLI066;Amanda Silva;2026-01-19;2026-05-19;2026-05-18;4;4;36.17;0.0;36.17;0.0;Recebido;0;Boleto;E-commerce;CC-COMERCIAL;2026-01;VEN0485;Recebimento realizado dentro do prazo.
CR00967;VEN0602;CLI101;Amanda Costa;2026-03-20;2026-05-19;2026-05-17;2;4;128.59;0.0;128.59;0.0;Recebido;0;Boleto;E-commerce;CC-COMERCIAL;2026-03;VEN0602;Recebimento realizado dentro do prazo.
CR01052;VEN0666;CLI028;Natália Silva;2026-04-19;2026-05-19;;1;1;476.37;0.0;0.0;476.37;Em atraso;73;Cartão de Crédito;E-commerce;CC-COMERCIAL;2026-04;VEN0666;Título pendente de recebimento.
CR01053;VEN0667;CLI053;Bianca Lima;2026-04-19;2026-05-19;2026-05-16;1;1;242.96;0.0;242.96;0.0;Recebido;0;PIX;Loja Física;CC-COMERCIAL;2026-04;VEN0667;Recebimento realizado dentro do prazo.
CR00423;VEN0270;CLI044;Igor Souza;2025-11-21;2026-05-20;2026-05-17;6;6;39.27;0.0;39.27;0.0;Recebido;0;PIX;Loja Física;CC-COMERCIAL;2025-11;VEN0270;Recebimento realizado dentro do prazo.
CR00849;VEN0534;CLI060;Gustavo Almeida;2026-02-19;2026-05-20;2026-05-18;3;4;57.06;0.0;57.06;0.0;Recebido;0;Cartão de Débito;Loja Física;CC-COMERCIAL;2026-02;VEN0534;Recebimento realizado dentro do prazo.
CR00853;VEN0535;CLI087;Thiago Lima;2026-02-19;2026-05-20;2026-05-19;3;6;36.5;0.0;36.5;0.0;Recebido;0;Cartão de Crédito;E-commerce;CC-COMERCIAL;2026-02;VEN0535;Recebimento realizado dentro do prazo.
CR00859;VEN0536;CLI056;Larissa Lima;2026-02-19;2026-05-20;2026-06-09;3;6;53.62;1.07;54.69;0.0;Recebido com atraso;20;PIX;Loja Física;CC-COMERCIAL;2026-02;VEN0536;Recebimento realizado após o vencimento.
CR00972;VEN0604;CLI049;Vanessa Souza;2026-03-21;2026-05-20;2026-05-17;2;2;232.93;0.0;232.93;0.0;Recebido;0;Cartão de Crédito;E-commerce;CC-COMERCIAL;2026-03;VEN0604;Recebimento realizado dentro do prazo.
CR01054;VEN0668;CLI002;Helena Souza;2026-04-20;2026-05-20;2026-05-18;1;1;450.2;0.0;450.2;0.0;Recebido;0;Cartão de Crédito;WhatsApp;CC-COMERCIAL;2026-04;VEN0668;Recebimento realizado dentro do prazo.
CR01055;VEN0669;CLI114;Fábio Ribeiro;2026-04-20;2026-05-20;2026-05-17;1;2;137.47;0.0;137.47;0.0;Recebido;0;PIX;WhatsApp;CC-COMERCIAL;2026-04;VEN0669;Recebimento realizado dentro do prazo.
CR01057;VEN0670;CLI046;Diego Silva;2026-04-20;2026-05-20;2026-05-17;1;3;200.08;0.0;200.08;0.0;Recebido;0;PIX;E-commerce;CC-COMERCIAL;2026-04;VEN0670;Recebimento realizado dentro do prazo.
CR00438;VEN0277;CLI042;Gustavo Costa;2025-11-22;2026-05-21;2026-05-20;6;6;88.35;0.0;88.35;0.0;Recebido;0;Cartão de Crédito;E-commerce;CC-COMERCIAL;2025-11;VEN0277;Recebimento realizado dentro do prazo.
CR00974;VEN0605;CLI006;Thiago Ribeiro;2026-03-22;2026-05-21;2026-05-29;2;6;82.89;1.41;84.3;0.0;Recebido com atraso;8;Boleto;E-commerce;CC-COMERCIAL;2026-03;VEN0605;Recebimento realizado após o vencimento.
CR00980;VEN0606;CLI013;Aline Ribeiro;2026-03-22;2026-05-21;2026-05-19;2;3;24.93;0.0;24.93;0.0;Recebido;0;PIX;Loja Física;CC-COMERCIAL;2026-03;VEN0606;Recebimento realizado dentro do prazo.
CR01060;VEN0672;CLI084;Cláudia Silva;2026-04-21;2026-05-21;2026-05-19;1;1;329.94;0.0;329.94;0.0;Recebido;0;Cartão de Crédito;WhatsApp;CC-COMERCIAL;2026-04;VEN0672;Recebimento realizado dentro do prazo.
CR01061;VEN0673;CLI016;Aline Santos;2026-04-21;2026-05-21;2026-06-03;1;2;116.92;2.13;119.05;0.0;Recebido com atraso;13;Cartão de Débito;E-commerce;CC-COMERCIAL;2026-04;VEN0673;Recebimento realizado após o vencimento.
CR00631;VEN0395;CLI095;Helena Costa;2025-12-23;2026-05-22;2026-05-19;5;6;87.98;0.0;87.98;0.0;Recebido;0;Cartão de Débito;Loja Física;CC-COMERCIAL;2025-12;VEN0395;Recebimento realizado dentro do prazo.
CR00638;VEN0397;CLI116;Caio Silva;2025-12-23;2026-05-22;2026-05-21;5;6;139.76;0.0;139.76;0.0;Recebido;0;Boleto;Loja Física;CC-COMERCIAL;2025-12;VEN0397;Recebimento realizado dentro do prazo.
CR00865;VEN0537;CLI067;Renata Oliveira;2026-02-22;2026-05-23;2026-05-22;3;3;214.52;0.0;214.52;0.0;Recebido;0;PIX;Loja Física;CC-COMERCIAL;2026-02;VEN0537;Recebimento realizado dentro do prazo.
CR00986;VEN0614;CLI109;Bianca Almeida;2026-03-24;2026-05-23;2026-05-21;2;2;553.64;0.0;553.64;0.0;Recebido;0;Cartão de Crédito;E-commerce;CC-COMERCIAL;2026-03;VEN0614;Recebimento realizado dentro do prazo.
CR01063;VEN0677;CLI044;Igor Souza;2026-04-23;2026-05-23;2026-05-21;1;2;75.42;0.0;75.42;0.0;Recebido;0;PIX;E-commerce;CC-COMERCIAL;2026-04;VEN0677;Recebimento realizado dentro do prazo.
CR01065;VEN0678;CLI073;Cláudia Gomes;2026-04-23;2026-05-23;2026-05-21;1;2;88.14;0.0;88.14;0.0;Recebido;0;Boleto;Loja Física;CC-COMERCIAL;2026-04;VEN0678;Recebimento realizado dentro do prazo.
CR01067;VEN0679;CLI049;Vanessa Souza;2026-04-23;2026-05-23;2026-05-23;1;1;233.84;0.0;233.84;0.0;Recebido;0;PIX;Loja Física;CC-COMERCIAL;2026-04;VEN0679;Recebimento realizado dentro do prazo.
CR00648;VEN0406;CLI060;Gustavo Almeida;2025-12-25;2026-05-24;2026-05-21;5;6;17.07;0.0;17.07;0.0;Recebido;0;Boleto;E-commerce;CC-COMERCIAL;2025-12;VEN0406;Recebimento realizado dentro do prazo.
CR00790;VEN0492;CLI042;Gustavo Costa;2026-01-24;2026-05-24;2026-05-24;4;6;104.79;0.0;104.79;0.0;Recebido;0;Boleto;Loja Física;CC-COMERCIAL;2026-01;VEN0492;Recebimento realizado dentro do prazo.
CR00796;VEN0494;CLI114;Fábio Ribeiro;2026-01-25;2026-05-25;2026-05-25;4;4;112.28;0.0;112.28;0.0;Recebido;0;PIX;WhatsApp;CC-COMERCIAL;2026-01;VEN0494;Recebimento realizado dentro do prazo.
CR01068;VEN0681;CLI044;Igor Souza;2026-04-25;2026-05-25;2026-05-25;1;2;94.19;0.0;94.19;0.0;Recebido;0;PIX;E-commerce;CC-COMERCIAL;2026-04;VEN0681;Recebimento realizado dentro do prazo.
CR01070;VEN0682;CLI023;Rafael Gomes;2026-04-25;2026-05-25;2026-05-23;1;4;44.74;0.0;44.74;0.0;Recebido;0;Cartão de Débito;Loja Física;CC-COMERCIAL;2026-04;VEN0682;Recebimento realizado dentro do prazo.
CR00662;VEN0415;CLI098;Sofia Ribeiro;2025-12-27;2026-05-26;2026-05-25;5;6;56.16;0.0;56.16;0.0;Recebido;0;PIX;Loja Física;CC-COMERCIAL;2025-12;VEN0415;Recebimento realizado dentro do prazo.
CR00871;VEN0545;CLI081;Leonardo Costa;2026-02-25;2026-05-26;2026-05-23;3;4;70.25;0.0;70.25;0.0;Recebido;0;Cartão de Crédito;Loja Física;CC-COMERCIAL;2026-02;VEN0545;Recebimento realizado dentro do prazo.
CR01074;VEN0683;CLI042;Gustavo Costa;2026-04-26;2026-05-26;2026-06-14;1;6;68.2;1.35;69.55;0.0;Recebido com atraso;19;PIX;Loja Física;CC-COMERCIAL;2026-04;VEN0683;Recebimento realizado após o vencimento.
CR00673;VEN0423;CLI042;Gustavo Costa;2025-12-28;2026-05-27;2026-05-27;5;6;36.43;0.0;36.43;0.0;Recebido;0;Boleto;E-commerce;CC-COMERCIAL;2025-12;VEN0423;Recebimento realizado dentro do prazo.
CR00680;VEN0425;CLI074;Camila Silva;2025-12-28;2026-05-27;2026-05-27;5;6;57.94;0.0;57.94;0.0;Recebido;0;Boleto;E-commerce;CC-COMERCIAL;2025-12;VEN0425;Recebimento realizado dentro do prazo.
CR00877;VEN0548;CLI094;Larissa Almeida;2026-02-26;2026-05-27;2026-05-25;3;4;36.72;0.0;36.72;0.0;Recebido;0;PIX;E-commerce;CC-COMERCIAL;2026-02;VEN0548;Recebimento realizado dentro do prazo.
CR00989;VEN0617;CLI071;Amanda Costa;2026-03-28;2026-05-27;2026-05-26;2;2;532.41;0.0;532.41;0.0;Recebido;0;PIX;Loja Física;CC-COMERCIAL;2026-03;VEN0617;Recebimento realizado dentro do prazo.
CR01080;VEN0684;CLI047;Carolina Costa;2026-04-27;2026-05-27;2026-05-25;1;4;156.72;0.0;156.72;0.0;Recebido;0;Boleto;Loja Física;CC-COMERCIAL;2026-04;VEN0684;Recebimento realizado dentro do prazo.
CR00881;VEN0550;CLI112;Lucas Oliveira;2026-02-27;2026-05-28;;3;3;80.47;0.0;0.0;80.47;Em atraso;64;Boleto;Loja Física;CC-COMERCIAL;2026-02;VEN0550;Título pendente de recebimento.
CR01084;VEN0686;CLI069;Leonardo Ferreira;2026-04-28;2026-05-28;2026-05-28;1;6;53.66;0.0;53.66;0.0;Recebido;0;PIX;E-commerce;CC-COMERCIAL;2026-04;VEN0686;Recebimento realizado dentro do prazo.
CR00698;VEN0432;CLI114;Fábio Ribeiro;2025-12-30;2026-05-29;2026-05-28;5;6;45.02;0.0;45.02;0.0;Recebido;0;Cartão de Crédito;E-commerce;CC-COMERCIAL;2025-12;VEN0432;Recebimento realizado dentro do prazo.
CR00991;VEN0618;CLI049;Vanessa Souza;2026-03-30;2026-05-29;2026-05-29;2;2;232.93;0.0;232.93;0.0;Recebido;0;Boleto;Loja Física;CC-COMERCIAL;2026-03;VEN0618;Recebimento realizado dentro do prazo.
CR00993;VEN0620;CLI079;Cláudia Silva;2026-03-31;2026-05-30;2026-05-30;2;2;145.05;0.0;145.05;0.0;Recebido;0;Boleto;Loja Física;CC-COMERCIAL;2026-03;VEN0620;Recebimento realizado dentro do prazo.
CR00995;VEN0622;CLI006;Thiago Ribeiro;2026-03-31;2026-05-30;2026-05-29;2;2;200.42;0.0;200.42;0.0;Recebido;0;Cartão de Débito;Loja Física;CC-COMERCIAL;2026-03;VEN0622;Recebimento realizado dentro do prazo.
CR00477;VEN0307;CLI042;Gustavo Costa;2025-12-02;2026-05-31;2026-05-31;6;6;22.6;0.0;22.6;0.0;Recebido;0;Cartão de Crédito;Loja Física;CC-COMERCIAL;2025-12;VEN0307;Recebimento realizado dentro do prazo.
CR00714;VEN0443;CLI013;Aline Ribeiro;2026-01-01;2026-05-31;2026-05-30;5;6;29.83;0.0;29.83;0.0;Recebido;0;Cartão de Débito;E-commerce;CC-COMERCIAL;2026-01;VEN0443;Recebimento realizado dentro do prazo.
CR00997;VEN0625;CLI006;Thiago Ribeiro;2026-04-01;2026-05-31;2026-06-07;2;4;32.6;0.55;33.15;0.0;Recebido com atraso;7;Cartão de Débito;Loja Física;CC-COMERCIAL;2026-04;VEN0625;Recebimento realizado após o vencimento.
CR01090;VEN0688;CLI074;Camila Silva;2026-05-01;2026-05-31;2026-05-31;1;3;50.52;0.0;50.52;0.0;Recebido;0;Boleto;Loja Física;CC-COMERCIAL;2026-05;VEN0688;Recebimento realizado dentro do prazo.
CR01093;VEN0691;CLI049;Vanessa Souza;2026-05-01;2026-05-31;2026-06-12;1;2;76.07;1.37;77.44;0.0;Recebido com atraso;12;Cartão de Débito;WhatsApp;CC-COMERCIAL;2026-05;VEN0691;Recebimento realizado após o vencimento.
CR00810;VEN0506;CLI024;Beatriz Souza;2026-02-01;2026-06-01;2026-05-31;4;6;111.02;0.0;111.02;0.0;Recebido;0;Cartão de Débito;Loja Física;CC-COMERCIAL;2026-02;VEN0506;Recebimento realizado dentro do prazo.
CR00888;VEN0558;CLI024;Beatriz Souza;2026-03-03;2026-06-01;2026-05-30;3;3;40.17;0.0;40.17;0.0;Recebido;0;PIX;Loja Física;CC-COMERCIAL;2026-03;VEN0558;Recebimento realizado dentro do prazo.
CR01003;VEN0628;CLI078;Ricardo Almeida;2026-04-02;2026-06-01;2026-06-01;2;2;252.12;0.0;252.12;0.0;Recebido;0;PIX;Loja Física;CC-COMERCIAL;2026-04;VEN0628;Recebimento realizado dentro do prazo.
CR01095;VEN0693;CLI062;Paula Lima;2026-05-02;2026-06-01;2026-05-30;1;1;363.41;0.0;363.41;0.0;Recebido;0;Cartão de Débito;Loja Física;CC-COMERCIAL;2026-05;VEN0693;Recebimento realizado dentro do prazo.
CR00892;VEN0560;CLI053;Bianca Lima;2026-03-04;2026-06-02;2026-06-01;3;3;36.14;0.0;36.14;0.0;Recebido;0;PIX;Loja Física;CC-COMERCIAL;2026-03;VEN0560;Recebimento realizado dentro do prazo.
CR01096;VEN0694;CLI046;Diego Silva;2026-05-03;2026-06-02;;1;1;373.23;0.0;0.0;373.23;Em atraso;59;PIX;E-commerce;CC-COMERCIAL;2026-05;VEN0694;Título pendente de recebimento.
CR00896;VEN0562;CLI114;Fábio Ribeiro;2026-03-05;2026-06-03;2026-06-03;3;6;38.97;0.0;38.97;0.0;Recebido;0;Cartão de Débito;Loja Física;CC-COMERCIAL;2026-03;VEN0562;Recebimento realizado dentro do prazo.
CR00902;VEN0563;CLI028;Natália Silva;2026-03-05;2026-06-03;2026-06-01;3;6;96.47;0.0;96.47;0.0;Recebido;0;Cartão de Débito;Loja Física;CC-COMERCIAL;2026-03;VEN0563;Recebimento realizado dentro do prazo.
CR01097;VEN0695;CLI052;Gustavo Costa;2026-05-04;2026-06-03;2026-06-01;1;1;317.58;0.0;317.58;0.0;Recebido;0;PIX;E-commerce;CC-COMERCIAL;2026-05;VEN0695;Recebimento realizado dentro do prazo.
CR01098;VEN0697;CLI073;Cláudia Gomes;2026-05-04;2026-06-03;2026-06-01;1;2;150.06;0.0;150.06;0.0;Recebido;0;PIX;Loja Física;CC-COMERCIAL;2026-05;VEN0697;Recebimento realizado dentro do prazo.
CR00508;VEN0323;CLI053;Bianca Lima;2025-12-06;2026-06-04;2026-06-03;6;6;134.71;0.0;134.71;0.0;Recebido;0;Cartão de Crédito;E-commerce;CC-COMERCIAL;2025-12;VEN0323;Recebimento realizado dentro do prazo.
CR00819;VEN0511;CLI073;Cláudia Gomes;2026-02-04;2026-06-04;2026-06-03;4;6;80.32;0.0;80.32;0.0;Recebido;0;PIX;Loja Física;CC-COMERCIAL;2026-02;VEN0511;Recebimento realizado dentro do prazo.
CR01100;VEN0698;CLI112;Lucas Oliveira;2026-05-05;2026-06-04;2026-06-02;1;2;121.48;0.0;121.48;0.0;Recebido;0;Boleto;E-commerce;CC-COMERCIAL;2026-05;VEN0698;Recebimento realizado dentro do prazo.
CR00726;VEN0451;CLI060;Gustavo Almeida;2026-01-06;2026-06-05;2026-06-02;5;6;79.92;0.0;79.92;0.0;Recebido;0;Cartão de Débito;E-commerce;CC-COMERCIAL;2026-01;VEN0451;Recebimento realizado dentro do prazo.
CR00826;VEN0514;CLI042;Gustavo Costa;2026-02-05;2026-06-05;2026-06-05;4;4;63.03;0.0;63.03;0.0;Recebido;0;Cartão de Débito;E-commerce;CC-COMERCIAL;2026-02;VEN0514;Recebimento realizado dentro do prazo.
CR00912;VEN0568;CLI008;Beatriz Santos;2026-03-07;2026-06-05;2026-06-05;3;3;108.3;0.0;108.3;0.0;Recebido;0;Cartão de Débito;E-commerce;CC-COMERCIAL;2026-03;VEN0568;Recebimento realizado dentro do prazo.
CR01006;VEN0636;CLI044;Igor Souza;2026-04-06;2026-06-05;2026-06-05;2;4;126.06;0.0;126.06;0.0;Recebido;0;PIX;Loja Física;CC-COMERCIAL;2026-04;VEN0636;Recebimento realizado dentro do prazo.
CR01010;VEN0637;CLI065;Carlos Silva;2026-04-06;2026-06-05;2026-06-11;2;6;26.81;0.44;27.25;0.0;Recebido com atraso;6;Cartão de Débito;Loja Física;CC-COMERCIAL;2026-04;VEN0637;Recebimento realizado após o vencimento.
CR01102;VEN0702;CLI002;Helena Souza;2026-05-06;2026-06-05;2026-06-05;1;2;281.02;0.0;281.02;0.0;Recebido;0;Cartão de Crédito;E-commerce;CC-COMERCIAL;2026-05;VEN0702;Recebimento realizado dentro do prazo.
CR00915;VEN0571;CLI053;Bianca Lima;2026-03-08;2026-06-06;2026-06-05;3;3;84.04;0.0;84.04;0.0;Recebido;0;Cartão de Débito;WhatsApp;CC-COMERCIAL;2026-03;VEN0571;Recebimento realizado dentro do prazo.
CR01104;VEN0704;CLI104;Helena Ribeiro;2026-05-07;2026-06-06;2026-06-03;1;6;37.52;0.0;37.52;0.0;Recebido;0;PIX;Loja Física;CC-COMERCIAL;2026-05;VEN0704;Recebimento realizado dentro do prazo.
CR01110;VEN0705;CLI034;Fernanda Santos;2026-05-07;2026-06-06;2026-06-05;1;3;101.95;0.0;101.95;0.0;Recebido;0;PIX;WhatsApp;CC-COMERCIAL;2026-05;VEN0705;Recebimento realizado dentro do prazo.
CR00521;VEN0336;CLI010;Daniel Silva;2025-12-09;2026-06-07;2026-06-04;6;6;68.83;0.0;68.83;0.0;Recebido;0;Boleto;E-commerce;CC-COMERCIAL;2025-12;VEN0336;Recebimento realizado dentro do prazo.
CR00527;VEN0337;CLI078;Ricardo Almeida;2025-12-10;2026-06-08;2026-06-14;6;6;76.31;1.26;77.57;0.0;Recebido com atraso;6;Boleto;WhatsApp;CC-COMERCIAL;2025-12;VEN0337;Recebimento realizado após o vencimento.
CR01017;VEN0642;CLI052;Gustavo Costa;2026-04-09;2026-06-08;2026-06-07;2;3;123.15;0.0;123.15;0.0;Recebido;0;Cartão de Débito;Loja Física;CC-COMERCIAL;2026-04;VEN0642;Recebimento realizado dentro do prazo.
CR00758;VEN0470;CLI015;Patricia Silva;2026-01-10;2026-06-09;2026-06-08;5;6;79.77;0.0;79.77;0.0;Recebido;0;Cartão de Débito;Loja Física;CC-COMERCIAL;2026-01;VEN0470;Recebimento realizado dentro do prazo.
CR00922;VEN0576;CLI116;Caio Silva;2026-03-11;2026-06-09;2026-06-06;3;4;96.56;0.0;96.56;0.0;Recebido;0;Boleto;Loja Física;CC-COMERCIAL;2026-03;VEN0576;Recebimento realizado dentro do prazo.
CR00928;VEN0578;CLI018;Fernanda Gomes;2026-03-11;2026-06-09;2026-06-06;3;4;92.27;0.0;92.27;0.0;Recebido;0;Boleto;Loja Física;CC-COMERCIAL;2026-03;VEN0578;Recebimento realizado dentro do prazo.
CR01020;VEN0645;CLI081;Leonardo Costa;2026-04-10;2026-06-09;2026-06-08;2;2;72.35;0.0;72.35;0.0;Recebido;0;Cartão de Débito;E-commerce;CC-COMERCIAL;2026-04;VEN0645;Recebimento realizado dentro do prazo.
CR00536;VEN0343;CLI072;Fábio Lima;2025-12-12;2026-06-10;;6;6;61.32;0.0;0.0;61.32;Em atraso;51;Cartão de Crédito;Loja Física;CC-COMERCIAL;2025-12;VEN0343;Título pendente de recebimento.
CR01024;VEN0648;CLI104;Helena Ribeiro;2026-04-11;2026-06-10;2026-06-09;2;4;54.76;0.0;54.76;0.0;Recebido;0;Cartão de Crédito;Loja Física;CC-COMERCIAL;2026-04;VEN0648;Recebimento realizado dentro do prazo.
CR01028;VEN0650;CLI015;Patricia Silva;2026-04-11;2026-06-10;2026-06-08;2;6;72.16;0.0;72.16;0.0;Recebido;0;Boleto;Loja Física;CC-COMERCIAL;2026-04;VEN0650;Recebimento realizado dentro do prazo.
CR01034;VEN0651;CLI053;Bianca Lima;2026-04-11;2026-06-10;2026-06-27;2;3;41.47;0.8;42.27;0.0;Recebido com atraso;17;Cartão de Crédito;E-commerce;CC-COMERCIAL;2026-04;VEN0651;Recebimento realizado após o vencimento.
CR01113;VEN0712;CLI104;Helena Ribeiro;2026-05-11;2026-06-10;2026-06-07;1;1;164.97;0.0;164.97;0.0;Recebido;0;PIX;Loja Física;CC-COMERCIAL;2026-05;VEN0712;Recebimento realizado dentro do prazo.
CR00935;VEN0584;CLI073;Cláudia Gomes;2026-03-13;2026-06-11;2026-06-11;3;3;128.76;0.0;128.76;0.0;Recebido;0;Cartão de Crédito;WhatsApp;CC-COMERCIAL;2026-03;VEN0584;Recebimento realizado dentro do prazo.
CR01114;VEN0713;CLI012;Paula Santos;2026-05-12;2026-06-11;2026-06-10;1;1;449.09;0.0;449.09;0.0;Recebido;0;Boleto;E-commerce;CC-COMERCIAL;2026-05;VEN0713;Recebimento realizado dentro do prazo.
CR01115;VEN0714;CLI006;Thiago Ribeiro;2026-05-12;2026-06-11;2026-06-11;1;1;514.34;0.0;514.34;0.0;Recebido;0;PIX;Loja Física;CC-COMERCIAL;2026-05;VEN0714;Recebimento realizado dentro do prazo.
CR01116;VEN0715;CLI112;Lucas Oliveira;2026-05-12;2026-06-11;2026-06-26;1;4;55.12;1.03;56.15;0.0;Recebido com atraso;15;PIX;Loja Física;CC-COMERCIAL;2026-05;VEN0715;Recebimento realizado após o vencimento.
CR01120;VEN0717;CLI069;Leonardo Ferreira;2026-05-12;2026-06-11;2026-06-11;1;3;124.81;0.0;124.81;0.0;Recebido;0;PIX;Loja Física;CC-COMERCIAL;2026-05;VEN0717;Recebimento realizado dentro do prazo.
CR00563;VEN0358;CLI116;Caio Silva;2025-12-14;2026-06-12;2026-06-12;6;6;31.54;0.0;31.54;0.0;Recebido;0;PIX;Loja Física;CC-COMERCIAL;2025-12;VEN0358;Recebimento realizado dentro do prazo.
CR00941;VEN0590;CLI060;Gustavo Almeida;2026-03-14;2026-06-12;2026-06-09;3;4;58.02;0.0;58.02;0.0;Recebido;0;Boleto;Loja Física;CC-COMERCIAL;2026-03;VEN0590;Recebimento realizado dentro do prazo.
CR01039;VEN0655;CLI044;Igor Souza;2026-04-13;2026-06-12;2026-06-11;2;2;139.03;0.0;139.03;0.0;Recebido;0;Cartão de Débito;E-commerce;CC-COMERCIAL;2026-04;VEN0655;Recebimento realizado dentro do prazo.
CR01123;VEN0718;CLI073;Cláudia Gomes;2026-05-13;2026-06-12;2026-06-10;1;4;58.02;0.0;58.02;0.0;Recebido;0;Boleto;WhatsApp;CC-COMERCIAL;2026-05;VEN0718;Recebimento realizado dentro do prazo.
CR01127;VEN0719;CLI084;Cláudia Silva;2026-05-13;2026-06-12;2026-06-10;1;1;711.04;0.0;711.04;0.0;Recebido;0;Boleto;Loja Física;CC-COMERCIAL;2026-05;VEN0719;Recebimento realizado dentro do prazo.
CR01128;VEN0720;CLI074;Camila Silva;2026-05-13;2026-06-12;2026-06-12;1;3;304.13;0.0;304.13;0.0;Recebido;0;Cartão de Crédito;Loja Física;CC-COMERCIAL;2026-05;VEN0720;Recebimento realizado dentro do prazo.
CR01131;VEN0721;CLI081;Leonardo Costa;2026-05-13;2026-06-12;2026-06-09;1;3;40.17;0.0;40.17;0.0;Recebido;0;PIX;Loja Física;CC-COMERCIAL;2026-05;VEN0721;Recebimento realizado dentro do prazo.
CR00945;VEN0591;CLI073;Cláudia Gomes;2026-03-15;2026-06-13;2026-06-10;3;3;257.17;0.0;257.17;0.0;Recebido;0;Boleto;E-commerce;CC-COMERCIAL;2026-03;VEN0591;Recebimento realizado dentro do prazo.
CR01134;VEN0722;CLI049;Vanessa Souza;2026-05-14;2026-06-13;2026-06-13;1;4;37.4;0.0;37.4;0.0;Recebido;0;Cartão de Débito;Loja Física;CC-COMERCIAL;2026-05;VEN0722;Recebimento realizado dentro do prazo.
CR00840;VEN0526;CLI046;Diego Silva;2026-02-14;2026-06-14;2026-06-13;4;4;184.74;0.0;184.74;0.0;Recebido;0;PIX;E-commerce;CC-COMERCIAL;2026-02;VEN0526;Recebimento realizado dentro do prazo.
CR01042;VEN0659;CLI086;Rafael Santos;2026-04-15;2026-06-14;2026-06-12;2;4;79.77;0.0;79.77;0.0;Recebido;0;PIX;WhatsApp;CC-COMERCIAL;2026-04;VEN0659;Recebimento realizado dentro do prazo.
CR01138;VEN0723;CLI053;Bianca Lima;2026-05-15;2026-06-14;;1;6;24.12;0.0;0.0;24.12;Em atraso;47;Cartão de Crédito;E-commerce;CC-COMERCIAL;2026-05;VEN0723;Título pendente de recebimento.
CR01144;VEN0724;CLI060;Gustavo Almeida;2026-05-15;2026-06-14;2026-06-11;1;3;267.23;0.0;267.23;0.0;Recebido;0;Cartão de Débito;E-commerce;CC-COMERCIAL;2026-05;VEN0724;Recebimento realizado dentro do prazo.
CR01147;VEN0725;CLI015;Patricia Silva;2026-05-15;2026-06-14;2026-06-13;1;4;56.27;0.0;56.27;0.0;Recebido;0;PIX;Loja Física;CC-COMERCIAL;2026-05;VEN0725;Recebimento realizado dentro do prazo.
CR01046;VEN0661;CLI074;Camila Silva;2026-04-16;2026-06-15;2026-06-15;2;4;14.31;0.0;14.31;0.0;Recebido;0;Cartão de Débito;Loja Física;CC-COMERCIAL;2026-04;VEN0661;Recebimento realizado dentro do prazo.
CR01151;VEN0727;CLI104;Helena Ribeiro;2026-05-16;2026-06-15;2026-06-14;1;3;74.02;0.0;74.02;0.0;Recebido;0;Cartão de Crédito;Loja Física;CC-COMERCIAL;2026-05;VEN0727;Recebimento realizado dentro do prazo.
CR01154;VEN0728;CLI086;Rafael Santos;2026-05-16;2026-06-15;2026-06-14;1;1;373.62;0.0;373.62;0.0;Recebido;0;Cartão de Débito;E-commerce;CC-COMERCIAL;2026-05;VEN0728;Recebimento realizado dentro do prazo.
CR00581;VEN0366;CLI074;Camila Silva;2025-12-18;2026-06-16;2026-06-14;6;6;49.27;0.0;49.27;0.0;Recebido;0;Boleto;WhatsApp;CC-COMERCIAL;2025-12;VEN0366;Recebimento realizado dentro do prazo.
CR00591;VEN0370;CLI119;Natália Gomes;2025-12-18;2026-06-16;2026-06-15;6;6;15.2;0.0;15.2;0.0;Recebido;0;PIX;Loja Física;CC-COMERCIAL;2025-12;VEN0370;Recebimento realizado dentro do prazo.
CR00955;VEN0596;CLI060;Gustavo Almeida;2026-03-18;2026-06-16;2026-06-14;3;6;65.89;0.0;65.89;0.0;Recebido;0;PIX;Loja Física;CC-COMERCIAL;2026-03;VEN0596;Recebimento realizado dentro do prazo.
CR00961;VEN0597;CLI088;Larissa Ribeiro;2026-03-18;2026-06-16;2026-06-16;3;3;99.47;0.0;99.47;0.0;Recebido;0;PIX;E-commerce;CC-COMERCIAL;2026-03;VEN0597;Recebimento realizado dentro do prazo.
CR01155;VEN0730;CLI006;Thiago Ribeiro;2026-05-17;2026-06-16;2026-06-19;1;4;223.81;3.53;227.34;0.0;Recebido com atraso;3;Cartão de Débito;Loja Física;CC-COMERCIAL;2026-05;VEN0730;Recebimento realizado após o vencimento.
CR01159;VEN0731;CLI092;Vinicius Silva;2026-05-17;2026-06-16;2026-06-14;1;4;54.12;0.0;54.12;0.0;Recebido;0;Cartão de Débito;E-commerce;CC-COMERCIAL;2026-05;VEN0731;Recebimento realizado dentro do prazo.
CR01163;VEN0732;CLI013;Aline Ribeiro;2026-05-17;2026-06-16;2026-06-16;1;1;76.32;0.0;76.32;0.0;Recebido;0;Boleto;E-commerce;CC-COMERCIAL;2026-05;VEN0732;Recebimento realizado dentro do prazo.
CR00598;VEN0375;CLI049;Vanessa Souza;2025-12-19;2026-06-17;2026-06-14;6;6;31.21;0.0;31.21;0.0;Recebido;0;PIX;Loja Física;CC-COMERCIAL;2025-12;VEN0375;Recebimento realizado dentro do prazo.
CR00964;VEN0599;CLI063;Beatriz Ribeiro;2026-03-19;2026-06-17;2026-06-15;3;3;102.89;0.0;102.89;0.0;Recebido;0;Boleto;E-commerce;CC-COMERCIAL;2026-03;VEN0599;Recebimento realizado dentro do prazo.
CR00606;VEN0378;CLI006;Thiago Ribeiro;2025-12-20;2026-06-18;2026-06-17;6;6;41.7;0.0;41.7;0.0;Recebido;0;Boleto;WhatsApp;CC-COMERCIAL;2025-12;VEN0378;Recebimento realizado dentro do prazo.
CR00968;VEN0602;CLI101;Amanda Costa;2026-03-20;2026-06-18;2026-06-17;3;4;128.59;0.0;128.59;0.0;Recebido;0;Boleto;E-commerce;CC-COMERCIAL;2026-03;VEN0602;Recebimento realizado dentro do prazo.
CR01164;VEN0734;CLI104;Helena Ribeiro;2026-05-19;2026-06-18;2026-06-16;1;1;567.22;0.0;567.22;0.0;Recebido;0;Boleto;WhatsApp;CC-COMERCIAL;2026-05;VEN0734;Recebimento realizado dentro do prazo.
CR00850;VEN0534;CLI060;Gustavo Almeida;2026-02-19;2026-06-19;2026-06-18;4;4;57.08;0.0;57.08;0.0;Recebido;0;Cartão de Débito;Loja Física;CC-COMERCIAL;2026-02;VEN0534;Recebimento realizado dentro do prazo.
CR00854;VEN0535;CLI087;Thiago Lima;2026-02-19;2026-06-19;;4;6;36.5;0.0;0.0;36.5;Em atraso;42;Cartão de Crédito;E-commerce;CC-COMERCIAL;2026-02;VEN0535;Título pendente de recebimento.
CR00860;VEN0536;CLI056;Larissa Lima;2026-02-19;2026-06-19;2026-06-19;4;6;53.62;0.0;53.62;0.0;Recebido;0;PIX;Loja Física;CC-COMERCIAL;2026-02;VEN0536;Recebimento realizado dentro do prazo.
CR01056;VEN0669;CLI114;Fábio Ribeiro;2026-04-20;2026-06-19;2026-06-17;2;2;137.48;0.0;137.48;0.0;Recebido;0;PIX;WhatsApp;CC-COMERCIAL;2026-04;VEN0669;Recebimento realizado dentro do prazo.
CR01058;VEN0670;CLI046;Diego Silva;2026-04-20;2026-06-19;2026-06-19;2;3;200.08;0.0;200.08;0.0;Recebido;0;PIX;E-commerce;CC-COMERCIAL;2026-04;VEN0670;Recebimento realizado dentro do prazo.
CR01165;VEN0736;CLI060;Gustavo Almeida;2026-05-20;2026-06-19;2026-06-17;1;1;726.82;0.0;726.82;0.0;Recebido;0;Boleto;E-commerce;CC-COMERCIAL;2026-05;VEN0736;Recebimento realizado dentro do prazo.
CR01166;VEN0737;CLI060;Gustavo Almeida;2026-05-20;2026-06-19;2026-06-18;1;1;608.26;0.0;608.26;0.0;Recebido;0;PIX;E-commerce;CC-COMERCIAL;2026-05;VEN0737;Recebimento realizado dentro do prazo.
CR01167;VEN0738;CLI011;Rafael Souza;2026-05-20;2026-06-19;2026-06-18;1;1;1133.96;0.0;1133.96;0.0;Recebido;0;Boleto;E-commerce;CC-COMERCIAL;2026-05;VEN0738;Recebimento realizado dentro do prazo.
CR00975;VEN0605;CLI006;Thiago Ribeiro;2026-03-22;2026-06-20;2026-06-18;3;6;82.89;0.0;82.89;0.0;Recebido;0;Boleto;E-commerce;CC-COMERCIAL;2026-03;VEN0605;Recebimento realizado dentro do prazo.
CR00981;VEN0606;CLI013;Aline Ribeiro;2026-03-22;2026-06-20;2026-06-17;3;3;24.94;0.0;24.94;0.0;Recebido;0;PIX;Loja Física;CC-COMERCIAL;2026-03;VEN0606;Recebimento realizado dentro do prazo.
CR01062;VEN0673;CLI016;Aline Santos;2026-04-21;2026-06-20;2026-06-17;2;2;116.92;0.0;116.92;0.0;Recebido;0;Cartão de Débito;E-commerce;CC-COMERCIAL;2026-04;VEN0673;Recebimento realizado dentro do prazo.
CR01168;VEN0739;CLI052;Gustavo Costa;2026-05-21;2026-06-20;2026-06-18;1;1;314.36;0.0;314.36;0.0;Recebido;0;Boleto;E-commerce;CC-COMERCIAL;2026-05;VEN0739;Recebimento realizado dentro do prazo.
CR01169;VEN0742;CLI013;Aline Ribeiro;2026-05-21;2026-06-20;2026-06-20;1;2;86.05;0.0;86.05;0.0;Recebido;0;Cartão de Crédito;WhatsApp;CC-COMERCIAL;2026-05;VEN0742;Recebimento realizado dentro do prazo.
CR00632;VEN0395;CLI095;Helena Costa;2025-12-23;2026-06-21;2026-06-20;6;6;88.01;0.0;88.01;0.0;Recebido;0;Cartão de Débito;Loja Física;CC-COMERCIAL;2025-12;VEN0395;Recebimento realizado dentro do prazo.
CR00639;VEN0397;CLI116;Caio Silva;2025-12-23;2026-06-21;2026-06-21;6;6;139.75;0.0;139.75;0.0;Recebido;0;Boleto;Loja Física;CC-COMERCIAL;2025-12;VEN0397;Recebimento realizado dentro do prazo.
CR01171;VEN0745;CLI043;Natália Almeida;2026-05-22;2026-06-21;2026-06-20;1;1;383.98;0.0;383.98;0.0;Recebido;0;Cartão de Débito;Loja Física;CC-COMERCIAL;2026-05;VEN0745;Recebimento realizado dentro do prazo.
CR01064;VEN0677;CLI044;Igor Souza;2026-04-23;2026-06-22;2026-06-21;2;2;75.43;0.0;75.43;0.0;Recebido;0;PIX;E-commerce;CC-COMERCIAL;2026-04;VEN0677;Recebimento realizado dentro do prazo.
CR01066;VEN0678;CLI073;Cláudia Gomes;2026-04-23;2026-06-22;2026-06-21;2;2;88.14;0.0;88.14;0.0;Recebido;0;Boleto;Loja Física;CC-COMERCIAL;2026-04;VEN0678;Recebimento realizado dentro do prazo.
CR00649;VEN0406;CLI060;Gustavo Almeida;2025-12-25;2026-06-23;2026-06-22;6;6;17.08;0.0;17.08;0.0;Recebido;0;Boleto;E-commerce;CC-COMERCIAL;2025-12;VEN0406;Recebimento realizado dentro do prazo.
CR00791;VEN0492;CLI042;Gustavo Costa;2026-01-24;2026-06-23;2026-06-21;5;6;104.79;0.0;104.79;0.0;Recebido;0;Boleto;Loja Física;CC-COMERCIAL;2026-01;VEN0492;Recebimento realizado dentro do prazo.
CR01172;VEN0747;CLI114;Fábio Ribeiro;2026-05-24;2026-06-23;2026-06-29;1;2;444.1;7.33;451.43;0.0;Recebido com atraso;6;Cartão de Crédito;WhatsApp;CC-COMERCIAL;2026-05;VEN0747;Recebimento realizado após o vencimento.
CR01069;VEN0681;CLI044;Igor Souza;2026-04-25;2026-06-24;2026-07-09;2;2;94.19;1.77;95.96;0.0;Recebido com atraso;15;PIX;E-commerce;CC-COMERCIAL;2026-04;VEN0681;Recebimento realizado após o vencimento.
CR01071;VEN0682;CLI023;Rafael Gomes;2026-04-25;2026-06-24;2026-07-02;2;4;44.74;0.76;45.5;0.0;Recebido com atraso;8;Cartão de Débito;Loja Física;CC-COMERCIAL;2026-04;VEN0682;Recebimento realizado após o vencimento.
CR01174;VEN0748;CLI013;Aline Ribeiro;2026-05-25;2026-06-24;2026-06-24;1;4;182.69;0.0;182.69;0.0;Recebido;0;Cartão de Débito;E-commerce;CC-COMERCIAL;2026-05;VEN0748;Recebimento realizado dentro do prazo.
CR01178;VEN0749;CLI101;Amanda Costa;2026-05-25;2026-06-24;2026-06-24;1;4;300.63;0.0;300.63;0.0;Recebido;0;Cartão de Crédito;Loja Física;CC-COMERCIAL;2026-05;VEN0749;Recebimento realizado dentro do prazo.
CR00663;VEN0415;CLI098;Sofia Ribeiro;2025-12-27;2026-06-25;2026-06-25;6;6;56.18;0.0;56.18;0.0;Recebido;0;PIX;Loja Física;CC-COMERCIAL;2025-12;VEN0415;Recebimento realizado dentro do prazo.
CR00872;VEN0545;CLI081;Leonardo Costa;2026-02-25;2026-06-25;2026-07-07;4;4;70.27;1.26;71.53;0.0;Recebido com atraso;12;Cartão de Crédito;Loja Física;CC-COMERCIAL;2026-02;VEN0545;Recebimento realizado após o vencimento.
CR01075;VEN0683;CLI042;Gustavo Costa;2026-04-26;2026-06-25;2026-06-24;2;6;68.2;0.0;68.2;0.0;Recebido;0;PIX;Loja Física;CC-COMERCIAL;2026-04;VEN0683;Recebimento realizado dentro do prazo.
CR01182;VEN0750;CLI104;Helena Ribeiro;2026-05-26;2026-06-25;2026-06-25;1;1;391.22;0.0;391.22;0.0;Recebido;0;PIX;Loja Física;CC-COMERCIAL;2026-05;VEN0750;Recebimento realizado dentro do prazo.
CR00674;VEN0423;CLI042;Gustavo Costa;2025-12-28;2026-06-26;2026-06-26;6;6;36.44;0.0;36.44;0.0;Recebido;0;Boleto;E-commerce;CC-COMERCIAL;2025-12;VEN0423;Recebimento realizado dentro do prazo.
CR00681;VEN0425;CLI074;Camila Silva;2025-12-28;2026-06-26;2026-06-24;6;6;57.93;0.0;57.93;0.0;Recebido;0;Boleto;E-commerce;CC-COMERCIAL;2025-12;VEN0425;Recebimento realizado dentro do prazo.
CR00878;VEN0548;CLI094;Larissa Almeida;2026-02-26;2026-06-26;2026-06-24;4;4;36.72;0.0;36.72;0.0;Recebido;0;PIX;E-commerce;CC-COMERCIAL;2026-02;VEN0548;Recebimento realizado dentro do prazo.
CR01081;VEN0684;CLI047;Carolina Costa;2026-04-27;2026-06-26;2026-06-24;2;4;156.72;0.0;156.72;0.0;Recebido;0;Boleto;Loja Física;CC-COMERCIAL;2026-04;VEN0684;Recebimento realizado dentro do prazo.
CR01183;VEN0751;CLI084;Cláudia Silva;2026-05-27;2026-06-26;2026-07-16;1;2;224.54;4.49;229.03;0.0;Recebido com atraso;20;Cartão de Crédito;Loja Física;CC-COMERCIAL;2026-05;VEN0751;Recebimento realizado após o vencimento.
CR01085;VEN0686;CLI069;Leonardo Ferreira;2026-04-28;2026-06-27;2026-06-25;2;6;53.66;0.0;53.66;0.0;Recebido;0;PIX;E-commerce;CC-COMERCIAL;2026-04;VEN0686;Recebimento realizado dentro do prazo.
CR00699;VEN0432;CLI114;Fábio Ribeiro;2025-12-30;2026-06-28;;6;6;45.01;0.0;0.0;45.01;Em atraso;33;Cartão de Crédito;E-commerce;CC-COMERCIAL;2025-12;VEN0432;Título pendente de recebimento.
CR01185;VEN0753;CLI002;Helena Souza;2026-05-29;2026-06-28;2026-06-26;1;6;47.27;0.0;47.27;0.0;Recebido;0;Cartão de Débito;E-commerce;CC-COMERCIAL;2026-05;VEN0753;Recebimento realizado dentro do prazo.
CR01191;VEN0754;CLI083;Camila Lima;2026-05-30;2026-06-29;2026-06-26;1;1;57.26;0.0;57.26;0.0;Recebido;0;Cartão de Débito;E-commerce;CC-COMERCIAL;2026-05;VEN0754;Recebimento realizado dentro do prazo.
CR00715;VEN0443;CLI013;Aline Ribeiro;2026-01-01;2026-06-30;2026-06-28;6;6;29.81;0.0;29.81;0.0;Recebido;0;Cartão de Débito;E-commerce;CC-COMERCIAL;2026-01;VEN0443;Recebimento realizado dentro do prazo.
CR00998;VEN0625;CLI006;Thiago Ribeiro;2026-04-01;2026-06-30;2026-06-28;3;4;32.6;0.0;32.6;0.0;Recebido;0;Cartão de Débito;Loja Física;CC-COMERCIAL;2026-04;VEN0625;Recebimento realizado dentro do prazo.
CR01091;VEN0688;CLI074;Camila Silva;2026-05-01;2026-06-30;2026-06-30;2;3;50.52;0.0;50.52;0.0;Recebido;0;Boleto;Loja Física;CC-COMERCIAL;2026-05;VEN0688;Recebimento realizado dentro do prazo.
CR01094;VEN0691;CLI049;Vanessa Souza;2026-05-01;2026-06-30;2026-06-28;2;2;76.07;0.0;76.07;0.0;Recebido;0;Cartão de Débito;WhatsApp;CC-COMERCIAL;2026-05;VEN0691;Recebimento realizado dentro do prazo.
CR01192;VEN0757;CLI046;Diego Silva;2026-05-31;2026-06-30;2026-06-30;1;1;597.28;0.0;597.28;0.0;Recebido;0;Cartão de Débito;E-commerce;CC-COMERCIAL;2026-05;VEN0757;Recebimento realizado dentro do prazo.
CR01193;VEN0758;CLI002;Helena Souza;2026-05-31;2026-06-30;2026-06-28;1;3;195.48;0.0;195.48;0.0;Recebido;0;Cartão de Débito;E-commerce;CC-COMERCIAL;2026-05;VEN0758;Recebimento realizado dentro do prazo.
CR01196;VEN0759;CLI041;Caio Santos;2026-05-31;2026-06-30;2026-06-29;1;1;432.96;0.0;432.96;0.0;Recebido;0;Boleto;E-commerce;CC-COMERCIAL;2026-05;VEN0759;Recebimento realizado dentro do prazo.
CR00811;VEN0506;CLI024;Beatriz Souza;2026-02-01;2026-07-01;2026-06-29;5;6;111.02;0.0;111.02;0.0;Recebido;0;Cartão de Débito;Loja Física;CC-COMERCIAL;2026-02;VEN0506;Recebimento realizado dentro do prazo.
CR01197;VEN0760;CLI052;Gustavo Costa;2026-06-01;2026-07-01;2026-06-30;1;2;283.61;0.0;283.61;0.0;Recebido;0;Cartão de Débito;Loja Física;CC-COMERCIAL;2026-06;VEN0760;Recebimento realizado dentro do prazo.
CR01199;VEN0761;CLI104;Helena Ribeiro;2026-06-01;2026-07-01;;1;1;427.69;0.0;0.0;427.69;Em aberto;0;Cartão de Débito;E-commerce;CC-COMERCIAL;2026-06;VEN0761;Título pendente de recebimento.
CR01200;VEN0763;CLI052;Gustavo Costa;2026-06-01;2026-07-01;;1;1;54.54;0.0;0.0;54.54;Em aberto;0;Cartão de Débito;E-commerce;CC-COMERCIAL;2026-06;VEN0763;Título pendente de recebimento.
CR01201;VEN0764;CLI098;Sofia Ribeiro;2026-06-01;2026-07-01;;1;4;73.35;0.0;0.0;73.35;Em aberto;0;Cartão de Débito;WhatsApp;CC-COMERCIAL;2026-06;VEN0764;Título pendente de recebimento.
CR01205;VEN0767;CLI043;Natália Almeida;2026-06-02;2026-07-02;2026-07-01;1;2;79.39;0.0;79.39;0.0;Recebido;0;Cartão de Débito;E-commerce;CC-COMERCIAL;2026-06;VEN0767;Recebimento realizado dentro do prazo.
CR00897;VEN0562;CLI114;Fábio Ribeiro;2026-03-05;2026-07-03;;4;6;38.97;0.0;0.0;38.97;Em atraso;28;Cartão de Débito;Loja Física;CC-COMERCIAL;2026-03;VEN0562;Título pendente de recebimento.
CR00903;VEN0563;CLI028;Natália Silva;2026-03-05;2026-07-03;2026-06-30;4;6;96.47;0.0;96.47;0.0;Recebido;0;Cartão de Débito;Loja Física;CC-COMERCIAL;2026-03;VEN0563;Recebimento realizado dentro do prazo.
CR01099;VEN0697;CLI073;Cláudia Gomes;2026-05-04;2026-07-03;2026-07-02;2;2;150.06;0.0;150.06;0.0;Recebido;0;PIX;Loja Física;CC-COMERCIAL;2026-05;VEN0697;Recebimento realizado dentro do prazo.
CR01207;VEN0769;CLI065;Carlos Silva;2026-06-03;2026-07-03;;1;3;70.05;0.0;0.0;70.05;Em aberto;0;Cartão de Débito;E-commerce;CC-COMERCIAL;2026-06;VEN0769;Título pendente de recebimento.
CR01210;VEN0770;CLI024;Beatriz Souza;2026-06-03;2026-07-03;;1;1;172.09;0.0;0.0;172.09;Em aberto;0;Cartão de Débito;Loja Física;CC-COMERCIAL;2026-06;VEN0770;Título pendente de recebimento.
CR01211;VEN0771;CLI109;Bianca Almeida;2026-06-03;2026-07-03;;1;1;711.0;0.0;0.0;711.0;Em aberto;0;Cartão de Crédito;Loja Física;CC-COMERCIAL;2026-06;VEN0771;Título pendente de recebimento.
CR00820;VEN0511;CLI073;Cláudia Gomes;2026-02-04;2026-07-04;;5;6;80.32;0.0;0.0;80.32;Em aberto;0;PIX;Loja Física;CC-COMERCIAL;2026-02;VEN0511;Título pendente de recebimento.
CR01101;VEN0698;CLI112;Lucas Oliveira;2026-05-05;2026-07-04;2026-07-04;2;2;121.48;0.0;121.48;0.0;Recebido;0;Boleto;E-commerce;CC-COMERCIAL;2026-05;VEN0698;Recebimento realizado dentro do prazo.
CR01212;VEN0773;CLI048;Daniel Ferreira;2026-06-04;2026-07-04;2026-07-02;1;1;83.54;0.0;83.54;0.0;Recebido;0;Cartão de Crédito;WhatsApp;CC-COMERCIAL;2026-06;VEN0773;Recebimento realizado dentro do prazo.
CR00727;VEN0451;CLI060;Gustavo Almeida;2026-01-06;2026-07-05;2026-07-03;6;6;79.94;0.0;79.94;0.0;Recebido;0;Cartão de Débito;E-commerce;CC-COMERCIAL;2026-01;VEN0451;Recebimento realizado dentro do prazo.
CR01007;VEN0636;CLI044;Igor Souza;2026-04-06;2026-07-05;;3;4;126.06;0.0;0.0;126.06;Em aberto;0;PIX;Loja Física;CC-COMERCIAL;2026-04;VEN0636;Título pendente de recebimento.
CR01011;VEN0637;CLI065;Carlos Silva;2026-04-06;2026-07-05;2026-07-05;3;6;26.81;0.0;26.81;0.0;Recebido;0;Cartão de Débito;Loja Física;CC-COMERCIAL;2026-04;VEN0637;Recebimento realizado dentro do prazo.
CR01103;VEN0702;CLI002;Helena Souza;2026-05-06;2026-07-05;2026-07-05;2;2;281.02;0.0;281.02;0.0;Recebido;0;Cartão de Crédito;E-commerce;CC-COMERCIAL;2026-05;VEN0702;Recebimento realizado dentro do prazo.
CR01105;VEN0704;CLI104;Helena Ribeiro;2026-05-07;2026-07-06;;2;6;37.52;0.0;0.0;37.52;Em aberto;0;PIX;Loja Física;CC-COMERCIAL;2026-05;VEN0704;Título pendente de recebimento.
CR01111;VEN0705;CLI034;Fernanda Santos;2026-05-07;2026-07-06;;2;3;101.95;0.0;0.0;101.95;Em aberto;0;PIX;WhatsApp;CC-COMERCIAL;2026-05;VEN0705;Título pendente de recebimento.
CR01213;VEN0775;CLI046;Diego Silva;2026-06-07;2026-07-07;2026-07-05;1;3;172.09;0.0;172.09;0.0;Recebido;0;PIX;Loja Física;CC-COMERCIAL;2026-06;VEN0775;Recebimento realizado dentro do prazo.
CR01216;VEN0776;CLI053;Bianca Lima;2026-06-07;2026-07-07;;1;3;67.92;0.0;0.0;67.92;Em aberto;0;Cartão de Débito;E-commerce;CC-COMERCIAL;2026-06;VEN0776;Título pendente de recebimento.
CR01018;VEN0642;CLI052;Gustavo Costa;2026-04-09;2026-07-08;;3;3;123.15;0.0;0.0;123.15;Em aberto;0;Cartão de Débito;Loja Física;CC-COMERCIAL;2026-04;VEN0642;Título pendente de recebimento.
CR00759;VEN0470;CLI015;Patricia Silva;2026-01-10;2026-07-09;;6;6;79.74;0.0;0.0;79.74;Em aberto;0;Cartão de Débito;Loja Física;CC-COMERCIAL;2026-01;VEN0470;Título pendente de recebimento.
CR00923;VEN0576;CLI116;Caio Silva;2026-03-11;2026-07-09;;4;4;96.58;0.0;0.0;96.58;Em aberto;0;Boleto;Loja Física;CC-COMERCIAL;2026-03;VEN0576;Título pendente de recebimento.
CR00929;VEN0578;CLI018;Fernanda Gomes;2026-03-11;2026-07-09;2026-07-08;4;4;92.28;0.0;92.28;0.0;Recebido;0;Boleto;Loja Física;CC-COMERCIAL;2026-03;VEN0578;Recebimento realizado dentro do prazo.
CR01219;VEN0777;CLI013;Aline Ribeiro;2026-06-09;2026-07-09;;1;3;96.72;0.0;0.0;96.72;Em atraso;22;Cartão de Crédito;Loja Física;CC-COMERCIAL;2026-06;VEN0777;Título pendente de recebimento.
CR01025;VEN0648;CLI104;Helena Ribeiro;2026-04-11;2026-07-10;2026-07-07;3;4;54.76;0.0;54.76;0.0;Recebido;0;Cartão de Crédito;Loja Física;CC-COMERCIAL;2026-04;VEN0648;Recebimento realizado dentro do prazo.
CR01029;VEN0650;CLI015;Patricia Silva;2026-04-11;2026-07-10;;3;6;72.16;0.0;0.0;72.16;Em aberto;0;Boleto;Loja Física;CC-COMERCIAL;2026-04;VEN0650;Título pendente de recebimento.
CR01035;VEN0651;CLI053;Bianca Lima;2026-04-11;2026-07-10;2026-07-07;3;3;41.47;0.0;41.47;0.0;Recebido;0;Cartão de Crédito;E-commerce;CC-COMERCIAL;2026-04;VEN0651;Recebimento realizado dentro do prazo.
CR01222;VEN0779;CLI026;Priscila Santos;2026-06-10;2026-07-10;2026-07-10;1;2;321.78;0.0;321.78;0.0;Recebido;0;PIX;E-commerce;CC-COMERCIAL;2026-06;VEN0779;Recebimento realizado dentro do prazo.
CR01224;VEN0780;CLI045;Bruno Souza;2026-06-10;2026-07-10;;1;1;277.85;0.0;0.0;277.85;Em aberto;0;PIX;Loja Física;CC-COMERCIAL;2026-06;VEN0780;Título pendente de recebimento.
CR01225;VEN0781;CLI060;Gustavo Almeida;2026-06-10;2026-07-10;2026-07-08;1;1;1153.83;0.0;1153.83;0.0;Recebido;0;PIX;Loja Física;CC-COMERCIAL;2026-06;VEN0781;Recebimento realizado dentro do prazo.
CR01226;VEN0782;CLI115;Lucas Lima;2026-06-10;2026-07-10;;1;1;139.03;0.0;0.0;139.03;Em aberto;0;Cartão de Crédito;E-commerce;CC-COMERCIAL;2026-06;VEN0782;Título pendente de recebimento.
CR01117;VEN0715;CLI112;Lucas Oliveira;2026-05-12;2026-07-11;;2;4;55.12;0.0;0.0;55.12;Em aberto;0;PIX;Loja Física;CC-COMERCIAL;2026-05;VEN0715;Título pendente de recebimento.
CR01121;VEN0717;CLI069;Leonardo Ferreira;2026-05-12;2026-07-11;;2;3;124.81;0.0;0.0;124.81;Em atraso;20;PIX;Loja Física;CC-COMERCIAL;2026-05;VEN0717;Título pendente de recebimento.
CR01227;VEN0783;CLI046;Diego Silva;2026-06-11;2026-07-11;2026-07-10;1;3;25.44;0.0;25.44;0.0;Recebido;0;Cartão de Crédito;Loja Física;CC-COMERCIAL;2026-06;VEN0783;Recebimento realizado dentro do prazo.
CR01230;VEN0784;CLI081;Leonardo Costa;2026-06-11;2026-07-11;;1;1;233.84;0.0;0.0;233.84;Em aberto;0;PIX;Loja Física;CC-COMERCIAL;2026-06;VEN0784;Título pendente de recebimento.
CR00942;VEN0590;CLI060;Gustavo Almeida;2026-03-14;2026-07-12;;4;4;58.04;0.0;0.0;58.04;Em atraso;19;Boleto;Loja Física;CC-COMERCIAL;2026-03;VEN0590;Título pendente de recebimento.
CR01124;VEN0718;CLI073;Cláudia Gomes;2026-05-13;2026-07-12;;2;4;58.02;0.0;0.0;58.02;Em atraso;19;Boleto;WhatsApp;CC-COMERCIAL;2026-05;VEN0718;Título pendente de recebimento.
CR01129;VEN0720;CLI074;Camila Silva;2026-05-13;2026-07-12;;2;3;304.13;0.0;0.0;304.13;Em aberto;0;Cartão de Crédito;Loja Física;CC-COMERCIAL;2026-05;VEN0720;Título pendente de recebimento.
CR01132;VEN0721;CLI081;Leonardo Costa;2026-05-13;2026-07-12;;2;3;40.17;0.0;0.0;40.17;Em aberto;0;PIX;Loja Física;CC-COMERCIAL;2026-05;VEN0721;Título pendente de recebimento.
CR01135;VEN0722;CLI049;Vanessa Souza;2026-05-14;2026-07-13;;2;4;37.4;0.0;0.0;37.4;Em atraso;18;Cartão de Débito;Loja Física;CC-COMERCIAL;2026-05;VEN0722;Título pendente de recebimento.
CR01043;VEN0659;CLI086;Rafael Santos;2026-04-15;2026-07-14;2026-07-11;3;4;79.77;0.0;79.77;0.0;Recebido;0;PIX;WhatsApp;CC-COMERCIAL;2026-04;VEN0659;Recebimento realizado dentro do prazo.
CR01139;VEN0723;CLI053;Bianca Lima;2026-05-15;2026-07-14;;2;6;24.12;0.0;0.0;24.12;Em aberto;0;Cartão de Crédito;E-commerce;CC-COMERCIAL;2026-05;VEN0723;Título pendente de recebimento.
CR01145;VEN0724;CLI060;Gustavo Almeida;2026-05-15;2026-07-14;;2;3;267.23;0.0;0.0;267.23;Em aberto;0;Cartão de Débito;E-commerce;CC-COMERCIAL;2026-05;VEN0724;Título pendente de recebimento.
CR01148;VEN0725;CLI015;Patricia Silva;2026-05-15;2026-07-14;;2;4;56.27;0.0;0.0;56.27;Em atraso;17;PIX;Loja Física;CC-COMERCIAL;2026-05;VEN0725;Título pendente de recebimento.
CR01231;VEN0786;CLI049;Vanessa Souza;2026-06-14;2026-07-14;;1;6;37.01;0.0;0.0;37.01;Em aberto;0;Cartão de Crédito;Loja Física;CC-COMERCIAL;2026-06;VEN0786;Título pendente de recebimento.
CR01237;VEN0790;CLI052;Gustavo Costa;2026-06-14;2026-07-14;;1;1;158.79;0.0;0.0;158.79;Em aberto;0;Cartão de Crédito;WhatsApp;CC-COMERCIAL;2026-06;VEN0790;Título pendente de recebimento.
CR01238;VEN0791;CLI104;Helena Ribeiro;2026-06-14;2026-07-14;2026-07-13;1;1;304.13;0.0;304.13;0.0;Recebido;0;Cartão de Crédito;Loja Física;CC-COMERCIAL;2026-06;VEN0791;Recebimento realizado dentro do prazo.
CR01047;VEN0661;CLI074;Camila Silva;2026-04-16;2026-07-15;;3;4;14.31;0.0;0.0;14.31;Em atraso;16;Cartão de Débito;Loja Física;CC-COMERCIAL;2026-04;VEN0661;Título pendente de recebimento.
CR01152;VEN0727;CLI104;Helena Ribeiro;2026-05-16;2026-07-15;2026-07-14;2;3;74.02;0.0;74.02;0.0;Recebido;0;Cartão de Crédito;Loja Física;CC-COMERCIAL;2026-05;VEN0727;Recebimento realizado dentro do prazo.
CR01239;VEN0793;CLI075;João Ferreira;2026-06-15;2026-07-15;2026-07-13;1;1;87.94;0.0;87.94;0.0;Recebido;0;Cartão de Crédito;E-commerce;CC-COMERCIAL;2026-06;VEN0793;Recebimento realizado dentro do prazo.
CR00956;VEN0596;CLI060;Gustavo Almeida;2026-03-18;2026-07-16;;4;6;65.89;0.0;0.0;65.89;Em aberto;0;PIX;Loja Física;CC-COMERCIAL;2026-03;VEN0596;Título pendente de recebimento.
CR01156;VEN0730;CLI006;Thiago Ribeiro;2026-05-17;2026-07-16;;2;4;223.81;0.0;0.0;223.81;Em atraso;15;Cartão de Débito;Loja Física;CC-COMERCIAL;2026-05;VEN0730;Título pendente de recebimento.
CR01160;VEN0731;CLI092;Vinicius Silva;2026-05-17;2026-07-16;;2;4;54.12;0.0;0.0;54.12;Em aberto;0;Cartão de Débito;E-commerce;CC-COMERCIAL;2026-05;VEN0731;Título pendente de recebimento.
CR01240;VEN0796;CLI100;Priscila Gomes;2026-06-16;2026-07-16;2026-07-16;1;1;386.26;0.0;386.26;0.0;Recebido;0;PIX;E-commerce;CC-COMERCIAL;2026-06;VEN0796;Recebimento realizado dentro do prazo.
CR01241;VEN0797;CLI053;Bianca Lima;2026-06-16;2026-07-16;;1;6;50.69;0.0;0.0;50.69;Em aberto;0;PIX;E-commerce;CC-COMERCIAL;2026-06;VEN0797;Título pendente de recebimento.
CR01247;VEN0799;CLI114;Fábio Ribeiro;2026-06-16;2026-07-16;2026-07-13;1;2;116.05;0.0;116.05;0.0;Recebido;0;PIX;E-commerce;CC-COMERCIAL;2026-06;VEN0799;Recebimento realizado dentro do prazo.
CR01249;VEN0800;CLI116;Caio Silva;2026-06-17;2026-07-17;;1;6;19.09;0.0;0.0;19.09;Em aberto;0;Cartão de Débito;WhatsApp;CC-COMERCIAL;2026-06;VEN0800;Título pendente de recebimento.
CR01255;VEN0801;CLI002;Helena Souza;2026-06-17;2026-07-17;;1;4;80.48;0.0;0.0;80.48;Em aberto;0;PIX;Loja Física;CC-COMERCIAL;2026-06;VEN0801;Título pendente de recebimento.
CR00969;VEN0602;CLI101;Amanda Costa;2026-03-20;2026-07-18;2026-07-15;4;4;128.57;0.0;128.57;0.0;Recebido;0;Boleto;E-commerce;CC-COMERCIAL;2026-03;VEN0602;Recebimento realizado dentro do prazo.
CR01259;VEN0802;CLI096;Beatriz Oliveira;2026-06-18;2026-07-18;;1;4;50.46;0.0;0.0;50.46;Em aberto;0;Cartão de Crédito;E-commerce;CC-COMERCIAL;2026-06;VEN0802;Título pendente de recebimento.
CR01263;VEN0803;CLI042;Gustavo Costa;2026-06-18;2026-07-18;2026-07-17;1;1;59.03;0.0;59.03;0.0;Recebido;0;Cartão de Débito;Loja Física;CC-COMERCIAL;2026-06;VEN0803;Recebimento realizado dentro do prazo.
CR00855;VEN0535;CLI087;Thiago Lima;2026-02-19;2026-07-19;;5;6;36.5;0.0;0.0;36.5;Em aberto;0;Cartão de Crédito;E-commerce;CC-COMERCIAL;2026-02;VEN0535;Título pendente de recebimento.
CR00861;VEN0536;CLI056;Larissa Lima;2026-02-19;2026-07-19;;5;6;53.62;0.0;0.0;53.62;Em aberto;0;PIX;Loja Física;CC-COMERCIAL;2026-02;VEN0536;Título pendente de recebimento.
CR01059;VEN0670;CLI046;Diego Silva;2026-04-20;2026-07-19;2026-07-16;3;3;200.08;0.0;200.08;0.0;Recebido;0;PIX;E-commerce;CC-COMERCIAL;2026-04;VEN0670;Recebimento realizado dentro do prazo.
CR01264;VEN0804;CLI049;Vanessa Souza;2026-06-19;2026-07-19;2026-07-16;1;1;72.5;0.0;72.5;0.0;Recebido;0;PIX;E-commerce;CC-COMERCIAL;2026-06;VEN0804;Recebimento realizado dentro do prazo.
CR01265;VEN0807;CLI006;Thiago Ribeiro;2026-06-19;2026-07-19;;1;4;93.61;0.0;0.0;93.61;Em atraso;12;Boleto;E-commerce;CC-COMERCIAL;2026-06;VEN0807;Título pendente de recebimento.
CR01269;VEN0808;CLI104;Helena Ribeiro;2026-06-19;2026-07-19;;1;1;263.82;0.0;0.0;263.82;Em aberto;0;PIX;Loja Física;CC-COMERCIAL;2026-06;VEN0808;Título pendente de recebimento.
CR01270;VEN0809;CLI097;Lucas Ferreira;2026-06-19;2026-07-19;2026-07-16;1;1;110.81;0.0;110.81;0.0;Recebido;0;PIX;WhatsApp;CC-COMERCIAL;2026-06;VEN0809;Recebimento realizado dentro do prazo.
CR00976;VEN0605;CLI006;Thiago Ribeiro;2026-03-22;2026-07-20;2026-07-20;4;6;82.89;0.0;82.89;0.0;Recebido;0;Boleto;E-commerce;CC-COMERCIAL;2026-03;VEN0605;Recebimento realizado dentro do prazo.
CR01170;VEN0742;CLI013;Aline Ribeiro;2026-05-21;2026-07-20;;2;2;86.04;0.0;0.0;86.04;Em aberto;0;Cartão de Crédito;WhatsApp;CC-COMERCIAL;2026-05;VEN0742;Título pendente de recebimento.
CR01271;VEN0810;CLI031;Leonardo Souza;2026-06-20;2026-07-20;2026-07-20;1;4;38.03;0.0;38.03;0.0;Recebido;0;Cartão de Débito;Loja Física;CC-COMERCIAL;2026-06;VEN0810;Recebimento realizado dentro do prazo.
CR01275;VEN0811;CLI112;Lucas Oliveira;2026-06-20;2026-07-20;2026-07-19;1;4;283.61;0.0;283.61;0.0;Recebido;0;Boleto;E-commerce;CC-COMERCIAL;2026-06;VEN0811;Recebimento realizado dentro do prazo.
CR01279;VEN0813;CLI020;Diego Almeida;2026-06-22;2026-07-22;2026-07-19;1;1;320.3;0.0;320.3;0.0;Recebido;0;Cartão de Débito;Loja Física;CC-COMERCIAL;2026-06;VEN0813;Recebimento realizado dentro do prazo.
CR00792;VEN0492;CLI042;Gustavo Costa;2026-01-24;2026-07-23;;6;6;104.77;0.0;0.0;104.77;Em aberto;0;Boleto;Loja Física;CC-COMERCIAL;2026-01;VEN0492;Título pendente de recebimento.
CR01173;VEN0747;CLI114;Fábio Ribeiro;2026-05-24;2026-07-23;2026-07-20;2;2;444.1;0.0;444.1;0.0;Recebido;0;Cartão de Crédito;WhatsApp;CC-COMERCIAL;2026-05;VEN0747;Recebimento realizado dentro do prazo.
CR01280;VEN0814;CLI036;Leonardo Santos;2026-06-23;2026-07-23;2026-07-22;1;1;769.22;0.0;769.22;0.0;Recebido;0;Boleto;Loja Física;CC-COMERCIAL;2026-06;VEN0814;Recebimento realizado dentro do prazo.
CR01281;VEN0816;CLI046;Diego Silva;2026-06-23;2026-07-23;2026-07-23;1;4;105.08;0.0;105.08;0.0;Recebido;0;Cartão de Débito;Loja Física;CC-COMERCIAL;2026-06;VEN0816;Recebimento realizado dentro do prazo.
CR01072;VEN0682;CLI023;Rafael Gomes;2026-04-25;2026-07-24;;3;4;44.74;0.0;0.0;44.74;Em aberto;0;Cartão de Débito;Loja Física;CC-COMERCIAL;2026-04;VEN0682;Título pendente de recebimento.
CR01175;VEN0748;CLI013;Aline Ribeiro;2026-05-25;2026-07-24;;2;4;182.69;0.0;0.0;182.69;Em aberto;0;Cartão de Débito;E-commerce;CC-COMERCIAL;2026-05;VEN0748;Título pendente de recebimento.
CR01179;VEN0749;CLI101;Amanda Costa;2026-05-25;2026-07-24;;2;4;300.63;0.0;0.0;300.63;Em atraso;7;Cartão de Crédito;Loja Física;CC-COMERCIAL;2026-05;VEN0749;Título pendente de recebimento.
CR01285;VEN0819;CLI085;Natália Gomes;2026-06-24;2026-07-24;;1;6;25.14;0.0;0.0;25.14;Em aberto;0;Boleto;WhatsApp;CC-COMERCIAL;2026-06;VEN0819;Título pendente de recebimento.
CR01291;VEN0820;CLI030;Renata Ribeiro;2026-06-24;2026-07-24;2026-07-23;1;4;294.47;0.0;294.47;0.0;Recebido;0;PIX;Loja Física;CC-COMERCIAL;2026-06;VEN0820;Recebimento realizado dentro do prazo.
CR01076;VEN0683;CLI042;Gustavo Costa;2026-04-26;2026-07-25;;3;6;68.2;0.0;0.0;68.2;Em aberto;0;PIX;Loja Física;CC-COMERCIAL;2026-04;VEN0683;Título pendente de recebimento.
CR01082;VEN0684;CLI047;Carolina Costa;2026-04-27;2026-07-26;;3;4;156.72;0.0;0.0;156.72;Em aberto;0;Boleto;Loja Física;CC-COMERCIAL;2026-04;VEN0684;Título pendente de recebimento.
CR01184;VEN0751;CLI084;Cláudia Silva;2026-05-27;2026-07-26;;2;2;224.55;0.0;0.0;224.55;Em aberto;0;Cartão de Crédito;Loja Física;CC-COMERCIAL;2026-05;VEN0751;Título pendente de recebimento.
CR01295;VEN0824;CLI052;Gustavo Costa;2026-06-26;2026-07-26;;1;1;464.2;0.0;0.0;464.2;Em aberto;0;Boleto;Loja Física;CC-COMERCIAL;2026-06;VEN0824;Título pendente de recebimento.
CR01086;VEN0686;CLI069;Leonardo Ferreira;2026-04-28;2026-07-27;;3;6;53.66;0.0;0.0;53.66;Em atraso;4;PIX;E-commerce;CC-COMERCIAL;2026-04;VEN0686;Título pendente de recebimento.
CR01186;VEN0753;CLI002;Helena Souza;2026-05-29;2026-07-28;2026-07-28;2;6;47.27;0.0;47.27;0.0;Recebido;0;Cartão de Débito;E-commerce;CC-COMERCIAL;2026-05;VEN0753;Recebimento realizado dentro do prazo.
CR01296;VEN0825;CLI087;Thiago Lima;2026-06-28;2026-07-28;2026-07-26;1;1;269.43;0.0;269.43;0.0;Recebido;0;Boleto;E-commerce;CC-COMERCIAL;2026-06;VEN0825;Recebimento realizado dentro do prazo.
CR01297;VEN0826;CLI023;Rafael Gomes;2026-06-28;2026-07-28;2026-07-25;1;6;101.38;0.0;101.38;0.0;Recebido;0;PIX;Loja Física;CC-COMERCIAL;2026-06;VEN0826;Recebimento realizado dentro do prazo.
CR01303;VEN0827;CLI002;Helena Souza;2026-06-29;2026-07-29;2026-07-27;1;1;608.26;0.0;608.26;0.0;Recebido;0;Boleto;E-commerce;CC-COMERCIAL;2026-06;VEN0827;Recebimento realizado dentro do prazo.
CR00999;VEN0625;CLI006;Thiago Ribeiro;2026-04-01;2026-07-30;2026-07-29;4;4;32.61;0.0;32.61;0.0;Recebido;0;Cartão de Débito;Loja Física;CC-COMERCIAL;2026-04;VEN0625;Recebimento realizado dentro do prazo.
CR01092;VEN0688;CLI074;Camila Silva;2026-05-01;2026-07-30;;3;3;50.51;0.0;0.0;50.51;Em aberto;0;Boleto;Loja Física;CC-COMERCIAL;2026-05;VEN0688;Título pendente de recebimento.
CR01194;VEN0758;CLI002;Helena Souza;2026-05-31;2026-07-30;;2;3;195.48;0.0;0.0;195.48;Em aberto;0;Cartão de Débito;E-commerce;CC-COMERCIAL;2026-05;VEN0758;Título pendente de recebimento.
CR01304;VEN0829;CLI030;Renata Ribeiro;2026-06-30;2026-07-30;2026-07-29;1;1;230.81;0.0;230.81;0.0;Recebido;0;Cartão de Débito;WhatsApp;CC-COMERCIAL;2026-06;VEN0829;Recebimento realizado dentro do prazo.
CR01305;VEN0830;CLI042;Gustavo Costa;2026-06-30;2026-07-30;2026-07-30;1;2;158.79;0.0;158.79;0.0;Recebido;0;Cartão de Débito;Loja Física;CC-COMERCIAL;2026-06;VEN0830;Recebimento realizado dentro do prazo.
CR00812;VEN0506;CLI024;Beatriz Souza;2026-02-01;2026-07-31;;6;6;111.05;0.0;0.0;111.05;Em aberto;0;Cartão de Débito;Loja Física;CC-COMERCIAL;2026-02;VEN0506;Título pendente de recebimento.
CR01198;VEN0760;CLI052;Gustavo Costa;2026-06-01;2026-07-31;2026-07-29;2;2;283.61;0.0;283.61;0.0;Recebido;0;Cartão de Débito;Loja Física;CC-COMERCIAL;2026-06;VEN0760;Recebimento realizado dentro do prazo.
CR01202;VEN0764;CLI098;Sofia Ribeiro;2026-06-01;2026-07-31;2026-07-28;2;4;73.35;0.0;73.35;0.0;Recebido;0;Cartão de Débito;WhatsApp;CC-COMERCIAL;2026-06;VEN0764;Recebimento realizado dentro do prazo.
CR01307;VEN0831;CLI066;Amanda Silva;2026-07-01;2026-07-31;2026-07-30;1;4;152.06;0.0;152.06;0.0;Recebido;0;PIX;E-commerce;CC-COMERCIAL;2026-07;VEN0831;Recebimento realizado dentro do prazo.
CR01311;VEN0832;CLI101;Amanda Costa;2026-07-01;2026-07-31;;1;1;144.71;0.0;0.0;144.71;Em aberto;0;Cartão de Débito;Loja Física;CC-COMERCIAL;2026-07;VEN0832;Título pendente de recebimento.
CR01312;VEN0834;CLI098;Sofia Ribeiro;2026-07-01;2026-07-31;2026-07-29;1;1;261.74;0.0;261.74;0.0;Recebido;0;Boleto;Loja Física;CC-COMERCIAL;2026-07;VEN0834;Recebimento realizado dentro do prazo.
CR01206;VEN0767;CLI043;Natália Almeida;2026-06-02;2026-08-01;2026-07-31;2;2;79.4;0.0;79.4;0.0;Recebido;0;Cartão de Débito;E-commerce;CC-COMERCIAL;2026-06;VEN0767;Recebimento realizado dentro do prazo.
CR01313;VEN0836;CLI046;Diego Silva;2026-07-02;2026-08-01;;1;4;56.27;0.0;0.0;56.27;Em aberto;0;Boleto;Loja Física;CC-COMERCIAL;2026-07;VEN0836;Título pendente de recebimento.
CR00898;VEN0562;CLI114;Fábio Ribeiro;2026-03-05;2026-08-02;;5;6;38.97;0.0;0.0;38.97;Em aberto;0;Cartão de Débito;Loja Física;CC-COMERCIAL;2026-03;VEN0562;Título pendente de recebimento.
CR00904;VEN0563;CLI028;Natália Silva;2026-03-05;2026-08-02;;5;6;96.47;0.0;0.0;96.47;Em aberto;0;Cartão de Débito;Loja Física;CC-COMERCIAL;2026-03;VEN0563;Título pendente de recebimento.
CR01208;VEN0769;CLI065;Carlos Silva;2026-06-03;2026-08-02;2026-07-30;2;3;70.05;0.0;70.05;0.0;Recebido;0;Cartão de Débito;E-commerce;CC-COMERCIAL;2026-06;VEN0769;Recebimento realizado dentro do prazo.
CR01317;VEN0838;CLI051;Vanessa Costa;2026-07-03;2026-08-02;;1;1;298.41;0.0;0.0;298.41;Em atraso;1;Boleto;E-commerce;CC-COMERCIAL;2026-07;VEN0838;Título pendente de recebimento.
CR00821;VEN0511;CLI073;Cláudia Gomes;2026-02-04;2026-08-03;2026-08-02;6;6;80.31;0.0;80.31;0.0;Recebido;0;PIX;Loja Física;CC-COMERCIAL;2026-02;VEN0511;Recebimento realizado dentro do prazo.
CR01318;VEN0839;CLI060;Gustavo Almeida;2026-07-04;2026-08-03;2026-08-02;1;1;482.55;0.0;482.55;0.0;Recebido;0;PIX;Loja Física;CC-COMERCIAL;2026-07;VEN0839;Recebimento realizado dentro do prazo.
CR01319;VEN0840;CLI073;Cláudia Gomes;2026-07-04;2026-08-03;2026-07-31;1;2;275.65;0.0;275.65;0.0;Recebido;0;Boleto;E-commerce;CC-COMERCIAL;2026-07;VEN0840;Recebimento realizado dentro do prazo.
CR01008;VEN0636;CLI044;Igor Souza;2026-04-06;2026-08-04;2026-08-03;4;4;126.06;0.0;126.06;0.0;Recebido;0;PIX;Loja Física;CC-COMERCIAL;2026-04;VEN0636;Recebimento realizado dentro do prazo.
CR01012;VEN0637;CLI065;Carlos Silva;2026-04-06;2026-08-04;;4;6;26.81;0.0;0.0;26.81;Em aberto;0;Cartão de Débito;Loja Física;CC-COMERCIAL;2026-04;VEN0637;Título pendente de recebimento.
CR01321;VEN0841;CLI043;Natália Almeida;2026-07-05;2026-08-04;;1;6;53.63;0.0;0.0;53.63;Em aberto;0;Boleto;E-commerce;CC-COMERCIAL;2026-07;VEN0841;Título pendente de recebimento.
CR01106;VEN0704;CLI104;Helena Ribeiro;2026-05-07;2026-08-05;;3;6;37.52;0.0;0.0;37.52;Em aberto;0;PIX;Loja Física;CC-COMERCIAL;2026-05;VEN0704;Título pendente de recebimento.
CR01112;VEN0705;CLI034;Fernanda Santos;2026-05-07;2026-08-05;2026-08-02;3;3;101.94;0.0;101.94;0.0;Recebido;0;PIX;WhatsApp;CC-COMERCIAL;2026-05;VEN0705;Recebimento realizado dentro do prazo.
CR01327;VEN0842;CLI081;Leonardo Costa;2026-07-06;2026-08-05;;1;3;53.38;0.0;0.0;53.38;Em aberto;0;Cartão de Crédito;E-commerce;CC-COMERCIAL;2026-07;VEN0842;Título pendente de recebimento.
CR01330;VEN0843;CLI112;Lucas Oliveira;2026-07-06;2026-08-05;;1;4;32.3;0.0;0.0;32.3;Em aberto;0;Cartão de Crédito;Loja Física;CC-COMERCIAL;2026-07;VEN0843;Título pendente de recebimento.
CR01334;VEN0844;CLI116;Caio Silva;2026-07-06;2026-08-05;2026-08-02;1;4;96.15;0.0;96.15;0.0;Recebido;0;Cartão de Débito;WhatsApp;CC-COMERCIAL;2026-07;VEN0844;Recebimento realizado dentro do prazo.
CR01214;VEN0775;CLI046;Diego Silva;2026-06-07;2026-08-06;;2;3;172.09;0.0;0.0;172.09;Em aberto;0;PIX;Loja Física;CC-COMERCIAL;2026-06;VEN0775;Título pendente de recebimento.
CR01217;VEN0776;CLI053;Bianca Lima;2026-06-07;2026-08-06;;2;3;67.92;0.0;0.0;67.92;Em aberto;0;Cartão de Débito;E-commerce;CC-COMERCIAL;2026-06;VEN0776;Título pendente de recebimento.
CR01338;VEN0845;CLI068;Larissa Ribeiro;2026-07-07;2026-08-06;2026-08-03;1;2;140.51;0.0;140.51;0.0;Recebido;0;Cartão de Crédito;Loja Física;CC-COMERCIAL;2026-07;VEN0845;Recebimento realizado dentro do prazo.
CR01340;VEN0846;CLI006;Thiago Ribeiro;2026-07-07;2026-08-06;2026-08-05;1;6;17.04;0.0;17.04;0.0;Recebido;0;Cartão de Débito;Loja Física;CC-COMERCIAL;2026-07;VEN0846;Recebimento realizado dentro do prazo.
CR01346;VEN0847;CLI044;Igor Souza;2026-07-08;2026-08-07;;1;1;355.5;0.0;0.0;355.5;Em aberto;0;PIX;E-commerce;CC-COMERCIAL;2026-07;VEN0847;Título pendente de recebimento.
CR01220;VEN0777;CLI013;Aline Ribeiro;2026-06-09;2026-08-08;;2;3;96.72;0.0;0.0;96.72;Em aberto;0;Cartão de Crédito;Loja Física;CC-COMERCIAL;2026-06;VEN0777;Título pendente de recebimento.
CR01347;VEN0848;CLI114;Fábio Ribeiro;2026-07-09;2026-08-08;;1;2;186.81;0.0;0.0;186.81;Em aberto;0;Cartão de Crédito;Loja Física;CC-COMERCIAL;2026-07;VEN0848;Título pendente de recebimento.
CR01349;VEN0849;CLI081;Leonardo Costa;2026-07-09;2026-08-08;;1;2;88.88;0.0;0.0;88.88;Em aberto;0;PIX;Loja Física;CC-COMERCIAL;2026-07;VEN0849;Título pendente de recebimento.
CR01351;VEN0850;CLI035;Amanda Ferreira;2026-07-09;2026-08-08;;1;4;38.59;0.0;0.0;38.59;Em atraso;1;Boleto;E-commerce;CC-COMERCIAL;2026-07;VEN0850;Título pendente de recebimento.
CR01026;VEN0648;CLI104;Helena Ribeiro;2026-04-11;2026-08-09;2026-08-07;4;4;54.74;0.0;54.74;0.0;Recebido;0;Cartão de Crédito;Loja Física;CC-COMERCIAL;2026-04;VEN0648;Recebimento realizado dentro do prazo.
CR01030;VEN0650;CLI015;Patricia Silva;2026-04-11;2026-08-09;;4;6;72.16;0.0;0.0;72.16;Em aberto;0;Boleto;Loja Física;CC-COMERCIAL;2026-04;VEN0650;Título pendente de recebimento.
CR01223;VEN0779;CLI026;Priscila Santos;2026-06-10;2026-08-09;;2;2;321.78;0.0;0.0;321.78;Em atraso;1;PIX;E-commerce;CC-COMERCIAL;2026-06;VEN0779;Título pendente de recebimento.
CR01355;VEN0853;CLI043;Natália Almeida;2026-07-10;2026-08-09;;1;1;283.49;0.0;0.0;283.49;Em atraso;1;PIX;E-commerce;CC-COMERCIAL;2026-07;VEN0853;Título pendente de recebimento.
CR01356;VEN0854;CLI099;Cláudia Silva;2026-07-10;2026-08-09;;1;1;465.86;0.0;0.0;465.86;Em aberto;0;Cartão de Crédito;E-commerce;CC-COMERCIAL;2026-07;VEN0854;Título pendente de recebimento.
CR01118;VEN0715;CLI112;Lucas Oliveira;2026-05-12;2026-08-10;;3;4;55.12;0.0;0.0;55.12;Em aberto;0;PIX;Loja Física;CC-COMERCIAL;2026-05;VEN0715;Título pendente de recebimento.
CR01122;VEN0717;CLI069;Leonardo Ferreira;2026-05-12;2026-08-10;;3;3;124.8;0.0;0.0;124.8;Em aberto;0;PIX;Loja Física;CC-COMERCIAL;2026-05;VEN0717;Título pendente de recebimento.
CR01228;VEN0783;CLI046;Diego Silva;2026-06-11;2026-08-10;2026-08-07;2;3;25.44;0.0;25.44;0.0;Recebido;0;Cartão de Crédito;Loja Física;CC-COMERCIAL;2026-06;VEN0783;Recebimento realizado dentro do prazo.
CR01357;VEN0856;CLI044;Igor Souza;2026-07-11;2026-08-10;2026-08-10;1;2;59.03;0.0;59.03;0.0;Recebido;0;Boleto;Loja Física;CC-COMERCIAL;2026-07;VEN0856;Recebimento realizado dentro do prazo.
CR01125;VEN0718;CLI073;Cláudia Gomes;2026-05-13;2026-08-11;2026-08-08;3;4;58.02;0.0;58.02;0.0;Recebido;0;Boleto;WhatsApp;CC-COMERCIAL;2026-05;VEN0718;Recebimento realizado dentro do prazo.
CR01130;VEN0720;CLI074;Camila Silva;2026-05-13;2026-08-11;;3;3;304.13;0.0;0.0;304.13;Em aberto;0;Cartão de Crédito;Loja Física;CC-COMERCIAL;2026-05;VEN0720;Título pendente de recebimento.
CR01133;VEN0721;CLI081;Leonardo Costa;2026-05-13;2026-08-11;2026-08-08;3;3;40.17;0.0;40.17;0.0;Recebido;0;PIX;Loja Física;CC-COMERCIAL;2026-05;VEN0721;Recebimento realizado dentro do prazo.
CR01359;VEN0857;CLI073;Cláudia Gomes;2026-07-12;2026-08-11;;1;4;149.32;0.0;0.0;149.32;Em atraso;1;Cartão de Crédito;E-commerce;CC-COMERCIAL;2026-07;VEN0857;Título pendente de recebimento.
CR01363;VEN0858;CLI002;Helena Souza;2026-07-12;2026-08-11;2026-08-10;1;1;124.41;0.0;124.41;0.0;Recebido;0;Boleto;E-commerce;CC-COMERCIAL;2026-07;VEN0858;Recebimento realizado dentro do prazo.
CR01136;VEN0722;CLI049;Vanessa Souza;2026-05-14;2026-08-12;;3;4;37.4;0.0;0.0;37.4;Em aberto;0;Cartão de Débito;Loja Física;CC-COMERCIAL;2026-05;VEN0722;Título pendente de recebimento.
CR01364;VEN0860;CLI020;Diego Almeida;2026-07-13;2026-08-12;;1;1;201.84;0.0;0.0;201.84;Em aberto;0;Boleto;Loja Física;CC-COMERCIAL;2026-07;VEN0860;Título pendente de recebimento.
CR01044;VEN0659;CLI086;Rafael Santos;2026-04-15;2026-08-13;;4;4;79.75;0.0;0.0;79.75;Em aberto;0;PIX;WhatsApp;CC-COMERCIAL;2026-04;VEN0659;Título pendente de recebimento.
CR01140;VEN0723;CLI053;Bianca Lima;2026-05-15;2026-08-13;2026-08-10;3;6;24.12;0.0;24.12;0.0;Recebido;0;Cartão de Crédito;E-commerce;CC-COMERCIAL;2026-05;VEN0723;Recebimento realizado dentro do prazo.
CR01146;VEN0724;CLI060;Gustavo Almeida;2026-05-15;2026-08-13;;3;3;267.22;0.0;0.0;267.22;Em atraso;1;Cartão de Débito;E-commerce;CC-COMERCIAL;2026-05;VEN0724;Título pendente de recebimento.
CR01149;VEN0725;CLI015;Patricia Silva;2026-05-15;2026-08-13;2026-08-12;3;4;56.27;0.0;56.27;0.0;Recebido;0;PIX;Loja Física;CC-COMERCIAL;2026-05;VEN0725;Recebimento realizado dentro do prazo.
CR01232;VEN0786;CLI049;Vanessa Souza;2026-06-14;2026-08-13;2026-08-11;2;6;37.01;0.0;37.01;0.0;Recebido;0;Cartão de Crédito;Loja Física;CC-COMERCIAL;2026-06;VEN0786;Recebimento realizado dentro do prazo.
CR01048;VEN0661;CLI074;Camila Silva;2026-04-16;2026-08-14;;4;4;14.33;0.0;0.0;14.33;Em aberto;0;Cartão de Débito;Loja Física;CC-COMERCIAL;2026-04;VEN0661;Título pendente de recebimento.
CR01153;VEN0727;CLI104;Helena Ribeiro;2026-05-16;2026-08-14;;3;3;74.01;0.0;0.0;74.01;Em aberto;0;Cartão de Crédito;Loja Física;CC-COMERCIAL;2026-05;VEN0727;Título pendente de recebimento.
CR01365;VEN0863;CLI047;Carolina Costa;2026-07-15;2026-08-14;;1;6;112.55;0.0;0.0;112.55;Em aberto;0;PIX;E-commerce;CC-COMERCIAL;2026-07;VEN0863;Título pendente de recebimento.
CR01371;VEN0864;CLI008;Beatriz Santos;2026-07-15;2026-08-14;;1;4;58.46;0.0;0.0;58.46;Em aberto;0;PIX;WhatsApp;CC-COMERCIAL;2026-07;VEN0864;Título pendente de recebimento.
CR00957;VEN0596;CLI060;Gustavo Almeida;2026-03-18;2026-08-15;;5;6;65.89;0.0;0.0;65.89;Em aberto;0;PIX;Loja Física;CC-COMERCIAL;2026-03;VEN0596;Título pendente de recebimento.
CR01157;VEN0730;CLI006;Thiago Ribeiro;2026-05-17;2026-08-15;;3;4;223.81;0.0;0.0;223.81;Em aberto;0;Cartão de Débito;Loja Física;CC-COMERCIAL;2026-05;VEN0730;Título pendente de recebimento.
CR01161;VEN0731;CLI092;Vinicius Silva;2026-05-17;2026-08-15;2026-08-15;3;4;54.12;0.0;54.12;0.0;Recebido;0;Cartão de Débito;E-commerce;CC-COMERCIAL;2026-05;VEN0731;Recebimento realizado dentro do prazo.
CR01242;VEN0797;CLI053;Bianca Lima;2026-06-16;2026-08-15;2026-08-13;2;6;50.69;0.0;50.69;0.0;Recebido;0;PIX;E-commerce;CC-COMERCIAL;2026-06;VEN0797;Recebimento realizado dentro do prazo.
CR01248;VEN0799;CLI114;Fábio Ribeiro;2026-06-16;2026-08-15;;2;2;116.05;0.0;0.0;116.05;Em aberto;0;PIX;E-commerce;CC-COMERCIAL;2026-06;VEN0799;Título pendente de recebimento.
CR01375;VEN0866;CLI052;Gustavo Costa;2026-07-16;2026-08-15;;1;2;184.54;0.0;0.0;184.54;Em aberto;0;Cartão de Débito;Loja Física;CC-COMERCIAL;2026-07;VEN0866;Título pendente de recebimento.
CR01250;VEN0800;CLI116;Caio Silva;2026-06-17;2026-08-16;;2;6;19.09;0.0;0.0;19.09;Em atraso;1;Cartão de Débito;WhatsApp;CC-COMERCIAL;2026-06;VEN0800;Título pendente de recebimento.
CR01256;VEN0801;CLI002;Helena Souza;2026-06-17;2026-08-16;;2;4;80.48;0.0;0.0;80.48;Em aberto;0;PIX;Loja Física;CC-COMERCIAL;2026-06;VEN0801;Título pendente de recebimento.
CR01377;VEN0867;CLI002;Helena Souza;2026-07-17;2026-08-16;;1;2;70.83;0.0;0.0;70.83;Em aberto;0;Cartão de Crédito;E-commerce;CC-COMERCIAL;2026-07;VEN0867;Título pendente de recebimento.
CR01379;VEN0868;CLI057;Rodrigo Silva;2026-07-17;2026-08-16;;1;1;711.0;0.0;0.0;711.0;Em aberto;0;Boleto;WhatsApp;CC-COMERCIAL;2026-07;VEN0868;Título pendente de recebimento.
CR01380;VEN0869;CLI101;Amanda Costa;2026-07-17;2026-08-16;;1;1;248.82;0.0;0.0;248.82;Em aberto;0;Cartão de Crédito;Loja Física;CC-COMERCIAL;2026-07;VEN0869;Título pendente de recebimento.
CR01260;VEN0802;CLI096;Beatriz Oliveira;2026-06-18;2026-08-17;2026-08-17;2;4;50.46;0.0;50.46;0.0;Recebido;0;Cartão de Crédito;E-commerce;CC-COMERCIAL;2026-06;VEN0802;Recebimento realizado dentro do prazo.
CR01381;VEN0870;CLI046;Diego Silva;2026-07-18;2026-08-17;;1;6;50.69;0.0;0.0;50.69;Em atraso;1;Cartão de Crédito;E-commerce;CC-COMERCIAL;2026-07;VEN0870;Título pendente de recebimento.
CR00856;VEN0535;CLI087;Thiago Lima;2026-02-19;2026-08-18;2026-08-16;6;6;36.52;0.0;36.52;0.0;Recebido;0;Cartão de Crédito;E-commerce;CC-COMERCIAL;2026-02;VEN0535;Recebimento realizado dentro do prazo.
CR00862;VEN0536;CLI056;Larissa Lima;2026-02-19;2026-08-18;;6;6;53.6;0.0;0.0;53.6;Em aberto;0;PIX;Loja Física;CC-COMERCIAL;2026-02;VEN0536;Título pendente de recebimento.
CR01266;VEN0807;CLI006;Thiago Ribeiro;2026-06-19;2026-08-18;2026-08-17;2;4;93.61;0.0;93.61;0.0;Recebido;0;Boleto;E-commerce;CC-COMERCIAL;2026-06;VEN0807;Recebimento realizado dentro do prazo.
CR01387;VEN0872;CLI112;Lucas Oliveira;2026-07-19;2026-08-18;;1;6;46.84;0.0;0.0;46.84;Em aberto;0;PIX;Loja Física;CC-COMERCIAL;2026-07;VEN0872;Título pendente de recebimento.
CR01393;VEN0875;CLI006;Thiago Ribeiro;2026-07-19;2026-08-18;;1;4;46.17;0.0;0.0;46.17;Em aberto;0;Boleto;WhatsApp;CC-COMERCIAL;2026-07;VEN0875;Título pendente de recebimento.
CR01397;VEN0876;CLI112;Lucas Oliveira;2026-07-19;2026-08-18;;1;1;588.94;0.0;0.0;588.94;Em aberto;0;Boleto;E-commerce;CC-COMERCIAL;2026-07;VEN0876;Título pendente de recebimento.
CR00977;VEN0605;CLI006;Thiago Ribeiro;2026-03-22;2026-08-19;2026-08-18;5;6;82.89;0.0;82.89;0.0;Recebido;0;Boleto;E-commerce;CC-COMERCIAL;2026-03;VEN0605;Recebimento realizado dentro do prazo.
CR01272;VEN0810;CLI031;Leonardo Souza;2026-06-20;2026-08-19;;2;4;38.03;0.0;0.0;38.03;Em aberto;0;Cartão de Débito;Loja Física;CC-COMERCIAL;2026-06;VEN0810;Título pendente de recebimento.
CR01276;VEN0811;CLI112;Lucas Oliveira;2026-06-20;2026-08-19;2026-08-16;2;4;283.61;0.0;283.61;0.0;Recebido;0;Boleto;E-commerce;CC-COMERCIAL;2026-06;VEN0811;Recebimento realizado dentro do prazo.
CR01398;VEN0877;CLI002;Helena Souza;2026-07-20;2026-08-19;;1;4;36.27;0.0;0.0;36.27;Em aberto;0;PIX;Loja Física;CC-COMERCIAL;2026-07;VEN0877;Título pendente de recebimento.
CR01402;VEN0878;CLI052;Gustavo Costa;2026-07-20;2026-08-19;;1;1;373.62;0.0;0.0;373.62;Em atraso;1;Boleto;WhatsApp;CC-COMERCIAL;2026-07;VEN0878;Título pendente de recebimento.
CR01403;VEN0879;CLI088;Larissa Ribeiro;2026-07-20;2026-08-19;;1;3;93.67;0.0;0.0;93.67;Em aberto;0;Boleto;WhatsApp;CC-COMERCIAL;2026-07;VEN0879;Título pendente de recebimento.
CR01406;VEN0880;CLI021;Henrique Santos;2026-07-21;2026-08-20;;1;1;145.08;0.0;0.0;145.08;Em aberto;0;Boleto;E-commerce;CC-COMERCIAL;2026-07;VEN0880;Título pendente de recebimento.
CR01407;VEN0881;CLI006;Thiago Ribeiro;2026-07-22;2026-08-21;2026-08-20;1;1;239.77;0.0;239.77;0.0;Recebido;0;Cartão de Crédito;Loja Física;CC-COMERCIAL;2026-07;VEN0881;Recebimento realizado dentro do prazo.
CR01408;VEN0882;CLI112;Lucas Oliveira;2026-07-22;2026-08-21;2026-08-21;1;6;61.01;0.0;61.01;0.0;Recebido;0;PIX;Loja Física;CC-COMERCIAL;2026-07;VEN0882;Recebimento realizado dentro do prazo.
CR01282;VEN0816;CLI046;Diego Silva;2026-06-23;2026-08-22;;2;4;105.08;0.0;0.0;105.08;Em aberto;0;Cartão de Débito;Loja Física;CC-COMERCIAL;2026-06;VEN0816;Título pendente de recebimento.
CR01073;VEN0682;CLI023;Rafael Gomes;2026-04-25;2026-08-23;;4;4;44.74;0.0;0.0;44.74;Em aberto;0;Cartão de Débito;Loja Física;CC-COMERCIAL;2026-04;VEN0682;Título pendente de recebimento.
CR01176;VEN0748;CLI013;Aline Ribeiro;2026-05-25;2026-08-23;2026-08-21;3;4;182.69;0.0;182.69;0.0;Recebido;0;Cartão de Débito;E-commerce;CC-COMERCIAL;2026-05;VEN0748;Recebimento realizado dentro do prazo.
CR01180;VEN0749;CLI101;Amanda Costa;2026-05-25;2026-08-23;;3;4;300.63;0.0;0.0;300.63;Em aberto;0;Cartão de Crédito;Loja Física;CC-COMERCIAL;2026-05;VEN0749;Título pendente de recebimento.
CR01286;VEN0819;CLI085;Natália Gomes;2026-06-24;2026-08-23;;2;6;25.14;0.0;0.0;25.14;Em aberto;0;Boleto;WhatsApp;CC-COMERCIAL;2026-06;VEN0819;Título pendente de recebimento.
CR01292;VEN0820;CLI030;Renata Ribeiro;2026-06-24;2026-08-23;;2;4;294.47;0.0;0.0;294.47;Em aberto;0;PIX;Loja Física;CC-COMERCIAL;2026-06;VEN0820;Título pendente de recebimento.
CR01414;VEN0883;CLI061;Camila Almeida;2026-07-24;2026-08-23;2026-08-21;1;3;155.29;0.0;155.29;0.0;Recebido;0;PIX;E-commerce;CC-COMERCIAL;2026-07;VEN0883;Recebimento realizado dentro do prazo.
CR01077;VEN0683;CLI042;Gustavo Costa;2026-04-26;2026-08-24;;4;6;68.2;0.0;0.0;68.2;Em aberto;0;PIX;Loja Física;CC-COMERCIAL;2026-04;VEN0683;Título pendente de recebimento.
CR01417;VEN0885;CLI021;Henrique Santos;2026-07-25;2026-08-24;;1;1;298.41;0.0;0.0;298.41;Em aberto;0;Boleto;E-commerce;CC-COMERCIAL;2026-07;VEN0885;Título pendente de recebimento.
CR01083;VEN0684;CLI047;Carolina Costa;2026-04-27;2026-08-25;2026-08-25;4;4;156.73;0.0;156.73;0.0;Recebido;0;Boleto;Loja Física;CC-COMERCIAL;2026-04;VEN0684;Recebimento realizado dentro do prazo.
CR01418;VEN0886;CLI037;Eduardo Silva;2026-07-26;2026-08-25;2026-08-24;1;2;224.54;0.0;224.54;0.0;Recebido;0;Boleto;Loja Física;CC-COMERCIAL;2026-07;VEN0886;Recebimento realizado dentro do prazo.
CR01420;VEN0887;CLI006;Thiago Ribeiro;2026-07-26;2026-08-25;;1;6;22.88;0.0;0.0;22.88;Em atraso;1;Cartão de Débito;Loja Física;CC-COMERCIAL;2026-07;VEN0887;Título pendente de recebimento.
CR01426;VEN0889;CLI043;Natália Almeida;2026-07-26;2026-08-25;;1;1;373.62;0.0;0.0;373.62;Em aberto;0;Cartão de Débito;Loja Física;CC-COMERCIAL;2026-07;VEN0889;Título pendente de recebimento.
CR01427;VEN0890;CLI044;Igor Souza;2026-07-26;2026-08-25;2026-08-23;1;1;801.68;0.0;801.68;0.0;Recebido;0;Cartão de Crédito;Loja Física;CC-COMERCIAL;2026-07;VEN0890;Recebimento realizado dentro do prazo.
CR01087;VEN0686;CLI069;Leonardo Ferreira;2026-04-28;2026-08-26;2026-08-26;4;6;53.66;0.0;53.66;0.0;Recebido;0;PIX;E-commerce;CC-COMERCIAL;2026-04;VEN0686;Recebimento realizado dentro do prazo.
CR01428;VEN0891;CLI098;Sofia Ribeiro;2026-07-27;2026-08-26;;1;3;249.61;0.0;0.0;249.61;Em aberto;0;Cartão de Crédito;E-commerce;CC-COMERCIAL;2026-07;VEN0891;Título pendente de recebimento.
CR01431;VEN0892;CLI082;Lucas Ribeiro;2026-07-27;2026-08-26;;1;1;175.88;0.0;0.0;175.88;Em aberto;0;Boleto;WhatsApp;CC-COMERCIAL;2026-07;VEN0892;Título pendente de recebimento.
CR01432;VEN0893;CLI073;Cláudia Gomes;2026-07-27;2026-08-26;2026-08-25;1;3;69.36;0.0;69.36;0.0;Recebido;0;Cartão de Crédito;E-commerce;CC-COMERCIAL;2026-07;VEN0893;Recebimento realizado dentro do prazo.
CR01187;VEN0753;CLI002;Helena Souza;2026-05-29;2026-08-27;2026-08-26;3;6;47.27;0.0;47.27;0.0;Recebido;0;Cartão de Débito;E-commerce;CC-COMERCIAL;2026-05;VEN0753;Recebimento realizado dentro do prazo.
CR01298;VEN0826;CLI023;Rafael Gomes;2026-06-28;2026-08-27;;2;6;101.38;0.0;0.0;101.38;Em aberto;0;PIX;Loja Física;CC-COMERCIAL;2026-06;VEN0826;Título pendente de recebimento.
CR01435;VEN0895;CLI112;Lucas Oliveira;2026-07-28;2026-08-27;;1;4;39.88;0.0;0.0;39.88;Em aberto;0;Boleto;E-commerce;CC-COMERCIAL;2026-07;VEN0895;Título pendente de recebimento.
CR01439;VEN0896;CLI043;Natália Almeida;2026-07-28;2026-08-27;;1;1;354.94;0.0;0.0;354.94;Em aberto;0;PIX;WhatsApp;CC-COMERCIAL;2026-07;VEN0896;Título pendente de recebimento.
CR01440;VEN0897;CLI101;Amanda Costa;2026-07-28;2026-08-27;2026-08-24;1;4;60.26;0.0;60.26;0.0;Recebido;0;Boleto;Loja Física;CC-COMERCIAL;2026-07;VEN0897;Recebimento realizado dentro do prazo.
CR01444;VEN0898;CLI073;Cláudia Gomes;2026-07-28;2026-08-27;2026-08-26;1;2;164.26;0.0;164.26;0.0;Recebido;0;PIX;Loja Física;CC-COMERCIAL;2026-07;VEN0898;Recebimento realizado dentro do prazo.
CR01195;VEN0758;CLI002;Helena Souza;2026-05-31;2026-08-29;;3;3;195.48;0.0;0.0;195.48;Em atraso;1;Cartão de Débito;E-commerce;CC-COMERCIAL;2026-05;VEN0758;Título pendente de recebimento.
CR01306;VEN0830;CLI042;Gustavo Costa;2026-06-30;2026-08-29;;2;2;158.79;0.0;0.0;158.79;Em atraso;1;Cartão de Débito;Loja Física;CC-COMERCIAL;2026-06;VEN0830;Título pendente de recebimento.
CR01203;VEN0764;CLI098;Sofia Ribeiro;2026-06-01;2026-08-30;2026-08-27;3;4;73.35;0.0;73.35;0.0;Recebido;0;Cartão de Débito;WhatsApp;CC-COMERCIAL;2026-06;VEN0764;Recebimento realizado dentro do prazo.
CR01308;VEN0831;CLI066;Amanda Silva;2026-07-01;2026-08-30;;2;4;152.06;0.0;0.0;152.06;Em atraso;1;PIX;E-commerce;CC-COMERCIAL;2026-07;VEN0831;Título pendente de recebimento.
CR01446;VEN0900;CLI116;Caio Silva;2026-07-31;2026-08-30;;1;6;42.86;0.0;0.0;42.86;Em aberto;0;Boleto;E-commerce;CC-COMERCIAL;2026-07;VEN0900;Título pendente de recebimento.
CR01314;VEN0836;CLI046;Diego Silva;2026-07-02;2026-08-31;;2;4;56.27;0.0;0.0;56.27;Em aberto;0;Boleto;Loja Física;CC-COMERCIAL;2026-07;VEN0836;Título pendente de recebimento.
CR00899;VEN0562;CLI114;Fábio Ribeiro;2026-03-05;2026-09-01;;6;6;38.99;0.0;0.0;38.99;Em atraso;1;Cartão de Débito;Loja Física;CC-COMERCIAL;2026-03;VEN0562;Título pendente de recebimento.
CR00905;VEN0563;CLI028;Natália Silva;2026-03-05;2026-09-01;2026-08-29;6;6;96.49;0.0;96.49;0.0;Recebido;0;Cartão de Débito;Loja Física;CC-COMERCIAL;2026-03;VEN0563;Recebimento realizado dentro do prazo.
CR01209;VEN0769;CLI065;Carlos Silva;2026-06-03;2026-09-01;;3;3;70.06;0.0;0.0;70.06;Em aberto;0;Cartão de Débito;E-commerce;CC-COMERCIAL;2026-06;VEN0769;Título pendente de recebimento.
CR01320;VEN0840;CLI073;Cláudia Gomes;2026-07-04;2026-09-02;;2;2;275.65;0.0;0.0;275.65;Em atraso;1;Boleto;E-commerce;CC-COMERCIAL;2026-07;VEN0840;Título pendente de recebimento.
CR01013;VEN0637;CLI065;Carlos Silva;2026-04-06;2026-09-03;;5;6;26.81;0.0;0.0;26.81;Em atraso;1;Cartão de Débito;Loja Física;CC-COMERCIAL;2026-04;VEN0637;Título pendente de recebimento.
CR01322;VEN0841;CLI043;Natália Almeida;2026-07-05;2026-09-03;2026-08-31;2;6;53.63;0.0;53.63;0.0;Recebido;0;Boleto;E-commerce;CC-COMERCIAL;2026-07;VEN0841;Recebimento realizado dentro do prazo.
CR01107;VEN0704;CLI104;Helena Ribeiro;2026-05-07;2026-09-04;;4;6;37.52;0.0;0.0;37.52;Em atraso;1;PIX;Loja Física;CC-COMERCIAL;2026-05;VEN0704;Título pendente de recebimento.
CR01328;VEN0842;CLI081;Leonardo Costa;2026-07-06;2026-09-04;2026-09-04;2;3;53.38;0.0;53.38;0.0;Recebido;0;Cartão de Crédito;E-commerce;CC-COMERCIAL;2026-07;VEN0842;Recebimento realizado dentro do prazo.
CR01331;VEN0843;CLI112;Lucas Oliveira;2026-07-06;2026-09-04;2026-09-02;2;4;32.3;0.0;32.3;0.0;Recebido;0;Cartão de Crédito;Loja Física;CC-COMERCIAL;2026-07;VEN0843;Recebimento realizado dentro do prazo.
CR01335;VEN0844;CLI116;Caio Silva;2026-07-06;2026-09-04;;2;4;96.15;0.0;0.0;96.15;Em aberto;0;Cartão de Débito;WhatsApp;CC-COMERCIAL;2026-07;VEN0844;Título pendente de recebimento.
CR01215;VEN0775;CLI046;Diego Silva;2026-06-07;2026-09-05;;3;3;172.09;0.0;0.0;172.09;Em atraso;1;PIX;Loja Física;CC-COMERCIAL;2026-06;VEN0775;Título pendente de recebimento.
CR01218;VEN0776;CLI053;Bianca Lima;2026-06-07;2026-09-05;2026-09-05;3;3;67.92;0.0;67.92;0.0;Recebido;0;Cartão de Débito;E-commerce;CC-COMERCIAL;2026-06;VEN0776;Recebimento realizado dentro do prazo.
CR01339;VEN0845;CLI068;Larissa Ribeiro;2026-07-07;2026-09-05;2026-09-02;2;2;140.51;0.0;140.51;0.0;Recebido;0;Cartão de Crédito;Loja Física;CC-COMERCIAL;2026-07;VEN0845;Recebimento realizado dentro do prazo.
CR01341;VEN0846;CLI006;Thiago Ribeiro;2026-07-07;2026-09-05;2026-09-04;2;6;17.04;0.0;17.04;0.0;Recebido;0;Cartão de Débito;Loja Física;CC-COMERCIAL;2026-07;VEN0846;Recebimento realizado dentro do prazo.
CR01221;VEN0777;CLI013;Aline Ribeiro;2026-06-09;2026-09-07;2026-09-07;3;3;96.72;0.0;96.72;0.0;Recebido;0;Cartão de Crédito;Loja Física;CC-COMERCIAL;2026-06;VEN0777;Recebimento realizado dentro do prazo.
CR01348;VEN0848;CLI114;Fábio Ribeiro;2026-07-09;2026-09-07;2026-09-06;2;2;186.81;0.0;186.81;0.0;Recebido;0;Cartão de Crédito;Loja Física;CC-COMERCIAL;2026-07;VEN0848;Recebimento realizado dentro do prazo.
CR01350;VEN0849;CLI081;Leonardo Costa;2026-07-09;2026-09-07;;2;2;88.88;0.0;0.0;88.88;Em aberto;0;PIX;Loja Física;CC-COMERCIAL;2026-07;VEN0849;Título pendente de recebimento.
CR01352;VEN0850;CLI035;Amanda Ferreira;2026-07-09;2026-09-07;2026-09-04;2;4;38.59;0.0;38.59;0.0;Recebido;0;Boleto;E-commerce;CC-COMERCIAL;2026-07;VEN0850;Recebimento realizado dentro do prazo.
CR01031;VEN0650;CLI015;Patricia Silva;2026-04-11;2026-09-08;;5;6;72.16;0.0;0.0;72.16;Em atraso;1;Boleto;Loja Física;CC-COMERCIAL;2026-04;VEN0650;Título pendente de recebimento.
CR01119;VEN0715;CLI112;Lucas Oliveira;2026-05-12;2026-09-09;;4;4;55.13;0.0;0.0;55.13;Em aberto;0;PIX;Loja Física;CC-COMERCIAL;2026-05;VEN0715;Título pendente de recebimento.
CR01229;VEN0783;CLI046;Diego Silva;2026-06-11;2026-09-09;;3;3;25.44;0.0;0.0;25.44;Em aberto;0;Cartão de Crédito;Loja Física;CC-COMERCIAL;2026-06;VEN0783;Título pendente de recebimento.
CR01358;VEN0856;CLI044;Igor Souza;2026-07-11;2026-09-09;;2;2;59.03;0.0;0.0;59.03;Em aberto;0;Boleto;Loja Física;CC-COMERCIAL;2026-07;VEN0856;Título pendente de recebimento.
CR01126;VEN0718;CLI073;Cláudia Gomes;2026-05-13;2026-09-10;2026-09-08;4;4;58.04;0.0;58.04;0.0;Recebido;0;Boleto;WhatsApp;CC-COMERCIAL;2026-05;VEN0718;Recebimento realizado dentro do prazo.
CR01360;VEN0857;CLI073;Cláudia Gomes;2026-07-12;2026-09-10;;2;4;149.32;0.0;0.0;149.32;Em aberto;0;Cartão de Crédito;E-commerce;CC-COMERCIAL;2026-07;VEN0857;Título pendente de recebimento.
CR01137;VEN0722;CLI049;Vanessa Souza;2026-05-14;2026-09-11;;4;4;37.4;0.0;0.0;37.4;Em aberto;0;Cartão de Débito;Loja Física;CC-COMERCIAL;2026-05;VEN0722;Título pendente de recebimento.
CR01141;VEN0723;CLI053;Bianca Lima;2026-05-15;2026-09-12;2026-09-11;4;6;24.12;0.0;24.12;0.0;Recebido;0;Cartão de Crédito;E-commerce;CC-COMERCIAL;2026-05;VEN0723;Recebimento realizado dentro do prazo.
CR01150;VEN0725;CLI015;Patricia Silva;2026-05-15;2026-09-12;2026-09-12;4;4;56.29;0.0;56.29;0.0;Recebido;0;PIX;Loja Física;CC-COMERCIAL;2026-05;VEN0725;Recebimento realizado dentro do prazo.
CR01233;VEN0786;CLI049;Vanessa Souza;2026-06-14;2026-09-12;2026-09-09;3;6;37.01;0.0;37.01;0.0;Recebido;0;Cartão de Crédito;Loja Física;CC-COMERCIAL;2026-06;VEN0786;Recebimento realizado dentro do prazo.
CR01366;VEN0863;CLI047;Carolina Costa;2026-07-15;2026-09-13;2026-09-11;2;6;112.55;0.0;112.55;0.0;Recebido;0;PIX;E-commerce;CC-COMERCIAL;2026-07;VEN0863;Recebimento realizado dentro do prazo.
CR01372;VEN0864;CLI008;Beatriz Santos;2026-07-15;2026-09-13;2026-09-12;2;4;58.46;0.0;58.46;0.0;Recebido;0;PIX;WhatsApp;CC-COMERCIAL;2026-07;VEN0864;Recebimento realizado dentro do prazo.
CR00958;VEN0596;CLI060;Gustavo Almeida;2026-03-18;2026-09-14;;6;6;65.88;0.0;0.0;65.88;Em aberto;0;PIX;Loja Física;CC-COMERCIAL;2026-03;VEN0596;Título pendente de recebimento.
CR01158;VEN0730;CLI006;Thiago Ribeiro;2026-05-17;2026-09-14;;4;4;223.8;0.0;0.0;223.8;Em aberto;0;Cartão de Débito;Loja Física;CC-COMERCIAL;2026-05;VEN0730;Título pendente de recebimento.
CR01162;VEN0731;CLI092;Vinicius Silva;2026-05-17;2026-09-14;2026-09-12;4;4;54.12;0.0;54.12;0.0;Recebido;0;Cartão de Débito;E-commerce;CC-COMERCIAL;2026-05;VEN0731;Recebimento realizado dentro do prazo.
CR01243;VEN0797;CLI053;Bianca Lima;2026-06-16;2026-09-14;;3;6;50.69;0.0;0.0;50.69;Em aberto;0;PIX;E-commerce;CC-COMERCIAL;2026-06;VEN0797;Título pendente de recebimento.
CR01376;VEN0866;CLI052;Gustavo Costa;2026-07-16;2026-09-14;2026-09-11;2;2;184.55;0.0;184.55;0.0;Recebido;0;Cartão de Débito;Loja Física;CC-COMERCIAL;2026-07;VEN0866;Recebimento realizado dentro do prazo.
CR01251;VEN0800;CLI116;Caio Silva;2026-06-17;2026-09-15;;3;6;19.09;0.0;0.0;19.09;Em aberto;0;Cartão de Débito;WhatsApp;CC-COMERCIAL;2026-06;VEN0800;Título pendente de recebimento.
CR01257;VEN0801;CLI002;Helena Souza;2026-06-17;2026-09-15;2026-09-15;3;4;80.48;0.0;80.48;0.0;Recebido;0;PIX;Loja Física;CC-COMERCIAL;2026-06;VEN0801;Recebimento realizado dentro do prazo.
CR01378;VEN0867;CLI002;Helena Souza;2026-07-17;2026-09-15;2026-09-14;2;2;70.82;0.0;70.82;0.0;Recebido;0;Cartão de Crédito;E-commerce;CC-COMERCIAL;2026-07;VEN0867;Recebimento realizado dentro do prazo.
CR01261;VEN0802;CLI096;Beatriz Oliveira;2026-06-18;2026-09-16;;3;4;50.46;0.0;0.0;50.46;Em aberto;0;Cartão de Crédito;E-commerce;CC-COMERCIAL;2026-06;VEN0802;Título pendente de recebimento.
CR01382;VEN0870;CLI046;Diego Silva;2026-07-18;2026-09-16;2026-09-14;2;6;50.69;0.0;50.69;0.0;Recebido;0;Cartão de Crédito;E-commerce;CC-COMERCIAL;2026-07;VEN0870;Recebimento realizado dentro do prazo.
CR01267;VEN0807;CLI006;Thiago Ribeiro;2026-06-19;2026-09-17;;3;4;93.61;0.0;0.0;93.61;Em atraso;1;Boleto;E-commerce;CC-COMERCIAL;2026-06;VEN0807;Título pendente de recebimento.
CR01388;VEN0872;CLI112;Lucas Oliveira;2026-07-19;2026-09-17;2026-09-16;2;6;46.84;0.0;46.84;0.0;Recebido;0;PIX;Loja Física;CC-COMERCIAL;2026-07;VEN0872;Recebimento realizado dentro do prazo.
CR01394;VEN0875;CLI006;Thiago Ribeiro;2026-07-19;2026-09-17;2026-09-14;2;4;46.17;0.0;46.17;0.0;Recebido;0;Boleto;WhatsApp;CC-COMERCIAL;2026-07;VEN0875;Recebimento realizado dentro do prazo.
CR00978;VEN0605;CLI006;Thiago Ribeiro;2026-03-22;2026-09-18;;6;6;82.86;0.0;0.0;82.86;Em aberto;0;Boleto;E-commerce;CC-COMERCIAL;2026-03;VEN0605;Título pendente de recebimento.
CR01273;VEN0810;CLI031;Leonardo Souza;2026-06-20;2026-09-18;;3;4;38.03;0.0;0.0;38.03;Em aberto;0;Cartão de Débito;Loja Física;CC-COMERCIAL;2026-06;VEN0810;Título pendente de recebimento.
CR01277;VEN0811;CLI112;Lucas Oliveira;2026-06-20;2026-09-18;2026-09-17;3;4;283.61;0.0;283.61;0.0;Recebido;0;Boleto;E-commerce;CC-COMERCIAL;2026-06;VEN0811;Recebimento realizado dentro do prazo.
CR01399;VEN0877;CLI002;Helena Souza;2026-07-20;2026-09-18;2026-09-18;2;4;36.27;0.0;36.27;0.0;Recebido;0;PIX;Loja Física;CC-COMERCIAL;2026-07;VEN0877;Recebimento realizado dentro do prazo.
CR01404;VEN0879;CLI088;Larissa Ribeiro;2026-07-20;2026-09-18;;2;3;93.67;0.0;0.0;93.67;Em atraso;1;Boleto;WhatsApp;CC-COMERCIAL;2026-07;VEN0879;Título pendente de recebimento.
CR01409;VEN0882;CLI112;Lucas Oliveira;2026-07-22;2026-09-20;2026-09-17;2;6;61.01;0.0;61.01;0.0;Recebido;0;PIX;Loja Física;CC-COMERCIAL;2026-07;VEN0882;Recebimento realizado dentro do prazo.
CR01283;VEN0816;CLI046;Diego Silva;2026-06-23;2026-09-21;;3;4;105.08;0.0;0.0;105.08;Em aberto;0;Cartão de Débito;Loja Física;CC-COMERCIAL;2026-06;VEN0816;Título pendente de recebimento.
CR01177;VEN0748;CLI013;Aline Ribeiro;2026-05-25;2026-09-22;;4;4;182.69;0.0;0.0;182.69;Em aberto;0;Cartão de Débito;E-commerce;CC-COMERCIAL;2026-05;VEN0748;Título pendente de recebimento.
CR01181;VEN0749;CLI101;Amanda Costa;2026-05-25;2026-09-22;2026-09-21;4;4;300.63;0.0;300.63;0.0;Recebido;0;Cartão de Crédito;Loja Física;CC-COMERCIAL;2026-05;VEN0749;Recebimento realizado dentro do prazo.
CR01287;VEN0819;CLI085;Natália Gomes;2026-06-24;2026-09-22;;3;6;25.14;0.0;0.0;25.14;Em aberto;0;Boleto;WhatsApp;CC-COMERCIAL;2026-06;VEN0819;Título pendente de recebimento.
CR01293;VEN0820;CLI030;Renata Ribeiro;2026-06-24;2026-09-22;2026-09-19;3;4;294.47;0.0;294.47;0.0;Recebido;0;PIX;Loja Física;CC-COMERCIAL;2026-06;VEN0820;Recebimento realizado dentro do prazo.
CR01415;VEN0883;CLI061;Camila Almeida;2026-07-24;2026-09-22;;2;3;155.29;0.0;0.0;155.29;Em aberto;0;PIX;E-commerce;CC-COMERCIAL;2026-07;VEN0883;Título pendente de recebimento.
CR01078;VEN0683;CLI042;Gustavo Costa;2026-04-26;2026-09-23;;5;6;68.2;0.0;0.0;68.2;Em aberto;0;PIX;Loja Física;CC-COMERCIAL;2026-04;VEN0683;Título pendente de recebimento.
CR01419;VEN0886;CLI037;Eduardo Silva;2026-07-26;2026-09-24;;2;2;224.55;0.0;0.0;224.55;Em aberto;0;Boleto;Loja Física;CC-COMERCIAL;2026-07;VEN0886;Título pendente de recebimento.
CR01421;VEN0887;CLI006;Thiago Ribeiro;2026-07-26;2026-09-24;;2;6;22.88;0.0;0.0;22.88;Em aberto;0;Cartão de Débito;Loja Física;CC-COMERCIAL;2026-07;VEN0887;Título pendente de recebimento.
CR01088;VEN0686;CLI069;Leonardo Ferreira;2026-04-28;2026-09-25;2026-09-25;5;6;53.66;0.0;53.66;0.0;Recebido;0;PIX;E-commerce;CC-COMERCIAL;2026-04;VEN0686;Recebimento realizado dentro do prazo.
CR01429;VEN0891;CLI098;Sofia Ribeiro;2026-07-27;2026-09-25;;2;3;249.61;0.0;0.0;249.61;Em aberto;0;Cartão de Crédito;E-commerce;CC-COMERCIAL;2026-07;VEN0891;Título pendente de recebimento.
CR01433;VEN0893;CLI073;Cláudia Gomes;2026-07-27;2026-09-25;2026-09-25;2;3;69.36;0.0;69.36;0.0;Recebido;0;Cartão de Crédito;E-commerce;CC-COMERCIAL;2026-07;VEN0893;Recebimento realizado dentro do prazo.
CR01188;VEN0753;CLI002;Helena Souza;2026-05-29;2026-09-26;;4;6;47.27;0.0;0.0;47.27;Em aberto;0;Cartão de Débito;E-commerce;CC-COMERCIAL;2026-05;VEN0753;Título pendente de recebimento.
CR01299;VEN0826;CLI023;Rafael Gomes;2026-06-28;2026-09-26;;3;6;101.38;0.0;0.0;101.38;Em aberto;0;PIX;Loja Física;CC-COMERCIAL;2026-06;VEN0826;Título pendente de recebimento.
CR01436;VEN0895;CLI112;Lucas Oliveira;2026-07-28;2026-09-26;;2;4;39.88;0.0;0.0;39.88;Em aberto;0;Boleto;E-commerce;CC-COMERCIAL;2026-07;VEN0895;Título pendente de recebimento.
CR01441;VEN0897;CLI101;Amanda Costa;2026-07-28;2026-09-26;;2;4;60.26;0.0;0.0;60.26;Em aberto;0;Boleto;Loja Física;CC-COMERCIAL;2026-07;VEN0897;Título pendente de recebimento.
CR01445;VEN0898;CLI073;Cláudia Gomes;2026-07-28;2026-09-26;2026-09-24;2;2;164.27;0.0;164.27;0.0;Recebido;0;PIX;Loja Física;CC-COMERCIAL;2026-07;VEN0898;Recebimento realizado dentro do prazo.
CR01204;VEN0764;CLI098;Sofia Ribeiro;2026-06-01;2026-09-29;;4;4;73.34;0.0;0.0;73.34;Em aberto;0;Cartão de Débito;WhatsApp;CC-COMERCIAL;2026-06;VEN0764;Título pendente de recebimento.
CR01309;VEN0831;CLI066;Amanda Silva;2026-07-01;2026-09-29;2026-09-28;3;4;152.06;0.0;152.06;0.0;Recebido;0;PIX;E-commerce;CC-COMERCIAL;2026-07;VEN0831;Recebimento realizado dentro do prazo.
CR01447;VEN0900;CLI116;Caio Silva;2026-07-31;2026-09-29;2026-09-28;2;6;42.86;0.0;42.86;0.0;Recebido;0;Boleto;E-commerce;CC-COMERCIAL;2026-07;VEN0900;Recebimento realizado dentro do prazo.
CR01315;VEN0836;CLI046;Diego Silva;2026-07-02;2026-09-30;;3;4;56.27;0.0;0.0;56.27;Em aberto;0;Boleto;Loja Física;CC-COMERCIAL;2026-07;VEN0836;Título pendente de recebimento.
CR01014;VEN0637;CLI065;Carlos Silva;2026-04-06;2026-10-03;2026-10-01;6;6;26.8;0.0;26.8;0.0;Recebido;0;Cartão de Débito;Loja Física;CC-COMERCIAL;2026-04;VEN0637;Recebimento realizado dentro do prazo.
CR01323;VEN0841;CLI043;Natália Almeida;2026-07-05;2026-10-03;2026-10-03;3;6;53.63;0.0;53.63;0.0;Recebido;0;Boleto;E-commerce;CC-COMERCIAL;2026-07;VEN0841;Recebimento realizado dentro do prazo.
CR01108;VEN0704;CLI104;Helena Ribeiro;2026-05-07;2026-10-04;2026-10-01;5;6;37.52;0.0;37.52;0.0;Recebido;0;PIX;Loja Física;CC-COMERCIAL;2026-05;VEN0704;Recebimento realizado dentro do prazo.
CR01329;VEN0842;CLI081;Leonardo Costa;2026-07-06;2026-10-04;;3;3;53.39;0.0;0.0;53.39;Em aberto;0;Cartão de Crédito;E-commerce;CC-COMERCIAL;2026-07;VEN0842;Título pendente de recebimento.
CR01332;VEN0843;CLI112;Lucas Oliveira;2026-07-06;2026-10-04;;3;4;32.3;0.0;0.0;32.3;Em aberto;0;Cartão de Crédito;Loja Física;CC-COMERCIAL;2026-07;VEN0843;Título pendente de recebimento.
CR01336;VEN0844;CLI116;Caio Silva;2026-07-06;2026-10-04;;3;4;96.15;0.0;0.0;96.15;Em aberto;0;Cartão de Débito;WhatsApp;CC-COMERCIAL;2026-07;VEN0844;Título pendente de recebimento.
CR01342;VEN0846;CLI006;Thiago Ribeiro;2026-07-07;2026-10-05;2026-10-03;3;6;17.04;0.0;17.04;0.0;Recebido;0;Cartão de Débito;Loja Física;CC-COMERCIAL;2026-07;VEN0846;Recebimento realizado dentro do prazo.
CR01353;VEN0850;CLI035;Amanda Ferreira;2026-07-09;2026-10-07;;3;4;38.59;0.0;0.0;38.59;Em aberto;0;Boleto;E-commerce;CC-COMERCIAL;2026-07;VEN0850;Título pendente de recebimento.
CR01032;VEN0650;CLI015;Patricia Silva;2026-04-11;2026-10-08;;6;6;72.16;0.0;0.0;72.16;Em aberto;0;Boleto;Loja Física;CC-COMERCIAL;2026-04;VEN0650;Título pendente de recebimento.
CR01361;VEN0857;CLI073;Cláudia Gomes;2026-07-12;2026-10-10;;3;4;149.32;0.0;0.0;149.32;Em aberto;0;Cartão de Crédito;E-commerce;CC-COMERCIAL;2026-07;VEN0857;Título pendente de recebimento.
CR01142;VEN0723;CLI053;Bianca Lima;2026-05-15;2026-10-12;2026-10-11;5;6;24.12;0.0;24.12;0.0;Recebido;0;Cartão de Crédito;E-commerce;CC-COMERCIAL;2026-05;VEN0723;Recebimento realizado dentro do prazo.
CR01234;VEN0786;CLI049;Vanessa Souza;2026-06-14;2026-10-12;2026-10-11;4;6;37.01;0.0;37.01;0.0;Recebido;0;Cartão de Crédito;Loja Física;CC-COMERCIAL;2026-06;VEN0786;Recebimento realizado dentro do prazo.
CR01367;VEN0863;CLI047;Carolina Costa;2026-07-15;2026-10-13;;3;6;112.55;0.0;0.0;112.55;Em aberto;0;PIX;E-commerce;CC-COMERCIAL;2026-07;VEN0863;Título pendente de recebimento.
CR01373;VEN0864;CLI008;Beatriz Santos;2026-07-15;2026-10-13;;3;4;58.46;0.0;0.0;58.46;Em aberto;0;PIX;WhatsApp;CC-COMERCIAL;2026-07;VEN0864;Título pendente de recebimento.
CR01244;VEN0797;CLI053;Bianca Lima;2026-06-16;2026-10-14;2026-10-12;4;6;50.69;0.0;50.69;0.0;Recebido;0;PIX;E-commerce;CC-COMERCIAL;2026-06;VEN0797;Recebimento realizado dentro do prazo.
CR01252;VEN0800;CLI116;Caio Silva;2026-06-17;2026-10-15;2026-10-13;4;6;19.09;0.0;19.09;0.0;Recebido;0;Cartão de Débito;WhatsApp;CC-COMERCIAL;2026-06;VEN0800;Recebimento realizado dentro do prazo.
CR01258;VEN0801;CLI002;Helena Souza;2026-06-17;2026-10-15;;4;4;80.5;0.0;0.0;80.5;Em aberto;0;PIX;Loja Física;CC-COMERCIAL;2026-06;VEN0801;Título pendente de recebimento.
CR01262;VEN0802;CLI096;Beatriz Oliveira;2026-06-18;2026-10-16;2026-10-16;4;4;50.46;0.0;50.46;0.0;Recebido;0;Cartão de Crédito;E-commerce;CC-COMERCIAL;2026-06;VEN0802;Recebimento realizado dentro do prazo.
CR01383;VEN0870;CLI046;Diego Silva;2026-07-18;2026-10-16;;3;6;50.69;0.0;0.0;50.69;Em aberto;0;Cartão de Crédito;E-commerce;CC-COMERCIAL;2026-07;VEN0870;Título pendente de recebimento.
CR01268;VEN0807;CLI006;Thiago Ribeiro;2026-06-19;2026-10-17;2026-10-16;4;4;93.59;0.0;93.59;0.0;Recebido;0;Boleto;E-commerce;CC-COMERCIAL;2026-06;VEN0807;Recebimento realizado dentro do prazo.
CR01389;VEN0872;CLI112;Lucas Oliveira;2026-07-19;2026-10-17;;3;6;46.84;0.0;0.0;46.84;Em atraso;1;PIX;Loja Física;CC-COMERCIAL;2026-07;VEN0872;Título pendente de recebimento.
CR01395;VEN0875;CLI006;Thiago Ribeiro;2026-07-19;2026-10-17;;3;4;46.17;0.0;0.0;46.17;Em atraso;1;Boleto;WhatsApp;CC-COMERCIAL;2026-07;VEN0875;Título pendente de recebimento.
CR01274;VEN0810;CLI031;Leonardo Souza;2026-06-20;2026-10-18;;4;4;38.05;0.0;0.0;38.05;Em aberto;0;Cartão de Débito;Loja Física;CC-COMERCIAL;2026-06;VEN0810;Título pendente de recebimento.
CR01278;VEN0811;CLI112;Lucas Oliveira;2026-06-20;2026-10-18;;4;4;283.61;0.0;0.0;283.61;Em aberto;0;Boleto;E-commerce;CC-COMERCIAL;2026-06;VEN0811;Título pendente de recebimento.
CR01400;VEN0877;CLI002;Helena Souza;2026-07-20;2026-10-18;;3;4;36.27;0.0;0.0;36.27;Em aberto;0;PIX;Loja Física;CC-COMERCIAL;2026-07;VEN0877;Título pendente de recebimento.
CR01405;VEN0879;CLI088;Larissa Ribeiro;2026-07-20;2026-10-18;;3;3;93.68;0.0;0.0;93.68;Em aberto;0;Boleto;WhatsApp;CC-COMERCIAL;2026-07;VEN0879;Título pendente de recebimento.
CR01410;VEN0882;CLI112;Lucas Oliveira;2026-07-22;2026-10-20;;3;6;61.01;0.0;0.0;61.01;Em aberto;0;PIX;Loja Física;CC-COMERCIAL;2026-07;VEN0882;Título pendente de recebimento.
CR01284;VEN0816;CLI046;Diego Silva;2026-06-23;2026-10-21;2026-10-19;4;4;105.08;0.0;105.08;0.0;Recebido;0;Cartão de Débito;Loja Física;CC-COMERCIAL;2026-06;VEN0816;Recebimento realizado dentro do prazo.
CR01288;VEN0819;CLI085;Natália Gomes;2026-06-24;2026-10-22;2026-10-20;4;6;25.14;0.0;25.14;0.0;Recebido;0;Boleto;WhatsApp;CC-COMERCIAL;2026-06;VEN0819;Recebimento realizado dentro do prazo.
CR01294;VEN0820;CLI030;Renata Ribeiro;2026-06-24;2026-10-22;;4;4;294.47;0.0;0.0;294.47;Em aberto;0;PIX;Loja Física;CC-COMERCIAL;2026-06;VEN0820;Título pendente de recebimento.
CR01416;VEN0883;CLI061;Camila Almeida;2026-07-24;2026-10-22;;3;3;155.28;0.0;0.0;155.28;Em atraso;1;PIX;E-commerce;CC-COMERCIAL;2026-07;VEN0883;Título pendente de recebimento.
CR01079;VEN0683;CLI042;Gustavo Costa;2026-04-26;2026-10-23;2026-10-22;6;6;68.2;0.0;68.2;0.0;Recebido;0;PIX;Loja Física;CC-COMERCIAL;2026-04;VEN0683;Recebimento realizado dentro do prazo.
CR01422;VEN0887;CLI006;Thiago Ribeiro;2026-07-26;2026-10-24;2026-10-24;3;6;22.88;0.0;22.88;0.0;Recebido;0;Cartão de Débito;Loja Física;CC-COMERCIAL;2026-07;VEN0887;Recebimento realizado dentro do prazo.
CR01089;VEN0686;CLI069;Leonardo Ferreira;2026-04-28;2026-10-25;;6;6;53.64;0.0;0.0;53.64;Em aberto;0;PIX;E-commerce;CC-COMERCIAL;2026-04;VEN0686;Título pendente de recebimento.
CR01430;VEN0891;CLI098;Sofia Ribeiro;2026-07-27;2026-10-25;2026-10-22;3;3;249.62;0.0;249.62;0.0;Recebido;0;Cartão de Crédito;E-commerce;CC-COMERCIAL;2026-07;VEN0891;Recebimento realizado dentro do prazo.
CR01434;VEN0893;CLI073;Cláudia Gomes;2026-07-27;2026-10-25;2026-10-23;3;3;69.35;0.0;69.35;0.0;Recebido;0;Cartão de Crédito;E-commerce;CC-COMERCIAL;2026-07;VEN0893;Recebimento realizado dentro do prazo.
CR01189;VEN0753;CLI002;Helena Souza;2026-05-29;2026-10-26;2026-10-23;5;6;47.27;0.0;47.27;0.0;Recebido;0;Cartão de Débito;E-commerce;CC-COMERCIAL;2026-05;VEN0753;Recebimento realizado dentro do prazo.
CR01300;VEN0826;CLI023;Rafael Gomes;2026-06-28;2026-10-26;;4;6;101.38;0.0;0.0;101.38;Em aberto;0;PIX;Loja Física;CC-COMERCIAL;2026-06;VEN0826;Título pendente de recebimento.
CR01437;VEN0895;CLI112;Lucas Oliveira;2026-07-28;2026-10-26;;3;4;39.88;0.0;0.0;39.88;Em aberto;0;Boleto;E-commerce;CC-COMERCIAL;2026-07;VEN0895;Título pendente de recebimento.
CR01442;VEN0897;CLI101;Amanda Costa;2026-07-28;2026-10-26;;3;4;60.26;0.0;0.0;60.26;Em aberto;0;Boleto;Loja Física;CC-COMERCIAL;2026-07;VEN0897;Título pendente de recebimento.
CR01310;VEN0831;CLI066;Amanda Silva;2026-07-01;2026-10-29;2026-10-27;4;4;152.08;0.0;152.08;0.0;Recebido;0;PIX;E-commerce;CC-COMERCIAL;2026-07;VEN0831;Recebimento realizado dentro do prazo.
CR01448;VEN0900;CLI116;Caio Silva;2026-07-31;2026-10-29;;3;6;42.86;0.0;0.0;42.86;Em atraso;1;Boleto;E-commerce;CC-COMERCIAL;2026-07;VEN0900;Título pendente de recebimento.
CR01316;VEN0836;CLI046;Diego Silva;2026-07-02;2026-10-30;2026-10-28;4;4;56.29;0.0;56.29;0.0;Recebido;0;Boleto;Loja Física;CC-COMERCIAL;2026-07;VEN0836;Recebimento realizado dentro do prazo.
CR01324;VEN0841;CLI043;Natália Almeida;2026-07-05;2026-11-02;2026-10-31;4;6;53.63;0.0;53.63;0.0;Recebido;0;Boleto;E-commerce;CC-COMERCIAL;2026-07;VEN0841;Recebimento realizado dentro do prazo.
CR01109;VEN0704;CLI104;Helena Ribeiro;2026-05-07;2026-11-03;;6;6;37.5;0.0;0.0;37.5;Em aberto;0;PIX;Loja Física;CC-COMERCIAL;2026-05;VEN0704;Título pendente de recebimento.
CR01333;VEN0843;CLI112;Lucas Oliveira;2026-07-06;2026-11-03;;4;4;32.32;0.0;0.0;32.32;Em atraso;1;Cartão de Crédito;Loja Física;CC-COMERCIAL;2026-07;VEN0843;Título pendente de recebimento.
CR01337;VEN0844;CLI116;Caio Silva;2026-07-06;2026-11-03;2026-11-02;4;4;96.16;0.0;96.16;0.0;Recebido;0;Cartão de Débito;WhatsApp;CC-COMERCIAL;2026-07;VEN0844;Recebimento realizado dentro do prazo.
CR01343;VEN0846;CLI006;Thiago Ribeiro;2026-07-07;2026-11-04;2026-11-02;4;6;17.04;0.0;17.04;0.0;Recebido;0;Cartão de Débito;Loja Física;CC-COMERCIAL;2026-07;VEN0846;Recebimento realizado dentro do prazo.
CR01354;VEN0850;CLI035;Amanda Ferreira;2026-07-09;2026-11-06;2026-11-03;4;4;38.57;0.0;38.57;0.0;Recebido;0;Boleto;E-commerce;CC-COMERCIAL;2026-07;VEN0850;Recebimento realizado dentro do prazo.
CR01362;VEN0857;CLI073;Cláudia Gomes;2026-07-12;2026-11-09;2026-11-08;4;4;149.32;0.0;149.32;0.0;Recebido;0;Cartão de Crédito;E-commerce;CC-COMERCIAL;2026-07;VEN0857;Recebimento realizado dentro do prazo.
CR01143;VEN0723;CLI053;Bianca Lima;2026-05-15;2026-11-11;;6;6;24.11;0.0;0.0;24.11;Em aberto;0;Cartão de Crédito;E-commerce;CC-COMERCIAL;2026-05;VEN0723;Título pendente de recebimento.
CR01235;VEN0786;CLI049;Vanessa Souza;2026-06-14;2026-11-11;;5;6;37.01;0.0;0.0;37.01;Em aberto;0;Cartão de Crédito;Loja Física;CC-COMERCIAL;2026-06;VEN0786;Título pendente de recebimento.
CR01368;VEN0863;CLI047;Carolina Costa;2026-07-15;2026-11-12;;4;6;112.55;0.0;0.0;112.55;Em atraso;1;PIX;E-commerce;CC-COMERCIAL;2026-07;VEN0863;Título pendente de recebimento.
CR01374;VEN0864;CLI008;Beatriz Santos;2026-07-15;2026-11-12;;4;4;58.46;0.0;0.0;58.46;Em aberto;0;PIX;WhatsApp;CC-COMERCIAL;2026-07;VEN0864;Título pendente de recebimento.
CR01245;VEN0797;CLI053;Bianca Lima;2026-06-16;2026-11-13;;5;6;50.69;0.0;0.0;50.69;Em aberto;0;PIX;E-commerce;CC-COMERCIAL;2026-06;VEN0797;Título pendente de recebimento.
CR01253;VEN0800;CLI116;Caio Silva;2026-06-17;2026-11-14;;5;6;19.09;0.0;0.0;19.09;Em aberto;0;Cartão de Débito;WhatsApp;CC-COMERCIAL;2026-06;VEN0800;Título pendente de recebimento.
CR01384;VEN0870;CLI046;Diego Silva;2026-07-18;2026-11-15;2026-11-12;4;6;50.69;0.0;50.69;0.0;Recebido;0;Cartão de Crédito;E-commerce;CC-COMERCIAL;2026-07;VEN0870;Recebimento realizado dentro do prazo.
CR01390;VEN0872;CLI112;Lucas Oliveira;2026-07-19;2026-11-16;2026-11-13;4;6;46.84;0.0;46.84;0.0;Recebido;0;PIX;Loja Física;CC-COMERCIAL;2026-07;VEN0872;Recebimento realizado dentro do prazo.
CR01396;VEN0875;CLI006;Thiago Ribeiro;2026-07-19;2026-11-16;;4;4;46.19;0.0;0.0;46.19;Em atraso;1;Boleto;WhatsApp;CC-COMERCIAL;2026-07;VEN0875;Título pendente de recebimento.
CR01401;VEN0877;CLI002;Helena Souza;2026-07-20;2026-11-17;2026-11-14;4;4;36.27;0.0;36.27;0.0;Recebido;0;PIX;Loja Física;CC-COMERCIAL;2026-07;VEN0877;Recebimento realizado dentro do prazo.
CR01411;VEN0882;CLI112;Lucas Oliveira;2026-07-22;2026-11-19;;4;6;61.01;0.0;0.0;61.01;Em aberto;0;PIX;Loja Física;CC-COMERCIAL;2026-07;VEN0882;Título pendente de recebimento.
CR01289;VEN0819;CLI085;Natália Gomes;2026-06-24;2026-11-21;2026-11-21;5;6;25.14;0.0;25.14;0.0;Recebido;0;Boleto;WhatsApp;CC-COMERCIAL;2026-06;VEN0819;Recebimento realizado dentro do prazo.
CR01423;VEN0887;CLI006;Thiago Ribeiro;2026-07-26;2026-11-23;2026-11-23;4;6;22.88;0.0;22.88;0.0;Recebido;0;Cartão de Débito;Loja Física;CC-COMERCIAL;2026-07;VEN0887;Recebimento realizado dentro do prazo.
CR01190;VEN0753;CLI002;Helena Souza;2026-05-29;2026-11-25;2026-11-25;6;6;47.26;0.0;47.26;0.0;Recebido;0;Cartão de Débito;E-commerce;CC-COMERCIAL;2026-05;VEN0753;Recebimento realizado dentro do prazo.
CR01301;VEN0826;CLI023;Rafael Gomes;2026-06-28;2026-11-25;;5;6;101.38;0.0;0.0;101.38;Em aberto;0;PIX;Loja Física;CC-COMERCIAL;2026-06;VEN0826;Título pendente de recebimento.
CR01438;VEN0895;CLI112;Lucas Oliveira;2026-07-28;2026-11-25;;4;4;39.89;0.0;0.0;39.89;Em aberto;0;Boleto;E-commerce;CC-COMERCIAL;2026-07;VEN0895;Título pendente de recebimento.
CR01443;VEN0897;CLI101;Amanda Costa;2026-07-28;2026-11-25;2026-11-23;4;4;60.24;0.0;60.24;0.0;Recebido;0;Boleto;Loja Física;CC-COMERCIAL;2026-07;VEN0897;Recebimento realizado dentro do prazo.
CR01449;VEN0900;CLI116;Caio Silva;2026-07-31;2026-11-28;2026-11-27;4;6;42.86;0.0;42.86;0.0;Recebido;0;Boleto;E-commerce;CC-COMERCIAL;2026-07;VEN0900;Recebimento realizado dentro do prazo.
CR01325;VEN0841;CLI043;Natália Almeida;2026-07-05;2026-12-02;;5;6;53.63;0.0;0.0;53.63;Em aberto;0;Boleto;E-commerce;CC-COMERCIAL;2026-07;VEN0841;Título pendente de recebimento.
CR01344;VEN0846;CLI006;Thiago Ribeiro;2026-07-07;2026-12-04;2026-12-02;5;6;17.04;0.0;17.04;0.0;Recebido;0;Cartão de Débito;Loja Física;CC-COMERCIAL;2026-07;VEN0846;Recebimento realizado dentro do prazo.
CR01236;VEN0786;CLI049;Vanessa Souza;2026-06-14;2026-12-11;;6;6;37.0;0.0;0.0;37.0;Em aberto;0;Cartão de Crédito;Loja Física;CC-COMERCIAL;2026-06;VEN0786;Título pendente de recebimento.
CR01369;VEN0863;CLI047;Carolina Costa;2026-07-15;2026-12-12;;5;6;112.55;0.0;0.0;112.55;Em aberto;0;PIX;E-commerce;CC-COMERCIAL;2026-07;VEN0863;Título pendente de recebimento.
CR01246;VEN0797;CLI053;Bianca Lima;2026-06-16;2026-12-13;2026-12-10;6;6;50.68;0.0;50.68;0.0;Recebido;0;PIX;E-commerce;CC-COMERCIAL;2026-06;VEN0797;Recebimento realizado dentro do prazo.
CR01254;VEN0800;CLI116;Caio Silva;2026-06-17;2026-12-14;2026-12-13;6;6;19.07;0.0;19.07;0.0;Recebido;0;Cartão de Débito;WhatsApp;CC-COMERCIAL;2026-06;VEN0800;Recebimento realizado dentro do prazo.
CR01385;VEN0870;CLI046;Diego Silva;2026-07-18;2026-12-15;2026-12-12;5;6;50.69;0.0;50.69;0.0;Recebido;0;Cartão de Crédito;E-commerce;CC-COMERCIAL;2026-07;VEN0870;Recebimento realizado dentro do prazo.
CR01391;VEN0872;CLI112;Lucas Oliveira;2026-07-19;2026-12-16;;5;6;46.84;0.0;0.0;46.84;Em aberto;0;PIX;Loja Física;CC-COMERCIAL;2026-07;VEN0872;Título pendente de recebimento.
CR01412;VEN0882;CLI112;Lucas Oliveira;2026-07-22;2026-12-19;2026-12-17;5;6;61.01;0.0;61.01;0.0;Recebido;0;PIX;Loja Física;CC-COMERCIAL;2026-07;VEN0882;Recebimento realizado dentro do prazo.
CR01290;VEN0819;CLI085;Natália Gomes;2026-06-24;2026-12-21;2026-12-19;6;6;25.15;0.0;25.15;0.0;Recebido;0;Boleto;WhatsApp;CC-COMERCIAL;2026-06;VEN0819;Recebimento realizado dentro do prazo.
CR01424;VEN0887;CLI006;Thiago Ribeiro;2026-07-26;2026-12-23;;5;6;22.88;0.0;0.0;22.88;Em aberto;0;Cartão de Débito;Loja Física;CC-COMERCIAL;2026-07;VEN0887;Título pendente de recebimento.
CR01302;VEN0826;CLI023;Rafael Gomes;2026-06-28;2026-12-25;;6;6;101.36;0.0;0.0;101.36;Em atraso;1;PIX;Loja Física;CC-COMERCIAL;2026-06;VEN0826;Título pendente de recebimento.
CR01450;VEN0900;CLI116;Caio Silva;2026-07-31;2026-12-28;2026-12-25;5;6;42.86;0.0;42.86;0.0;Recebido;0;Boleto;E-commerce;CC-COMERCIAL;2026-07;VEN0900;Recebimento realizado dentro do prazo.
CR01326;VEN0841;CLI043;Natália Almeida;2026-07-05;2027-01-01;;6;6;53.63;0.0;0.0;53.63;Em aberto;0;Boleto;E-commerce;CC-COMERCIAL;2026-07;VEN0841;Título pendente de recebimento.
CR01345;VEN0846;CLI006;Thiago Ribeiro;2026-07-07;2027-01-03;;6;6;17.01;0.0;0.0;17.01;Em atraso;1;Cartão de Débito;Loja Física;CC-COMERCIAL;2026-07;VEN0846;Título pendente de recebimento.
CR01370;VEN0863;CLI047;Carolina Costa;2026-07-15;2027-01-11;2027-01-11;6;6;112.55;0.0;112.55;0.0;Recebido;0;PIX;E-commerce;CC-COMERCIAL;2026-07;VEN0863;Recebimento realizado dentro do prazo.
CR01386;VEN0870;CLI046;Diego Silva;2026-07-18;2027-01-14;;6;6;50.68;0.0;0.0;50.68;Em aberto;0;Cartão de Crédito;E-commerce;CC-COMERCIAL;2026-07;VEN0870;Título pendente de recebimento.
CR01392;VEN0872;CLI112;Lucas Oliveira;2026-07-19;2027-01-15;;6;6;46.82;0.0;0.0;46.82;Em aberto;0;PIX;Loja Física;CC-COMERCIAL;2026-07;VEN0872;Título pendente de recebimento.
CR01413;VEN0882;CLI112;Lucas Oliveira;2026-07-22;2027-01-18;;6;6;61.0;0.0;0.0;61.0;Em aberto;0;PIX;Loja Física;CC-COMERCIAL;2026-07;VEN0882;Título pendente de recebimento.
CR01425;VEN0887;CLI006;Thiago Ribeiro;2026-07-26;2027-01-22;;6;6;22.87;0.0;0.0;22.87;Em aberto;0;Cartão de Débito;Loja Física;CC-COMERCIAL;2026-07;VEN0887;Título pendente de recebimento.
CR01451;VEN0900;CLI116;Caio Silva;2026-07-31;2027-01-27;;6;6;42.87;0.0;0.0;42.87;Em atraso;1;Boleto;E-commerce;CC-COMERCIAL;2026-07;VEN0900;Título pendente de recebimento.
